SET,SHRINE,ITEM,CLASS,SOURCE NAMED IN ARTICLE,P612 STAGED,STATUS,EVIDENCE (the sentence),FIX,NOTE
Beppyo,"=HYPERLINK(""https://ja.wikipedia.org/wiki/坐摩神社"",""坐摩神社"")","=HYPERLINK(""https://www.wikidata.org/wiki/Q11425667"",""Q11425667"")",NETWORK,宮中（神祇官西院）の坐摩神,,NEEDS WORK,,,
Beppyo,"=HYPERLINK(""https://ja.wikipedia.org/wiki/佐嘉神社"",""佐嘉神社"")","=HYPERLINK(""https://www.wikidata.org/wiki/Q11383096"",""Q11383096"")",TRANSFER,松原神社,,NEEDS WORK,,,
Beppyo,"=HYPERLINK(""https://ja.wikipedia.org/wiki/劔神社"",""劔神社"")","=HYPERLINK(""https://www.wikidata.org/wiki/Q11398386"",""Q11398386"")",TRANSFER,伊部郷座ヶ岳の素盞嗚尊神霊,,NEEDS WORK,,,
Beppyo,"=HYPERLINK(""https://ja.wikipedia.org/wiki/忌部神社"",""忌部神社"")","=HYPERLINK(""https://www.wikidata.org/wiki/Q11490722"",""Q11490722"")",TRANSFER,五所神社（美馬郡西端山、現・境外摂社御所神社）,,NEEDS WORK,明治18年に眉山中腹の現在地を選定、五所神社を境外摂社とし、明治25年5月15日に現在地に遷座した。,,
Beppyo,"=HYPERLINK(""https://ja.wikipedia.org/wiki/度津神社"",""度津神社"")","=HYPERLINK(""https://www.wikidata.org/wiki/Q172382"",""Q172382"")",UNKNOWN,,,NEEDS WORK,,,
Beppyo,"=HYPERLINK(""https://ja.wikipedia.org/wiki/石園座多久虫玉神社"",""石園座多久虫玉神社"")","=HYPERLINK(""https://www.wikidata.org/wiki/Q11585337"",""Q11585337"")",UNKNOWN,,,NEEDS WORK,,,
Ise,"=HYPERLINK(""https://ja.wikipedia.org/wiki/屋乃波比伎神"",""屋乃波比伎神"")",NO ITEM,AUTOCHTHONOUS,正宮の神庭の守護神（社地そのものの守り神）,,NEEDS WORK,祭神は社名と同じ屋乃波比伎神。正宮の神庭の守護神である。,,
Ise,"=HYPERLINK(""https://ja.wikipedia.org/wiki/川相神社"",""川相神社"")",NO ITEM,AUTOCHTHONOUS,五十鈴川上流の水の神（明治の大水神社への同座は遷座であって系譜ではない）,,NEEDS WORK,3社とも倭姫命が定めた神社であるといい、大水神社は山の神を、川相神社・熊淵神社は水の神を祀る。,,
Ise,"=HYPERLINK(""https://ja.wikipedia.org/wiki/大河内神社"",""大河内神社"")",NO ITEM,AUTOCHTHONOUS,宮川の堤防・水の守護神として当地で祀られた地元神,,NEEDS WORK,志等美・大河内・打懸の3社は付近を流れる宮川の洪水から地域を守る堤防の守護神として祀られた。,,
Ise,"=HYPERLINK(""https://ja.wikipedia.org/wiki/宇治乃奴鬼神社"",""宇治乃奴鬼神社"")",NO ITEM,AUTOCHTHONOUS,当地の灌漑用水の神を倭姫命が定めた,,NEEDS WORK,2社とも倭姫命の定めた神社である。,,
Ise,"=HYPERLINK(""https://ja.wikipedia.org/wiki/宮比神"",""宮比神"")",NO ITEM,AUTOCHTHONOUS,内宮正宮御垣内の守護神（社殿を持たない）,,NEEDS WORK,3社とも社殿を持たない神社であり、祭神は内宮の守護神である。,,
Ise,"=HYPERLINK(""https://ja.wikipedia.org/wiki/熊淵神社"",""熊淵神社"")",NO ITEM,AUTOCHTHONOUS,石清水の守護神を倭姫命が当地に定めた,,NEEDS WORK,祭神は多支大刀自神。大水上命の子で、石清水の守護神である。,,
Ise,"=HYPERLINK(""https://ja.wikipedia.org/wiki/打懸神社"",""打懸神社"")",NO ITEM,AUTOCHTHONOUS,鎮座地の名を負う在地の明神＝宮川堤防の守護神,,NEEDS WORK,志等美・大河内・打懸の3社は付近を流れる宮川の洪水から地域を守る堤防の守護神として祀られた。,,
Ise,"=HYPERLINK(""https://ja.wikipedia.org/wiki/毛理神社"",""毛理神社"")",NO ITEM,AUTOCHTHONOUS,鎮座地の森の神木そのものが神,,NEEDS WORK,毛理神社の祭神は木神。鎮座地の森の神木の神である。,,
Ise,"=HYPERLINK(""https://ja.wikipedia.org/wiki/井中神社"",""井中神社"")",NO ITEM,AUTOCHTHONOUS,神田の井泉（湧水）そのものが神,,NEEDS WORK,井中神は、神田の井泉の神であるとされる。,,
Ise,"=HYPERLINK(""https://ja.wikipedia.org/wiki/佐美長御前神社"",""佐美長御前神社"")",NO ITEM,AUTOCHTHONOUS,在地の地主神／伊佐波登美神の子孫の霊,,NEEDS WORK,別の説では伊佐波登美神の子孫の霊を祀るとする。,,
Ise,"=HYPERLINK(""https://ja.wikipedia.org/wiki/牟弥乃神社"",""牟弥乃神社"")",NO ITEM,AUTOCHTHONOUS,外城田川そのものの神,,NEEDS WORK,外城田川の守護神で、大水上命の子である。,,
Ise,"=HYPERLINK(""https://ja.wikipedia.org/wiki/田上大水御前神社"",""田上大水御前神社"")",NO ITEM,AUTOCHTHONOUS,度会氏祖先神を自らの古墳（車塚一号墳）上に祀る,,NEEDS WORK,田上大水御前神社の祭神は、小事神主の娘であり、斎王に奉仕したとされる宮子。,,
Ise,"=HYPERLINK(""https://ja.wikipedia.org/wiki/神麻続機殿神社"",""神麻続機殿神社"")",NO ITEM,AUTOCHTHONOUS,機殿そのものの鎮守神／地元麻績部の祖先神,,NEEDS WORK,麻績部の祖先の天八坂彦命とする伝承がある。,,
Ise,"=HYPERLINK(""https://ja.wikipedia.org/wiki/荒前神社"",""荒前神社"")",NO ITEM,AUTOCHTHONOUS,在地の海岸守護神が倭姫命を出迎え、その場に祀られた,,NEEDS WORK,倭姫命が二見を巡幸中、江神社を定めた後に荒前比賣命が倭姫命を出迎えたため,,
Ise,"=HYPERLINK(""https://ja.wikipedia.org/wiki/葦立弖神社"",""葦立弖神社"")",NO ITEM,AUTOCHTHONOUS,在地の産土神,,NEEDS WORK,祭神は玉移良比女命。宇治都比女命の子であるとされ、産土神であるという。,,
Ise,"=HYPERLINK(""https://ja.wikipedia.org/wiki/蚊野御前神社"",""蚊野御前神社"")",NO ITEM,AUTOCHTHONOUS,外城田川支流の川の神,,NEEDS WORK,蚊野神社の祭神・大神御蔭川神と同じく、外城田川の支流の川の神とされる。,,
Ise,"=HYPERLINK(""https://ja.wikipedia.org/wiki/那自賣神社"",""那自賣神社"")",NO ITEM,AUTOCHTHONOUS,五十鈴川の水そのものの神,,NEEDS WORK,両祭神とも五十鈴川（御裳濯川）の水の守護神とされる。,,
Ise,"=HYPERLINK(""https://ja.wikipedia.org/wiki/朝熊御前神社"",""朝熊御前神社"")",NO ITEM,NETWORK,朝熊神社（その御前神）,,NEEDS WORK,その後、朝熊神社の隣に朝熊御前神社が建てられ、鏡宮神社は朝熊神社から独立した神社となった。,,
Ise,"=HYPERLINK(""https://ja.wikipedia.org/wiki/田乃家御前神社"",""田乃家御前神社"")",NO ITEM,NETWORK,天照大御神（皇大神宮）／大神御滄川神,,NEEDS WORK,祭神は御前神。大神御滄川神と同じく農家の守護神である。,,
Ise,"=HYPERLINK(""https://ja.wikipedia.org/wiki/許母利神社"",""許母利神社"")",NO ITEM,NETWORK,粟嶋神（＝少名毘古那神）,,NEEDS WORK,少名毘古那神と同じ神とされ、荒ぶる荒前比賣命を抑制するために祀られたと考えられる。,,
Ise,"=HYPERLINK(""https://ja.wikipedia.org/wiki/瀧原宮"",""瀧原宮"")","=HYPERLINK(""https://www.wikidata.org/wiki/Q11566292"",""Q11566292"")",TRANSFER,磯宮,,NEEDS WORK,倭姫命が、宮川下流の磯宮より天照大神を祀る地を探すために上流へ遡ったところ、「大河の瀧原の国」という美しい場所があったので、草木を刈り新宮を建てた。,,
Ise,"=HYPERLINK(""https://ja.wikipedia.org/wiki/瀧原竝宮"",""瀧原竝宮"")",NO ITEM,TRANSFER,瀧原宮,,NEEDS WORK,創建当初は瀧原竝宮は瀧原宮に含まれ、804年から927年の間に独立したと考えられている。,,
Ise,"=HYPERLINK(""https://ja.wikipedia.org/wiki/小俣神社"",""小俣神社"")","=HYPERLINK(""https://www.wikidata.org/wiki/Q17225978"",""Q17225978"")",UNKNOWN,,,NEEDS WORK,,,
Ise,"=HYPERLINK(""https://ja.wikipedia.org/wiki/月讀宮"",""月讀宮"")","=HYPERLINK(""https://www.wikidata.org/wiki/Q11516220"",""Q11516220"")",UNKNOWN,,,NEEDS WORK,,,
Ise,"=HYPERLINK(""https://ja.wikipedia.org/wiki/風宮"",""風宮"")","=HYPERLINK(""https://www.wikidata.org/wiki/Q11665463"",""Q11665463"")",UNKNOWN,,,NEEDS WORK,,,
Ise,"=HYPERLINK(""https://ja.wikipedia.org/wiki/風日祈宮"",""風日祈宮"")","=HYPERLINK(""https://www.wikidata.org/wiki/Q11665488"",""Q11665488"")",UNKNOWN,,,NEEDS WORK,,,
Beppyo,"=HYPERLINK(""https://ja.wikipedia.org/wiki/久能山東照宮"",""久能山東照宮"")","=HYPERLINK(""https://www.wikidata.org/wiki/Q712162"",""Q712162"")",AUTOCHTHONOUS,家康の墓所・埋葬地に創建,"=HYPERLINK(""https://www.wikidata.org/wiki/Q135508874"",""Q135508874"")",ok,,,
Beppyo,"=HYPERLINK(""https://ja.wikipedia.org/wiki/二見興玉神社"",""二見興玉神社"")","=HYPERLINK(""https://www.wikidata.org/wiki/Q64969614"",""Q64969614"")",AUTOCHTHONOUS,興玉神石そのものが神体・興玉神の総本宮,"=HYPERLINK(""https://www.wikidata.org/wiki/Q135508874"",""Q135508874"")",ok,,,
Beppyo,"=HYPERLINK(""https://ja.wikipedia.org/wiki/井伊谷宮"",""井伊谷宮"")","=HYPERLINK(""https://www.wikidata.org/wiki/Q11373321"",""Q11373321"")",AUTOCHTHONOUS,宗良親王の薨去地・墓所に創建,"=HYPERLINK(""https://www.wikidata.org/wiki/Q135508874"",""Q135508874"")",ok,,,
Beppyo,"=HYPERLINK(""https://ja.wikipedia.org/wiki/京都霊山護国神社"",""京都霊山護国神社"")","=HYPERLINK(""https://www.wikidata.org/wiki/Q3201026"",""Q3201026"")",AUTOCHTHONOUS,招魂社,"=HYPERLINK(""https://www.wikidata.org/wiki/Q135508874"",""Q135508874"")",ok,,,
Beppyo,"=HYPERLINK(""https://ja.wikipedia.org/wiki/伊佐須美神社"",""伊佐須美神社"")","=HYPERLINK(""https://www.wikidata.org/wiki/Q3155136"",""Q3155136"")",AUTOCHTHONOUS,四道将軍が会津の天津嶽に国家鎮護神を奉斎,"=HYPERLINK(""https://www.wikidata.org/wiki/Q135508874"",""Q135508874"")",ok,,,
Beppyo,"=HYPERLINK(""https://ja.wikipedia.org/wiki/佐太神社"",""佐太神社"")","=HYPERLINK(""https://www.wikidata.org/wiki/Q3461072"",""Q3461072"")",AUTOCHTHONOUS,佐太大神の在地鎮座（加賀の潜戸で生まれた神）,"=HYPERLINK(""https://www.wikidata.org/wiki/Q135508874"",""Q135508874"")",ok,,,
Beppyo,"=HYPERLINK(""https://ja.wikipedia.org/wiki/佐賀縣護國神社"",""佐賀縣護國神社"")","=HYPERLINK(""https://www.wikidata.org/wiki/Q11384878"",""Q11384878"")",AUTOCHTHONOUS,招魂社,"=HYPERLINK(""https://www.wikidata.org/wiki/Q135508874"",""Q135508874"")",ok,,,
Beppyo,"=HYPERLINK(""https://ja.wikipedia.org/wiki/倭文神社_(湯梨浜町)"",""倭文神社 (湯梨浜町)"")","=HYPERLINK(""https://www.wikidata.org/wiki/Q245734"",""Q245734"")",AUTOCHTHONOUS,倭文氏が祖神を当地で祀った,"=HYPERLINK(""https://www.wikidata.org/wiki/Q135508874"",""Q135508874"")",ok,,,
Beppyo,"=HYPERLINK(""https://ja.wikipedia.org/wiki/備後護国神社"",""備後護国神社"")","=HYPERLINK(""https://www.wikidata.org/wiki/Q11387373"",""Q11387373"")",AUTOCHTHONOUS,招魂社,"=HYPERLINK(""https://www.wikidata.org/wiki/Q135508874"",""Q135508874"")",ok,,,
Beppyo,"=HYPERLINK(""https://ja.wikipedia.org/wiki/光雲神社"",""光雲神社"")","=HYPERLINK(""https://www.wikidata.org/wiki/Q11388585"",""Q11388585"")",AUTOCHTHONOUS,黒田長政を権現として当地で神格化,"=HYPERLINK(""https://www.wikidata.org/wiki/Q135508874"",""Q135508874"")",ok,,,
Beppyo,"=HYPERLINK(""https://ja.wikipedia.org/wiki/八代宮"",""八代宮"")","=HYPERLINK(""https://www.wikidata.org/wiki/Q11390512"",""Q11390512"")",AUTOCHTHONOUS,懐良親王の墓所の地に創建,"=HYPERLINK(""https://www.wikidata.org/wiki/Q135508874"",""Q135508874"")",ok,,,
Beppyo,"=HYPERLINK(""https://ja.wikipedia.org/wiki/八坂神社"",""八坂神社"")","=HYPERLINK(""https://www.wikidata.org/wiki/Q692714"",""Q692714"")",AUTOCHTHONOUS,祇園神が祇園林に降臨（広峯遷座説は否定）,"=HYPERLINK(""https://www.wikidata.org/wiki/Q135508874"",""Q135508874"")",ok,,,
Beppyo,"=HYPERLINK(""https://ja.wikipedia.org/wiki/八槻都々古別神社"",""八槻都々古別神社"")","=HYPERLINK(""https://www.wikidata.org/wiki/Q112152942"",""Q112152942"")",AUTOCHTHONOUS,日本武尊の矢の落下地という神意で創祀,"=HYPERLINK(""https://www.wikidata.org/wiki/Q135508874"",""Q135508874"")",ok,,,
Beppyo,"=HYPERLINK(""https://ja.wikipedia.org/wiki/兵庫縣姫路護國神社"",""兵庫縣姫路護國神社"")","=HYPERLINK(""https://www.wikidata.org/wiki/Q11393652"",""Q11393652"")",AUTOCHTHONOUS,招魂社,"=HYPERLINK(""https://www.wikidata.org/wiki/Q135508874"",""Q135508874"")",ok,,,
Beppyo,"=HYPERLINK(""https://ja.wikipedia.org/wiki/大分縣護國神社"",""大分縣護國神社"")","=HYPERLINK(""https://www.wikidata.org/wiki/Q11433004"",""Q11433004"")",AUTOCHTHONOUS,招魂社,"=HYPERLINK(""https://www.wikidata.org/wiki/Q135508874"",""Q135508874"")",ok,,,
Beppyo,"=HYPERLINK(""https://ja.wikipedia.org/wiki/大和神社"",""大和神社"")","=HYPERLINK(""https://www.wikidata.org/wiki/Q245731"",""Q245731"")",AUTOCHTHONOUS,神託により新たに神地を定めて創建,"=HYPERLINK(""https://www.wikidata.org/wiki/Q135508874"",""Q135508874"")",ok,,,
Beppyo,"=HYPERLINK(""https://ja.wikipedia.org/wiki/大國魂神社"",""大國魂神社"")","=HYPERLINK(""https://www.wikidata.org/wiki/Q611678"",""Q611678"")",AUTOCHTHONOUS,大國魂大神が当地に降臨,"=HYPERLINK(""https://www.wikidata.org/wiki/Q135508874"",""Q135508874"")",ok,,,
Beppyo,"=HYPERLINK(""https://ja.wikipedia.org/wiki/大富神社"",""大富神社"")","=HYPERLINK(""https://www.wikidata.org/wiki/Q11434509"",""Q11434509"")",AUTOCHTHONOUS,当地での神託降下（宗像三女神）,"=HYPERLINK(""https://www.wikidata.org/wiki/Q135508874"",""Q135508874"")",ok,,,
Beppyo,"=HYPERLINK(""https://ja.wikipedia.org/wiki/大山祇神社"",""大山祇神社"")","=HYPERLINK(""https://www.wikidata.org/wiki/Q703904"",""Q703904"")",AUTOCHTHONOUS,神体山・神の島、総本社（伊予国風土記の百済渡来説は異説）,"=HYPERLINK(""https://www.wikidata.org/wiki/Q135508874"",""Q135508874"")",ok,,,
Beppyo,"=HYPERLINK(""https://ja.wikipedia.org/wiki/大山阿夫利神社"",""大山阿夫利神社"")","=HYPERLINK(""https://www.wikidata.org/wiki/Q11434713"",""Q11434713"")",AUTOCHTHONOUS,山頂の磐座を神体とする山岳信仰,"=HYPERLINK(""https://www.wikidata.org/wiki/Q135508874"",""Q135508874"")",ok,,,
Beppyo,"=HYPERLINK(""https://ja.wikipedia.org/wiki/大洗磯前神社"",""大洗磯前神社"")","=HYPERLINK(""https://www.wikidata.org/wiki/Q11437230"",""Q11437230"")",AUTOCHTHONOUS,大洗磯前に神が出現,"=HYPERLINK(""https://www.wikidata.org/wiki/Q135508874"",""Q135508874"")",ok,,,
Beppyo,"=HYPERLINK(""https://ja.wikipedia.org/wiki/大石神社"",""大石神社"")","=HYPERLINK(""https://www.wikidata.org/wiki/Q11438245"",""Q11438245"")",AUTOCHTHONOUS,大石邸の祠に発する人霊祭祀,"=HYPERLINK(""https://www.wikidata.org/wiki/Q135508874"",""Q135508874"")",ok,,,
Beppyo,"=HYPERLINK(""https://ja.wikipedia.org/wiki/大神山神社"",""大神山神社"")","=HYPERLINK(""https://www.wikidata.org/wiki/Q251160"",""Q251160"")",AUTOCHTHONOUS,大山（大神岳）が神体山,"=HYPERLINK(""https://www.wikidata.org/wiki/Q135508874"",""Q135508874"")",ok,,,
Beppyo,"=HYPERLINK(""https://ja.wikipedia.org/wiki/名和神社"",""名和神社"")","=HYPERLINK(""https://www.wikidata.org/wiki/Q245834"",""Q245834"")",AUTOCHTHONOUS,名和長年の邸宅跡に小祠,"=HYPERLINK(""https://www.wikidata.org/wiki/Q135508874"",""Q135508874"")",ok,,,
Beppyo,"=HYPERLINK(""https://ja.wikipedia.org/wiki/和霊神社"",""和霊神社"")","=HYPERLINK(""https://www.wikidata.org/wiki/Q11418237"",""Q11418237"")",AUTOCHTHONOUS,山家公頼の鎮魂、和霊信仰の総本社,"=HYPERLINK(""https://www.wikidata.org/wiki/Q135508874"",""Q135508874"")",ok,,,
Beppyo,"=HYPERLINK(""https://ja.wikipedia.org/wiki/唐沢山神社"",""唐沢山神社"")","=HYPERLINK(""https://www.wikidata.org/wiki/Q11418605"",""Q11418605"")",AUTOCHTHONOUS,藤原秀郷の居城跡・墓所に創建,"=HYPERLINK(""https://www.wikidata.org/wiki/Q135508874"",""Q135508874"")",ok,,,
Beppyo,"=HYPERLINK(""https://ja.wikipedia.org/wiki/四柱神社"",""四柱神社"")","=HYPERLINK(""https://www.wikidata.org/wiki/Q11420029"",""Q11420029"")",AUTOCHTHONOUS,明治の神道中教院で四柱を新たに奉斎,"=HYPERLINK(""https://www.wikidata.org/wiki/Q135508874"",""Q135508874"")",ok,,,
Beppyo,"=HYPERLINK(""https://ja.wikipedia.org/wiki/四條畷神社"",""四條畷神社"")","=HYPERLINK(""https://www.wikidata.org/wiki/Q10925104"",""Q10925104"")",AUTOCHTHONOUS,楠木正行の自害地の墓（楠塚）に創建,"=HYPERLINK(""https://www.wikidata.org/wiki/Q135508874"",""Q135508874"")",ok,,,
Beppyo,"=HYPERLINK(""https://ja.wikipedia.org/wiki/報徳二宮神社_(小田原市)"",""報徳二宮神社 (小田原市)"")","=HYPERLINK(""https://www.wikidata.org/wiki/Q11428033"",""Q11428033"")",AUTOCHTHONOUS,二宮尊徳の生地に創建,"=HYPERLINK(""https://www.wikidata.org/wiki/Q135508874"",""Q135508874"")",ok,,,
Beppyo,"=HYPERLINK(""https://ja.wikipedia.org/wiki/多度大社"",""多度大社"")","=HYPERLINK(""https://www.wikidata.org/wiki/Q116140"",""Q116140"")",AUTOCHTHONOUS,多度山を神体山とする,"=HYPERLINK(""https://www.wikidata.org/wiki/Q135508874"",""Q135508874"")",ok,,,
Beppyo,"=HYPERLINK(""https://ja.wikipedia.org/wiki/多田神社"",""多田神社"")","=HYPERLINK(""https://www.wikidata.org/wiki/Q3513683"",""Q3513683"")",AUTOCHTHONOUS,源満仲の墳墓・清和源氏の祖廟,"=HYPERLINK(""https://www.wikidata.org/wiki/Q135508874"",""Q135508874"")",ok,,,
Beppyo,"=HYPERLINK(""https://ja.wikipedia.org/wiki/多賀大社"",""多賀大社"")","=HYPERLINK(""https://www.wikidata.org/wiki/Q402091"",""Q402091"")",AUTOCHTHONOUS,伊邪那岐の幽宮（神自身の鎮まる地）,"=HYPERLINK(""https://www.wikidata.org/wiki/Q135508874"",""Q135508874"")",ok,,,
Beppyo,"=HYPERLINK(""https://ja.wikipedia.org/wiki/大井神社_(島田市)"",""大井神社 (島田市)"")","=HYPERLINK(""https://www.wikidata.org/wiki/Q11432216"",""Q11432216"")",AUTOCHTHONOUS,大井川そのものの神格化,"=HYPERLINK(""https://www.wikidata.org/wiki/Q135508874"",""Q135508874"")",ok,,,
Beppyo,"=HYPERLINK(""https://ja.wikipedia.org/wiki/伊古奈比咩命神社"",""伊古奈比咩命神社"")","=HYPERLINK(""https://www.wikidata.org/wiki/Q11379183"",""Q11379183"")",AUTOCHTHONOUS,白浜が三嶋神の元宮、伊古奈比咩命は土着の后神,"=HYPERLINK(""https://www.wikidata.org/wiki/Q135508874"",""Q135508874"")",ok,,,
Beppyo,"=HYPERLINK(""https://ja.wikipedia.org/wiki/伊和神社"",""伊和神社"")","=HYPERLINK(""https://www.wikidata.org/wiki/Q65320"",""Q65320"")",AUTOCHTHONOUS,当地での神託＋鶴石・磐座信仰,"=HYPERLINK(""https://www.wikidata.org/wiki/Q135508874"",""Q135508874"")",ok,,,
Beppyo,"=HYPERLINK(""https://ja.wikipedia.org/wiki/伊太祁曽神社"",""伊太祁曽神社"")","=HYPERLINK(""https://www.wikidata.org/wiki/Q11379271"",""Q11379271"")",AUTOCHTHONOUS,五十猛神が最後に紀伊国へ降り立った地,"=HYPERLINK(""https://www.wikidata.org/wiki/Q135508874"",""Q135508874"")",ok,,,
Beppyo,"=HYPERLINK(""https://ja.wikipedia.org/wiki/伊奈波神社"",""伊奈波神社"")","=HYPERLINK(""https://www.wikidata.org/wiki/Q701414"",""Q701414"")",AUTOCHTHONOUS,五十瓊敷入彦命が討たれた死没地に祀る,"=HYPERLINK(""https://www.wikidata.org/wiki/Q135508874"",""Q135508874"")",ok,,,
Beppyo,"=HYPERLINK(""https://ja.wikipedia.org/wiki/伊弉諾神宮"",""伊弉諾神宮"")","=HYPERLINK(""https://www.wikidata.org/wiki/Q10884977"",""Q10884977"")",AUTOCHTHONOUS,伊弉諾尊の幽宮（自ら鎮まった終焉の地）,"=HYPERLINK(""https://www.wikidata.org/wiki/Q135508874"",""Q135508874"")",ok,,,
Beppyo,"=HYPERLINK(""https://ja.wikipedia.org/wiki/伊豫豆比古命神社"",""伊豫豆比古命神社"")","=HYPERLINK(""https://www.wikidata.org/wiki/Q11380620"",""Q11380620"")",AUTOCHTHONOUS,伊予の土地神が舟山に着き鎮座,"=HYPERLINK(""https://www.wikidata.org/wiki/Q135508874"",""Q135508874"")",ok,,,
Beppyo,"=HYPERLINK(""https://ja.wikipedia.org/wiki/住吉大社"",""住吉大社"")","=HYPERLINK(""https://www.wikidata.org/wiki/Q705949"",""Q705949"")",AUTOCHTHONOUS,住吉三神の託宣による鎮座地指定、総本社,"=HYPERLINK(""https://www.wikidata.org/wiki/Q135508874"",""Q135508874"")",ok,,,
Beppyo,"=HYPERLINK(""https://ja.wikipedia.org/wiki/住吉神社_(下関市)"",""住吉神社 (下関市)"")","=HYPERLINK(""https://www.wikidata.org/wiki/Q11381858"",""Q11381858"")",AUTOCHTHONOUS,住吉大神の神託「我が荒魂を穴門に祀れ」,"=HYPERLINK(""https://www.wikidata.org/wiki/Q135508874"",""Q135508874"")",ok,,,
Beppyo,"=HYPERLINK(""https://ja.wikipedia.org/wiki/住吉神社_(壱岐市)"",""住吉神社 (壱岐市)"")","=HYPERLINK(""https://www.wikidata.org/wiki/Q11381863"",""Q11381863"")",AUTOCHTHONOUS,神功皇后が上陸地で三神を直接奉斎,"=HYPERLINK(""https://www.wikidata.org/wiki/Q135508874"",""Q135508874"")",ok,,,
Beppyo,"=HYPERLINK(""https://ja.wikipedia.org/wiki/住吉神社_(福岡市)"",""住吉神社 (福岡市)"")","=HYPERLINK(""https://www.wikidata.org/wiki/Q29682"",""Q29682"")",AUTOCHTHONOUS,鎮座地が住吉三神の誕生地・阿波岐原,"=HYPERLINK(""https://www.wikidata.org/wiki/Q135508874"",""Q135508874"")",ok,,,
Beppyo,"=HYPERLINK(""https://ja.wikipedia.org/wiki/兵庫縣神戸護國神社"",""兵庫縣神戸護國神社"")","=HYPERLINK(""https://www.wikidata.org/wiki/Q11393653"",""Q11393653"")",AUTOCHTHONOUS,招魂社,"=HYPERLINK(""https://www.wikidata.org/wiki/Q135508874"",""Q135508874"")",ok,,,
Beppyo,"=HYPERLINK(""https://ja.wikipedia.org/wiki/冨士御室浅間神社"",""冨士御室浅間神社"")","=HYPERLINK(""https://www.wikidata.org/wiki/Q11395081"",""Q11395081"")",AUTOCHTHONOUS,富士山そのものを神とする山上鎮座,"=HYPERLINK(""https://www.wikidata.org/wiki/Q135508874"",""Q135508874"")",ok,,,
Beppyo,"=HYPERLINK(""https://ja.wikipedia.org/wiki/出石神社"",""出石神社"")","=HYPERLINK(""https://www.wikidata.org/wiki/Q3156511"",""Q3156511"")",AUTOCHTHONOUS,天日槍を子孫が祖神として当地に祀る,"=HYPERLINK(""https://www.wikidata.org/wiki/Q135508874"",""Q135508874"")",ok,,,
Beppyo,"=HYPERLINK(""https://ja.wikipedia.org/wiki/出羽神社"",""出羽神社"")","=HYPERLINK(""https://www.wikidata.org/wiki/Q11395802"",""Q11395802"")",AUTOCHTHONOUS,羽黒山への山岳信仰,"=HYPERLINK(""https://www.wikidata.org/wiki/Q135508874"",""Q135508874"")",ok,,,
Beppyo,"=HYPERLINK(""https://ja.wikipedia.org/wiki/出雲大社"",""出雲大社"")","=HYPERLINK(""https://www.wikidata.org/wiki/Q696362"",""Q696362"")",AUTOCHTHONOUS,大国主神自身の住処として造営,"=HYPERLINK(""https://www.wikidata.org/wiki/Q135508874"",""Q135508874"")",ok,,,
Beppyo,"=HYPERLINK(""https://ja.wikipedia.org/wiki/北畠神社"",""北畠神社"")","=HYPERLINK(""https://www.wikidata.org/wiki/Q11403863"",""Q11403863"")",AUTOCHTHONOUS,北畠氏館跡に子孫が祖先を祀る,"=HYPERLINK(""https://www.wikidata.org/wiki/Q135508874"",""Q135508874"")",ok,,,
Beppyo,"=HYPERLINK(""https://ja.wikipedia.org/wiki/北舘神社"",""北舘神社"")","=HYPERLINK(""https://www.wikidata.org/wiki/Q11403959"",""Q11403959"")",AUTOCHTHONOUS,北楯利長を住民が没後に神として祀る,"=HYPERLINK(""https://www.wikidata.org/wiki/Q135508874"",""Q135508874"")",ok,,,
Beppyo,"=HYPERLINK(""https://ja.wikipedia.org/wiki/大神神社"",""大神神社"")","=HYPERLINK(""https://www.wikidata.org/wiki/Q705542"",""Q705542"")",AUTOCHTHONOUS,大穴持命が自らの和魂を三輪山に鎮座、総本社,"=HYPERLINK(""https://www.wikidata.org/wiki/Q135508874"",""Q135508874"")",ok,,,
Beppyo,"=HYPERLINK(""https://ja.wikipedia.org/wiki/大縣神社"",""大縣神社"")","=HYPERLINK(""https://www.wikidata.org/wiki/Q135732"",""Q135732"")",AUTOCHTHONOUS,本宮山山頂に発する山の神,"=HYPERLINK(""https://www.wikidata.org/wiki/Q135508874"",""Q135508874"")",ok,,,
Beppyo,"=HYPERLINK(""https://ja.wikipedia.org/wiki/大野湊神社"",""大野湊神社"")","=HYPERLINK(""https://www.wikidata.org/wiki/Q11439679"",""Q11439679"")",AUTOCHTHONOUS,海から拾われた神体を当地で初めて奉斎,"=HYPERLINK(""https://www.wikidata.org/wiki/Q135508874"",""Q135508874"")",ok,,,
Beppyo,"=HYPERLINK(""https://ja.wikipedia.org/wiki/大阪天満宮"",""大阪天満宮"")","=HYPERLINK(""https://www.wikidata.org/wiki/Q385793"",""Q385793"")",AUTOCHTHONOUS,当地の霊異を承けた勅命創建,"=HYPERLINK(""https://www.wikidata.org/wiki/Q135508874"",""Q135508874"")",ok,,,
Beppyo,"=HYPERLINK(""https://ja.wikipedia.org/wiki/大阪護國神社"",""大阪護國神社"")","=HYPERLINK(""https://www.wikidata.org/wiki/Q11441628"",""Q11441628"")",AUTOCHTHONOUS,招魂社,"=HYPERLINK(""https://www.wikidata.org/wiki/Q135508874"",""Q135508874"")",ok,,,
Beppyo,"=HYPERLINK(""https://ja.wikipedia.org/wiki/大鳥大社"",""大鳥大社"")","=HYPERLINK(""https://www.wikidata.org/wiki/Q705151"",""Q705151"")",AUTOCHTHONOUS,日本武尊の白鳥が舞い降りた地、総本社,"=HYPERLINK(""https://www.wikidata.org/wiki/Q135508874"",""Q135508874"")",ok,,,
Beppyo,"=HYPERLINK(""https://ja.wikipedia.org/wiki/大麻比古神社"",""大麻比古神社"")","=HYPERLINK(""https://www.wikidata.org/wiki/Q723417"",""Q723417"")",AUTOCHTHONOUS,阿波忌部氏が開拓地で祖神を祀る,"=HYPERLINK(""https://www.wikidata.org/wiki/Q135508874"",""Q135508874"")",ok,,,
Beppyo,"=HYPERLINK(""https://ja.wikipedia.org/wiki/天岩戸神社"",""天岩戸神社"")","=HYPERLINK(""https://www.wikidata.org/wiki/Q2841102"",""Q2841102"")",AUTOCHTHONOUS,天岩戸の岩窟そのものが神体,"=HYPERLINK(""https://www.wikidata.org/wiki/Q135508874"",""Q135508874"")",ok,,,
Beppyo,"=HYPERLINK(""https://ja.wikipedia.org/wiki/太平山三吉神社"",""太平山三吉神社"")","=HYPERLINK(""https://www.wikidata.org/wiki/Q11443949"",""Q11443949"")",AUTOCHTHONOUS,太平山そのものが神、総本宮,"=HYPERLINK(""https://www.wikidata.org/wiki/Q135508874"",""Q135508874"")",ok,,,
Beppyo,"=HYPERLINK(""https://ja.wikipedia.org/wiki/奈良県護国神社"",""奈良県護国神社"")","=HYPERLINK(""https://www.wikidata.org/wiki/Q11445249"",""Q11445249"")",AUTOCHTHONOUS,招魂社,"=HYPERLINK(""https://www.wikidata.org/wiki/Q135508874"",""Q135508874"")",ok,,,
Beppyo,"=HYPERLINK(""https://ja.wikipedia.org/wiki/北野天満宮"",""北野天満宮"")","=HYPERLINK(""https://www.wikidata.org/wiki/Q662176"",""Q662176"")",AUTOCHTHONOUS,道真の託宣により北野に社を立てる、天神総本社,"=HYPERLINK(""https://www.wikidata.org/wiki/Q135508874"",""Q135508874"")",ok,,,
Beppyo,"=HYPERLINK(""https://ja.wikipedia.org/wiki/十日恵比須神社"",""十日恵比須神社"")","=HYPERLINK(""https://www.wikidata.org/wiki/Q11405077"",""Q11405077"")",AUTOCHTHONOUS,漂着した恵比須神像を拾い上げた地に鎮座,"=HYPERLINK(""https://www.wikidata.org/wiki/Q135508874"",""Q135508874"")",ok,,,
Beppyo,"=HYPERLINK(""https://ja.wikipedia.org/wiki/千葉縣護國神社"",""千葉縣護國神社"")","=HYPERLINK(""https://www.wikidata.org/wiki/Q11406714"",""Q11406714"")",AUTOCHTHONOUS,招魂社,"=HYPERLINK(""https://www.wikidata.org/wiki/Q135508874"",""Q135508874"")",ok,,,
Beppyo,"=HYPERLINK(""https://ja.wikipedia.org/wiki/南宮大社"",""南宮大社"")","=HYPERLINK(""https://www.wikidata.org/wiki/Q704967"",""Q704967"")",AUTOCHTHONOUS,金属神の総本宮、南宮山麓,"=HYPERLINK(""https://www.wikidata.org/wiki/Q135508874"",""Q135508874"")",ok,,,
Beppyo,"=HYPERLINK(""https://ja.wikipedia.org/wiki/厳島神社"",""厳島神社"")","=HYPERLINK(""https://www.wikidata.org/wiki/Q191763"",""Q191763"")",AUTOCHTHONOUS,島そのものが神、社殿造営の神託、総本社,"=HYPERLINK(""https://www.wikidata.org/wiki/Q135508874"",""Q135508874"")",ok,,,
Beppyo,"=HYPERLINK(""https://ja.wikipedia.org/wiki/古四王神社"",""古四王神社"")","=HYPERLINK(""https://www.wikidata.org/wiki/Q11410984"",""Q11410984"")",AUTOCHTHONOUS,齶田浦神（土地の地主神）を当地で奉祀,"=HYPERLINK(""https://www.wikidata.org/wiki/Q135508874"",""Q135508874"")",ok,,,
Beppyo,"=HYPERLINK(""https://ja.wikipedia.org/wiki/吉備津神社"",""吉備津神社"")","=HYPERLINK(""https://www.wikidata.org/wiki/Q712824"",""Q712824"")",AUTOCHTHONOUS,大吉備津彦命の住居跡・墓所、吉備の中山が神体山,"=HYPERLINK(""https://www.wikidata.org/wiki/Q135508874"",""Q135508874"")",ok,,,
Beppyo,"=HYPERLINK(""https://ja.wikipedia.org/wiki/宇倍神社"",""宇倍神社"")","=HYPERLINK(""https://www.wikidata.org/wiki/Q246447"",""Q246447"")",AUTOCHTHONOUS,武内宿禰終焉の地・双履石の磐境,"=HYPERLINK(""https://www.wikidata.org/wiki/Q135508874"",""Q135508874"")",ok,,,
Beppyo,"=HYPERLINK(""https://ja.wikipedia.org/wiki/宇美八幡宮"",""宇美八幡宮"")","=HYPERLINK(""https://www.wikidata.org/wiki/Q924940"",""Q924940"")",AUTOCHTHONOUS,応神天皇の誕生地に祀る,"=HYPERLINK(""https://www.wikidata.org/wiki/Q135508874"",""Q135508874"")",ok,,,
Beppyo,"=HYPERLINK(""https://ja.wikipedia.org/wiki/宇都宮二荒山神社"",""宇都宮二荒山神社"")","=HYPERLINK(""https://www.wikidata.org/wiki/Q10946254"",""Q10946254"")",AUTOCHTHONOUS,奈良別王が祖神豊城入彦命を当地で祀る,"=HYPERLINK(""https://www.wikidata.org/wiki/Q135508874"",""Q135508874"")",ok,,,
Beppyo,"=HYPERLINK(""https://ja.wikipedia.org/wiki/安仁神社"",""安仁神社"")","=HYPERLINK(""https://www.wikidata.org/wiki/Q11450252"",""Q11450252"")",AUTOCHTHONOUS,五瀬命が滞在した地に祀る,"=HYPERLINK(""https://www.wikidata.org/wiki/Q135508874"",""Q135508874"")",ok,,,
Beppyo,"=HYPERLINK(""https://ja.wikipedia.org/wiki/宗像大社"",""宗像大社"")","=HYPERLINK(""https://www.wikidata.org/wiki/Q704962"",""Q704962"")",AUTOCHTHONOUS,三女神が宗像の島々に天降る、沖ノ島が神体、総本社,"=HYPERLINK(""https://www.wikidata.org/wiki/Q135508874"",""Q135508874"")",ok,,,
Beppyo,"=HYPERLINK(""https://ja.wikipedia.org/wiki/宮地嶽神社"",""宮地嶽神社"")","=HYPERLINK(""https://www.wikidata.org/wiki/Q3317296"",""Q3317296"")",AUTOCHTHONOUS,神功皇后が宮地岳山頂に祭壇、総本社,"=HYPERLINK(""https://www.wikidata.org/wiki/Q135508874"",""Q135508874"")",ok,,,
Beppyo,"=HYPERLINK(""https://ja.wikipedia.org/wiki/宮城縣護國神社"",""宮城縣護國神社"")","=HYPERLINK(""https://www.wikidata.org/wiki/Q11453994"",""Q11453994"")",AUTOCHTHONOUS,招魂社,"=HYPERLINK(""https://www.wikidata.org/wiki/Q135508874"",""Q135508874"")",ok,,,
Beppyo,"=HYPERLINK(""https://ja.wikipedia.org/wiki/宮崎神宮"",""宮崎神宮"")","=HYPERLINK(""https://www.wikidata.org/wiki/Q704686"",""Q704686"")",AUTOCHTHONOUS,神武天皇が東征以前に宮を営んだ地,"=HYPERLINK(""https://www.wikidata.org/wiki/Q135508874"",""Q135508874"")",ok,,,
Beppyo,"=HYPERLINK(""https://ja.wikipedia.org/wiki/富士山本宮浅間大社"",""富士山本宮浅間大社"")","=HYPERLINK(""https://www.wikidata.org/wiki/Q653180"",""Q653180"")",AUTOCHTHONOUS,富士山を神体山とする、浅間神社総本社,"=HYPERLINK(""https://www.wikidata.org/wiki/Q135508874"",""Q135508874"")",ok,,,
Beppyo,"=HYPERLINK(""https://ja.wikipedia.org/wiki/富山縣護國神社"",""富山縣護國神社"")","=HYPERLINK(""https://www.wikidata.org/wiki/Q11456842"",""Q11456842"")",AUTOCHTHONOUS,招魂社,"=HYPERLINK(""https://www.wikidata.org/wiki/Q135508874"",""Q135508874"")",ok,,,
Beppyo,"=HYPERLINK(""https://ja.wikipedia.org/wiki/富知六所浅間神社"",""富知六所浅間神社"")","=HYPERLINK(""https://www.wikidata.org/wiki/Q11457276"",""Q11457276"")",AUTOCHTHONOUS,富士山山腹の地主神（富知神）,"=HYPERLINK(""https://www.wikidata.org/wiki/Q135508874"",""Q135508874"")",ok,,,
Beppyo,"=HYPERLINK(""https://ja.wikipedia.org/wiki/三峯神社"",""三峯神社"")","=HYPERLINK(""https://www.wikidata.org/wiki/Q11355207"",""Q11355207"")",AUTOCHTHONOUS,日本武尊が当山に登り創建,"=HYPERLINK(""https://www.wikidata.org/wiki/Q135508874"",""Q135508874"")",ok,,,
Beppyo,"=HYPERLINK(""https://ja.wikipedia.org/wiki/三重県護国神社"",""三重県護国神社"")","=HYPERLINK(""https://www.wikidata.org/wiki/Q11357857"",""Q11357857"")",AUTOCHTHONOUS,招魂社（靖国とは本社分社の関係にない）,"=HYPERLINK(""https://www.wikidata.org/wiki/Q135508874"",""Q135508874"")",ok,,,
Beppyo,"=HYPERLINK(""https://ja.wikipedia.org/wiki/上杉神社"",""上杉神社"")","=HYPERLINK(""https://www.wikidata.org/wiki/Q10867478"",""Q10867478"")",AUTOCHTHONOUS,米沢城内の上杉謙信の霊を祀る,"=HYPERLINK(""https://www.wikidata.org/wiki/Q135508874"",""Q135508874"")",ok,,,
Beppyo,"=HYPERLINK(""https://ja.wikipedia.org/wiki/丹生川上神社"",""丹生川上神社"")","=HYPERLINK(""https://www.wikidata.org/wiki/Q246370"",""Q246370"")",AUTOCHTHONOUS,当地の神託による水神創祀,"=HYPERLINK(""https://www.wikidata.org/wiki/Q135508874"",""Q135508874"")",ok,,,
Beppyo,"=HYPERLINK(""https://ja.wikipedia.org/wiki/丹生川上神社上社"",""丹生川上神社上社"")","=HYPERLINK(""https://www.wikidata.org/wiki/Q10877366"",""Q10877366"")",AUTOCHTHONOUS,縄文以来の祭祀遺跡に発する水神,"=HYPERLINK(""https://www.wikidata.org/wiki/Q135508874"",""Q135508874"")",ok,,,
Beppyo,"=HYPERLINK(""https://ja.wikipedia.org/wiki/丹生川上神社下社"",""丹生川上神社下社"")","=HYPERLINK(""https://www.wikidata.org/wiki/Q10877367"",""Q10877367"")",AUTOCHTHONOUS,在地の水神信仰・漂着鳥居を神体,"=HYPERLINK(""https://www.wikidata.org/wiki/Q135508874"",""Q135508874"")",ok,,,
Beppyo,"=HYPERLINK(""https://ja.wikipedia.org/wiki/丹生都比売神社"",""丹生都比売神社"")","=HYPERLINK(""https://www.wikidata.org/wiki/Q705154"",""Q705154"")",AUTOCHTHONOUS,天降りののち天野原に鎮座、丹生社総本社,"=HYPERLINK(""https://www.wikidata.org/wiki/Q135508874"",""Q135508874"")",ok,,,
Beppyo,"=HYPERLINK(""https://ja.wikipedia.org/wiki/乃木神社_(東京都港区)"",""乃木神社 (東京都港区)"")","=HYPERLINK(""https://www.wikidata.org/wiki/Q3342690"",""Q3342690"")",AUTOCHTHONOUS,乃木夫妻が自刃した邸宅の隣地,"=HYPERLINK(""https://www.wikidata.org/wiki/Q135508874"",""Q135508874"")",ok,,,
Beppyo,"=HYPERLINK(""https://ja.wikipedia.org/wiki/岐阜護國神社"",""岐阜護國神社"")","=HYPERLINK(""https://www.wikidata.org/wiki/Q870911"",""Q870911"")",AUTOCHTHONOUS,招魂社（戦没者英霊の招魂）,"=HYPERLINK(""https://www.wikidata.org/wiki/Q135508874"",""Q135508874"")",ok,1937年（昭和12年）の支那事変勃発に伴い、1939年（昭和14年）3月10日に2市10郡209ケ村の代表者が内務省へ創立を出願し、同年6月19日に内務大臣から創立許可を受けた。,,
Beppyo,"=HYPERLINK(""https://ja.wikipedia.org/wiki/岡山県護国神社"",""岡山県護国神社"")","=HYPERLINK(""https://www.wikidata.org/wiki/Q11472363"",""Q11472363"")",AUTOCHTHONOUS,招魂社（戦死者の招魂祭に起源）,"=HYPERLINK(""https://www.wikidata.org/wiki/Q135508874"",""Q135508874"")",ok,岡山藩主であった池田章政が、1869年（明治2年）4月3日に現在の後楽園公園裏竹田河原に於て、奥羽戦争戦死者である雀部八郎時宜など34柱の招魂祭を挙行した。,,
Beppyo,"=HYPERLINK(""https://ja.wikipedia.org/wiki/岩木山神社"",""岩木山神社"")","=HYPERLINK(""https://www.wikidata.org/wiki/Q871375"",""Q871375"")",AUTOCHTHONOUS,山岳神（岩木山そのものが神体、山頂に創建）,"=HYPERLINK(""https://www.wikidata.org/wiki/Q135508874"",""Q135508874"")",ok,創建については諸説があるが、最も古い説では、宝亀11年（780年）、岩木山の山頂に社殿を造営したのが起源とされる。,,
Beppyo,"=HYPERLINK(""https://ja.wikipedia.org/wiki/常磐神社"",""常磐神社"")","=HYPERLINK(""https://www.wikidata.org/wiki/Q3530470"",""Q3530470"")",AUTOCHTHONOUS,人物神の新規奉斎（徳川光圀・斉昭を当地に祀る）,"=HYPERLINK(""https://www.wikidata.org/wiki/Q135508874"",""Q135508874"")",ok,明治初年、徳川光圀と徳川斉昭の徳を慕う水戸藩士により偕楽園内に祠堂が建てられた。,,
Beppyo,"=HYPERLINK(""https://ja.wikipedia.org/wiki/平安神宮"",""平安神宮"")","=HYPERLINK(""https://www.wikidata.org/wiki/Q385141"",""Q385141"")",AUTOCHTHONOUS,人物神の新規奉斎（桓武天皇を祀る神社として創祀）,"=HYPERLINK(""https://www.wikidata.org/wiki/Q135508874"",""Q135508874"")",ok,博覧会に先立つ3月15日には、平安遷都を行った天皇である第50代桓武天皇を祀る神社として創祀された。,,
Beppyo,"=HYPERLINK(""https://ja.wikipedia.org/wiki/広峯神社"",""広峯神社"")","=HYPERLINK(""https://www.wikidata.org/wiki/Q11484399"",""Q11484399"")",AUTOCHTHONOUS,当地での神威感得・牛頭天王総本宮,"=HYPERLINK(""https://www.wikidata.org/wiki/Q135508874"",""Q135508874"")",ok,天平5年（733年）、唐から帰った吉備真備が都へ戻る途中この地で神威を感じ、それを聖武天皇に報告したことにより、翌天平6年（734年）、白幣山に創建されたのに始まると伝えられる。,,
Beppyo,"=HYPERLINK(""https://ja.wikipedia.org/wiki/広島護国神社"",""広島護国神社"")","=HYPERLINK(""https://www.wikidata.org/wiki/Q84008"",""Q84008"")",AUTOCHTHONOUS,招魂社（戊辰戦争戦死者を奉祀する水草神社として建立）,"=HYPERLINK(""https://www.wikidata.org/wiki/Q135508874"",""Q135508874"")",ok,1868年（明治元年） - 芸州藩主浅野長訓により、廣島大須賀二葉の里に戊辰戦争に従軍して戦死した高間省三以下78人を奉祀するため「水草神社」として建立,,
Beppyo,"=HYPERLINK(""https://ja.wikipedia.org/wiki/寒川神社"",""寒川神社"")","=HYPERLINK(""https://www.wikidata.org/wiki/Q48744"",""Q48744"")",AUTOCHTHONOUS,相武国造の氏神として当地で創祀（土着の在地神）,"=HYPERLINK(""https://www.wikidata.org/wiki/Q135508874"",""Q135508874"")",ok,一説に古代より相模川より東部一帯に勢力を誇った相武国造がおり、相武国造の氏神として創祀されたと推定される。,,
Beppyo,"=HYPERLINK(""https://ja.wikipedia.org/wiki/寳登山神社"",""寳登山神社"")","=HYPERLINK(""https://www.wikidata.org/wiki/Q11452649"",""Q11452649"")",AUTOCHTHONOUS,宝登山での日本武尊の神異体験に基づく山の神の鎮祭,"=HYPERLINK(""https://www.wikidata.org/wiki/Q135508874"",""Q135508874"")",ok,巨犬は大山祇神の神犬であった事を知り、防火守護のため火産霊神を拝し、その後山麓に社殿を建て三神を鎮祭した。,,
Beppyo,"=HYPERLINK(""https://ja.wikipedia.org/wiki/射水神社"",""射水神社"")","=HYPERLINK(""https://www.wikidata.org/wiki/Q11458557"",""Q11458557"")",AUTOCHTHONOUS,二上山を神奈備とする山の神（伊彌頭国造の祖神）,"=HYPERLINK(""https://www.wikidata.org/wiki/Q135508874"",""Q135508874"")",ok,社伝によれば、当神社は二上山を神奈備とし、太古よりその麓に鎮座していた。,,
Beppyo,"=HYPERLINK(""https://ja.wikipedia.org/wiki/小国神社"",""小国神社"")","=HYPERLINK(""https://www.wikidata.org/wiki/Q421597"",""Q421597"")",AUTOCHTHONOUS,本宮山への神霊示現（当地での顕現）,"=HYPERLINK(""https://www.wikidata.org/wiki/Q135508874"",""Q135508874"")",ok,欽明天皇16年2月18日、現在地より6kmほど離れた本宮山に神霊が示現したので、勅命によりそこに社殿が造営されたのに始まる。,,
Beppyo,"=HYPERLINK(""https://ja.wikipedia.org/wiki/小御門神社"",""小御門神社"")","=HYPERLINK(""https://www.wikidata.org/wiki/Q11460773"",""Q11460773"")",AUTOCHTHONOUS,藤原師賢の墓跡（死没地・墓所への創祀）,"=HYPERLINK(""https://www.wikidata.org/wiki/Q135508874"",""Q135508874"")",ok,明治15年に師賢の墓跡に社殿を造営し、同年4月29日に鎮座祭が行われた。,,
Beppyo,"=HYPERLINK(""https://ja.wikipedia.org/wiki/尾張大国霊神社"",""尾張大国霊神社"")","=HYPERLINK(""https://www.wikidata.org/wiki/Q11465296"",""Q11465296"")",AUTOCHTHONOUS,当地の土地の霊力そのものを神と崇めた国霊神,"=HYPERLINK(""https://www.wikidata.org/wiki/Q135508874"",""Q135508874"")",ok,祭神の尾張大国霊神は、尾張人の祖先が当地を開拓する中で、自分達を養う土地の霊力を神と崇めたものとされる。,,
Beppyo,"=HYPERLINK(""https://ja.wikipedia.org/wiki/山口県護国神社"",""山口県護国神社"")","=HYPERLINK(""https://www.wikidata.org/wiki/Q11467121"",""Q11467121"")",AUTOCHTHONOUS,護国神社の招魂（県内戦没者の霊を当地で招魂）,"=HYPERLINK(""https://www.wikidata.org/wiki/Q135508874"",""Q135508874"")",ok,1903年に防長靖献会が設立され、現鎮座地の南に隣接する桜畠練兵場で招魂祭が斎行されていた。,,
Beppyo,"=HYPERLINK(""https://ja.wikipedia.org/wiki/山形県護国神社"",""山形県護国神社"")","=HYPERLINK(""https://www.wikidata.org/wiki/Q11468583"",""Q11468583"")",AUTOCHTHONOUS,護国神社の招魂（戊辰戦争戦死者を祀る招魂社に始まる）,"=HYPERLINK(""https://www.wikidata.org/wiki/Q135508874"",""Q135508874"")",ok,明治2年1月、戊辰戦争で戦死した薩摩藩士10柱を祀るために山形市八日町に社殿を造営したのに始まる。,,
Beppyo,"=HYPERLINK(""https://ja.wikipedia.org/wiki/山梨縣護國神社"",""山梨縣護國神社"")","=HYPERLINK(""https://www.wikidata.org/wiki/Q11469919"",""Q11469919"")",AUTOCHTHONOUS,護国神社の招魂（招魂社として創建）,"=HYPERLINK(""https://www.wikidata.org/wiki/Q135508874"",""Q135508874"")",ok,明治12年、招魂社として市内太田町に建立されたことに始まる。,,
Beppyo,"=HYPERLINK(""https://ja.wikipedia.org/wiki/廣瀬大社"",""廣瀬大社"")","=HYPERLINK(""https://www.wikidata.org/wiki/Q705281"",""Q705281"")",AUTOCHTHONOUS,託宣が下りた土地での初鎮座（沼が一夜で陸地化した奇瑞の地）,"=HYPERLINK(""https://www.wikidata.org/wiki/Q135508874"",""Q135508874"")",ok,崇神天皇9年、広瀬の河合の里長の廣瀬臣藤時に託宣があり、その地に大御膳神として社殿を建てて祀ったのに始まる。,,
Beppyo,"=HYPERLINK(""https://ja.wikipedia.org/wiki/廣田神社"",""廣田神社"")","=HYPERLINK(""https://www.wikidata.org/wiki/Q1466105"",""Q1466105"")",AUTOCHTHONOUS,天照大神自身の託宣が鎮座地を指定した荒魂の初鎮座,"=HYPERLINK(""https://www.wikidata.org/wiki/Q135508874"",""Q135508874"")",ok,「荒魂を皇居の近くに置くのは良くない。広田国に置くのが良い。」そこで皇后は、山背根子の娘の葉山媛に天照大神の荒魂を祀られた。,,
Beppyo,"=HYPERLINK(""https://ja.wikipedia.org/wiki/建部大社"",""建部大社"")","=HYPERLINK(""https://www.wikidata.org/wiki/Q403338"",""Q403338"")",AUTOCHTHONOUS,神勅による日本武尊の死後奉祀,"=HYPERLINK(""https://www.wikidata.org/wiki/Q135508874"",""Q135508874"")",ok,日本武尊の死後の景行天皇46年に、妃・布多遅比売命が神勅によって日本武尊を「建部大神」として祀ったのが当社の始まりとされている。,,
Beppyo,"=HYPERLINK(""https://ja.wikipedia.org/wiki/彌彦神社"",""彌彦神社"")","=HYPERLINK(""https://www.wikidata.org/wiki/Q195684"",""Q195684"")",AUTOCHTHONOUS,祭神の墓所（神廟）・神体山,"=HYPERLINK(""https://www.wikidata.org/wiki/Q135508874"",""Q135508874"")",ok,天香山命は神去り坐して神劒峰（弥彦山）に葬られ、御子である天五田根命が廟社を築き奉祀した事に始まる。,,
Beppyo,"=HYPERLINK(""https://ja.wikipedia.org/wiki/御上神社"",""御上神社"")","=HYPERLINK(""https://www.wikidata.org/wiki/Q11488762"",""Q11488762"")",AUTOCHTHONOUS,山頂への降臨・神体山（三上山）,"=HYPERLINK(""https://www.wikidata.org/wiki/Q135508874"",""Q135508874"")",ok,孝霊天皇6年6月18日に天之御影命が三上山の山頂に降臨し、御上祝が三上山を神体として祀ったのに始まると伝える。,,
Beppyo,"=HYPERLINK(""https://ja.wikipedia.org/wiki/忌宮神社"",""忌宮神社"")","=HYPERLINK(""https://www.wikidata.org/wiki/Q11490717"",""Q11490717"")",AUTOCHTHONOUS,仲哀天皇を自らの行宮（豊浦宮）跡に奉祀した死後奉斎,"=HYPERLINK(""https://www.wikidata.org/wiki/Q135508874"",""Q135508874"")",ok,筑紫の香椎で亡くなった仲哀天皇を、神功皇后が三韓征伐からの帰途、豊浦宮の跡に祀ったのに始まると伝える。,,
Beppyo,"=HYPERLINK(""https://ja.wikipedia.org/wiki/志賀海神社"",""志賀海神社"")","=HYPERLINK(""https://www.wikidata.org/wiki/Q11491171"",""Q11491171"")",AUTOCHTHONOUS,綿津見神社・海神社の総本社／阿曇氏の氏神,"=HYPERLINK(""https://www.wikidata.org/wiki/Q135508874"",""Q135508874"")",ok,全国の綿津見神社、海神社の総本社を称する。,,
Beppyo,"=HYPERLINK(""https://ja.wikipedia.org/wiki/愛媛縣護國神社"",""愛媛縣護國神社"")","=HYPERLINK(""https://www.wikidata.org/wiki/Q11493796"",""Q11493796"")",AUTOCHTHONOUS,私祭招魂社としての創建（招魂）,"=HYPERLINK(""https://www.wikidata.org/wiki/Q135508874"",""Q135508874"")",ok,明治32年、現在の松山東警察署の場所に私祭招魂社として創建された。,,
Beppyo,"=HYPERLINK(""https://ja.wikipedia.org/wiki/愛宕神社"",""愛宕神社"")","=HYPERLINK(""https://www.wikidata.org/wiki/Q713021"",""Q713021"")",AUTOCHTHONOUS,愛宕山（朝日峰）山上の神廟／全国愛宕神社の総本社,"=HYPERLINK(""https://www.wikidata.org/wiki/Q135508874"",""Q135508874"")",ok,大宝年間に、役小角と泰澄によって朝日峰に神廟が建立されたのが創建とされる。,,
Beppyo,"=HYPERLINK(""https://ja.wikipedia.org/wiki/愛知縣護國神社"",""愛知縣護國神社"")","=HYPERLINK(""https://www.wikidata.org/wiki/Q4696584"",""Q4696584"")",AUTOCHTHONOUS,招魂（旌忠社として戊辰戦争戦死者を当地に祀る）,"=HYPERLINK(""https://www.wikidata.org/wiki/Q135508874"",""Q135508874"")",ok,徳川慶勝が戊辰戦争で戦死した藩士ら25人の霊を名古屋市昭和区川名山に祀り、翌1869年5月に「旌忠社」として祠を建てたのに始まる。,,
Beppyo,"=HYPERLINK(""https://ja.wikipedia.org/wiki/戸隠神社"",""戸隠神社"")","=HYPERLINK(""https://www.wikidata.org/wiki/Q218828"",""Q218828"")",AUTOCHTHONOUS,地主神 九頭龍大神＋戸隠山そのものが御神体,"=HYPERLINK(""https://www.wikidata.org/wiki/Q135508874"",""Q135508874"")",ok,伝承では、この地の地主神である九頭龍大神が、天手力雄命を迎え入れたといわれている。,,
Beppyo,"=HYPERLINK(""https://ja.wikipedia.org/wiki/手長神社"",""手長神社"")","=HYPERLINK(""https://www.wikidata.org/wiki/Q11497169"",""Q11497169"")",AUTOCHTHONOUS,諏訪以前からこの地で信仰された在地神,"=HYPERLINK(""https://www.wikidata.org/wiki/Q135508874"",""Q135508874"")",ok,建御名方神が諏訪大社に祀られる以前からこの地で信仰されていた神とされる。,,
Beppyo,"=HYPERLINK(""https://ja.wikipedia.org/wiki/敢國神社"",""敢國神社"")","=HYPERLINK(""https://www.wikidata.org/wiki/Q11499487"",""Q11499487"")",AUTOCHTHONOUS,南宮山を神奈備とする原始信仰（阿閇氏の祖神）,"=HYPERLINK(""https://www.wikidata.org/wiki/Q135508874"",""Q135508874"")",ok,南宮山が円錐形を成す典型的な神奈備であることから、この南宮山に対する原始信仰に始まったと見られる。,,
Beppyo,"=HYPERLINK(""https://ja.wikipedia.org/wiki/新屋山神社"",""新屋山神社"")","=HYPERLINK(""https://www.wikidata.org/wiki/Q106388142"",""Q106388142"")",AUTOCHTHONOUS,富士山そのものを山の神とする信仰（奥宮は富士二合目）,"=HYPERLINK(""https://www.wikidata.org/wiki/Q135508874"",""Q135508874"")",ok,地元で「ヤマノカミサマ」と呼ばれて親しまれており、昔から山の神、産業の神として信仰されてきた。,,
Beppyo,"=HYPERLINK(""https://ja.wikipedia.org/wiki/新潟縣護國神社"",""新潟縣護國神社"")","=HYPERLINK(""https://www.wikidata.org/wiki/Q11503581"",""Q11503581"")",AUTOCHTHONOUS,招魂社（戦没者の墓碑の地に創建）,"=HYPERLINK(""https://www.wikidata.org/wiki/Q135508874"",""Q135508874"")",ok,戊辰戦争の官軍戦没者416柱を祀って社殿を造立し新潟招魂社として祭られた。,,
Beppyo,"=HYPERLINK(""https://ja.wikipedia.org/wiki/新田神社_(薩摩川内市)"",""新田神社 (薩摩川内市)"")","=HYPERLINK(""https://www.wikidata.org/wiki/Q11503757"",""Q11503757"")",AUTOCHTHONOUS,ニニギの陵墓（可愛山陵）に其の御霊を祀った創始,"=HYPERLINK(""https://www.wikidata.org/wiki/Q135508874"",""Q135508874"")",ok,ニニギノミコトの御霊を祀ったのが新田神社の創始である。,,
Beppyo,"=HYPERLINK(""https://ja.wikipedia.org/wiki/日光二荒山神社"",""日光二荒山神社"")","=HYPERLINK(""https://www.wikidata.org/wiki/Q701927"",""Q701927"")",AUTOCHTHONOUS,日光三山（男体山）を神体山とする祠,"=HYPERLINK(""https://www.wikidata.org/wiki/Q135508874"",""Q135508874"")",ok,上人が神護景雲元年に二荒山（男体山）の神を祭る祠を建てたことに始まるとされる。,,
Beppyo,"=HYPERLINK(""https://ja.wikipedia.org/wiki/日吉大社"",""日吉大社"")","=HYPERLINK(""https://www.wikidata.org/wiki/Q656451"",""Q656451"")",AUTOCHTHONOUS,八王子山の磐座（金大巌）に宿る大山咋神／日吉・日枝・山王社の総本社,"=HYPERLINK(""https://www.wikidata.org/wiki/Q135508874"",""Q135508874"")",ok,『古事記』には、八王子山の山頂近くの磐に大山咋神が宿ると記されており、これが最も古い記録である。,,
Beppyo,"=HYPERLINK(""https://ja.wikipedia.org/wiki/日御碕神社"",""日御碕神社"")","=HYPERLINK(""https://www.wikidata.org/wiki/Q1619446"",""Q1619446"")",AUTOCHTHONOUS,素盞嗚尊が占いで自ら鎮まる地を定め、その御魂を当地で奉斎,"=HYPERLINK(""https://www.wikidata.org/wiki/Q135508874"",""Q135508874"")",ok,柏葉を風で占うと隠ヶ丘に止まった。そこで御子・天葺根命は御魂をその地で奉斎したと伝わる。,,
Beppyo,"=HYPERLINK(""https://ja.wikipedia.org/wiki/明治神宮"",""明治神宮"")","=HYPERLINK(""https://www.wikidata.org/wiki/Q287165"",""Q287165"")",AUTOCHTHONOUS,崩御した明治天皇その人を新たに神として祀る創建,"=HYPERLINK(""https://www.wikidata.org/wiki/Q135508874"",""Q135508874"")",ok,祭神は明治天皇と昭憲皇太后で、明治天皇崩御後の1920年11月1日に創建された。,,
Beppyo,"=HYPERLINK(""https://ja.wikipedia.org/wiki/曩祖八幡宮"",""曩祖八幡宮"")","=HYPERLINK(""https://www.wikidata.org/wiki/Q11515065"",""Q11515065"")",AUTOCHTHONOUS,神功皇后が納祖の森に祭壇を設けた跡地への創建,"=HYPERLINK(""https://www.wikidata.org/wiki/Q135508874"",""Q135508874"")",ok,神功皇后が三韓征伐からの帰途、納祖の森に祭壇を設けて天神地祇を祀り,,
Beppyo,"=HYPERLINK(""https://ja.wikipedia.org/wiki/月山神社"",""月山神社"")","=HYPERLINK(""https://www.wikidata.org/wiki/Q11516052"",""Q11516052"")",AUTOCHTHONOUS,月山そのものを神体とする山岳信仰・開山,"=HYPERLINK(""https://www.wikidata.org/wiki/Q135508874"",""Q135508874"")",ok,蜂子皇子が推古天皇元年に羽黒山を開山し、さらに同年、月山を開山して当社を建立したのだと言う。,,
Beppyo,"=HYPERLINK(""https://ja.wikipedia.org/wiki/来宮神社"",""来宮神社"")","=HYPERLINK(""https://www.wikidata.org/wiki/Q11523682"",""Q11523682"")",AUTOCHTHONOUS,網にかかった木の根を神体とする漂着神・当地での神託,"=HYPERLINK(""https://www.wikidata.org/wiki/Q135508874"",""Q135508874"")",ok,五十猛命が現れ、潮騒が耳障りであるとの神託があり、現在地に遷祀したといい、木の根を神体としたところから「木の宮」と称えたという。,,
Beppyo,"=HYPERLINK(""https://ja.wikipedia.org/wiki/東郷神社_(渋谷区)"",""東郷神社 (渋谷区)"")","=HYPERLINK(""https://www.wikidata.org/wiki/Q1384780"",""Q1384780"")",AUTOCHTHONOUS,死去した東郷平八郎を顕彰して新たに神として祀る創建,"=HYPERLINK(""https://www.wikidata.org/wiki/Q135508874"",""Q135508874"")",ok,東郷平八郎が1934年5月30日に死去すると、全国から海軍省に東郷を顕彰する神社の創建の要望と献金が相次いだ。,,
Beppyo,"=HYPERLINK(""https://ja.wikipedia.org/wiki/松尾大社"",""松尾大社"")","=HYPERLINK(""https://www.wikidata.org/wiki/Q710302"",""Q710302"")",AUTOCHTHONOUS,神体山・松尾山山頂の磐座祭祀（山麓へ移しただけ）,"=HYPERLINK(""https://www.wikidata.org/wiki/Q135508874"",""Q135508874"")",ok,大宝元年に秦都理が現在地に社殿を造営し、松尾山の磐座から神霊を同地へ移したのが創建になるという。,,
Beppyo,"=HYPERLINK(""https://ja.wikipedia.org/wiki/松江護國神社"",""松江護國神社"")","=HYPERLINK(""https://www.wikidata.org/wiki/Q11239221"",""Q11239221"")",AUTOCHTHONOUS,護国神社の招魂,"=HYPERLINK(""https://www.wikidata.org/wiki/Q135508874"",""Q135508874"")",ok,昭和14年3月に松江招魂社として創建・鎮座した。,,
Beppyo,"=HYPERLINK(""https://ja.wikipedia.org/wiki/枚岡神社"",""枚岡神社"")","=HYPERLINK(""https://www.wikidata.org/wiki/Q32422"",""Q32422"")",AUTOCHTHONOUS,神津嶽の山岳信仰が創祀（春日大社の元宮＝「元春日」）,"=HYPERLINK(""https://www.wikidata.org/wiki/Q135508874"",""Q135508874"")",ok,神武天皇即位前3年、天種子命が勅命によって天児屋根命・比売神の2神を東方山上の神津嶽に奉斎したことに始まるとする。,,
Beppyo,"=HYPERLINK(""https://ja.wikipedia.org/wiki/枚聞神社"",""枚聞神社"")","=HYPERLINK(""https://www.wikidata.org/wiki/Q3136198"",""Q3136198"")",AUTOCHTHONOUS,開聞岳を神体とする山岳信仰,"=HYPERLINK(""https://www.wikidata.org/wiki/Q135508874"",""Q135508874"")",ok,元々は開聞岳を神体とする山岳信仰に根ざした神社であったと考えられ、当初は開聞岳の南麓に鎮座していたといわれている。,,
Beppyo,"=HYPERLINK(""https://ja.wikipedia.org/wiki/椿大神社"",""椿大神社"")","=HYPERLINK(""https://www.wikidata.org/wiki/Q3541617"",""Q3541617"")",AUTOCHTHONOUS,神託により猿田彦大神の墳墓の地に創建（墓所・総本社）,"=HYPERLINK(""https://www.wikidata.org/wiki/Q135508874"",""Q135508874"")",ok,垂仁天皇27年、倭姫命に下った神託により、猿田彦大神の墳墓の近くに「道別大神の社」として社殿が造営されたのを創始とする。,,
Beppyo,"=HYPERLINK(""https://ja.wikipedia.org/wiki/樽前山神社"",""樽前山神社"")","=HYPERLINK(""https://www.wikidata.org/wiki/Q11543697"",""Q11543697"")",AUTOCHTHONOUS,樽前山の山麓に祀られた山岳信仰の神祠（奥宮は山頂）,"=HYPERLINK(""https://www.wikidata.org/wiki/Q135508874"",""Q135508874"")",ok,当社の前身となる神祠は江戸時代から樽前山山麓にて祀られており,,
Beppyo,"=HYPERLINK(""https://ja.wikipedia.org/wiki/橿原神宮"",""橿原神宮"")","=HYPERLINK(""https://www.wikidata.org/wiki/Q710333"",""Q710333"")",AUTOCHTHONOUS,神武天皇の宮址の地に新規創建（親社なし）,"=HYPERLINK(""https://www.wikidata.org/wiki/Q135508874"",""Q135508874"")",ok,神武天皇が即位した地であるとされ、また皇居であったという畝傍橿原宮の推定地に創建されている。,,
Beppyo,"=HYPERLINK(""https://ja.wikipedia.org/wiki/武田神社"",""武田神社"")","=HYPERLINK(""https://www.wikidata.org/wiki/Q402368"",""Q402368"")",AUTOCHTHONOUS,武田信玄をその居館跡に祀る人物神社,"=HYPERLINK(""https://www.wikidata.org/wiki/Q135508874"",""Q135508874"")",ok,躑躅ヶ崎館の跡地（武田氏館跡）に建てられており、武田信玄を祭神とする。,,
Beppyo,"=HYPERLINK(""https://ja.wikipedia.org/wiki/比治山神社"",""比治山神社"")","=HYPERLINK(""https://www.wikidata.org/wiki/Q11547466"",""Q11547466"")",AUTOCHTHONOUS,比治山の黄幡谷に鎮座した在地の黄幡大明神,"=HYPERLINK(""https://www.wikidata.org/wiki/Q135508874"",""Q135508874"")",ok,元々は比治山の南の「黄幡谷」と呼ばれる谷に鎮座し、黄幡大明神・黄幡谷と称していた。,,
Beppyo,"=HYPERLINK(""https://ja.wikipedia.org/wiki/氣比神宮"",""氣比神宮"")","=HYPERLINK(""https://www.wikidata.org/wiki/Q11129346"",""Q11129346"")",AUTOCHTHONOUS,伊奢沙別命が境内の土公に降臨した在地神,"=HYPERLINK(""https://www.wikidata.org/wiki/Q135508874"",""Q135508874"")",ok,主祭神の伊奢沙別命は東北方の天筒山に霊跡を垂れ、境内北東方にある土公の地に降臨したという。,,
Beppyo,"=HYPERLINK(""https://ja.wikipedia.org/wiki/水天宮_(久留米市)"",""水天宮 (久留米市)"")","=HYPERLINK(""https://www.wikidata.org/wiki/Q3200625"",""Q3200625"")",AUTOCHTHONOUS,筑後川の水神＋安徳天皇・平家一門の霊を祀る総本宮,"=HYPERLINK(""https://www.wikidata.org/wiki/Q135508874"",""Q135508874"")",ok,建久年間に安徳天皇と平家一門の霊を祀る祠を建てたのに始まる。,,
Beppyo,"=HYPERLINK(""https://ja.wikipedia.org/wiki/水無瀬神宮"",""水無瀬神宮"")","=HYPERLINK(""https://www.wikidata.org/wiki/Q705121"",""Q705121"")",AUTOCHTHONOUS,後鳥羽上皇の遺勅により離宮跡に御影堂を建てて祀ったもの,"=HYPERLINK(""https://www.wikidata.org/wiki/Q135508874"",""Q135508874"")",ok,仁治元年に後鳥羽上皇の遺勅に基づき、水無瀬信成・親成親子が水無瀬殿下御所の跡地に御影堂を建立し、上皇を祀った。,,
Beppyo,"=HYPERLINK(""https://ja.wikipedia.org/wiki/水若酢神社"",""水若酢神社"")","=HYPERLINK(""https://www.wikidata.org/wiki/Q11549109"",""Q11549109"")",AUTOCHTHONOUS,神が海中から当地に上がった顕現伝承（島内での遷座のみ）,"=HYPERLINK(""https://www.wikidata.org/wiki/Q135508874"",""Q135508874"")",ok,崇神天皇の時代に神が海中から伊後の地に上がり、白鳩2羽に乗って遷座したとする伝承を記載する。,,
Beppyo,"=HYPERLINK(""https://ja.wikipedia.org/wiki/江島神社"",""江島神社"")","=HYPERLINK(""https://www.wikidata.org/wiki/Q11259219"",""Q11259219"")",AUTOCHTHONOUS,神宣（神託）に基づく島の洞窟への創建,"=HYPERLINK(""https://www.wikidata.org/wiki/Q135508874"",""Q135508874"")",ok,欽明天皇13年、神宣に基づき欽明天皇の勅命により、江の島の南の洞窟に宮を建てたのに始まると伝える。,,
Beppyo,"=HYPERLINK(""https://ja.wikipedia.org/wiki/沼名前神社"",""沼名前神社"")","=HYPERLINK(""https://www.wikidata.org/wiki/Q11554446"",""Q11554446"")",AUTOCHTHONOUS,当地の霊石に神を祀った（磐座祭祀）,"=HYPERLINK(""https://www.wikidata.org/wiki/Q135508874"",""Q135508874"")",ok,仲哀天皇2年に神功皇后が西国に向かった際、当地の霊石に綿津見命を祀り海路安全を祈ったことに始まるという。,,
Beppyo,"=HYPERLINK(""https://ja.wikipedia.org/wiki/波上宮"",""波上宮"")","=HYPERLINK(""https://www.wikidata.org/wiki/Q704636"",""Q704636"")",AUTOCHTHONOUS,当地での神託（および霊石・ニライカナイ拝所）,"=HYPERLINK(""https://www.wikidata.org/wiki/Q135508874"",""Q135508874"")",ok,「吾は熊野権現也、この地に社を建て祀れ、然らば国家を鎮護すべし」との神託があった。,,
Beppyo,"=HYPERLINK(""https://ja.wikipedia.org/wiki/津峯神社"",""津峯神社"")","=HYPERLINK(""https://www.wikidata.org/wiki/Q11556056"",""Q11556056"")",AUTOCHTHONOUS,神託により霊山の山頂に祀った（山＝神体）,"=HYPERLINK(""https://www.wikidata.org/wiki/Q135508874"",""Q135508874"")",ok,神亀元年、神託により、賀志波比賣命を霊山・津乃峰山の山頂に祀ったのに始まると伝える。,,
Beppyo,"=HYPERLINK(""https://ja.wikipedia.org/wiki/津島神社"",""津島神社"")","=HYPERLINK(""https://www.wikidata.org/wiki/Q705136"",""Q705136"")",AUTOCHTHONOUS,牛頭天王が当地に垂迹した地・全国天王社の総本社,"=HYPERLINK(""https://www.wikidata.org/wiki/Q135508874"",""Q135508874"")",ok,欽明天皇の代に四神相応の霊地として尾張国海部郡門真荘津島に垂迹したという。,,
Beppyo,"=HYPERLINK(""https://ja.wikipedia.org/wiki/海神社_(神戸市)"",""海神社 (神戸市)"")","=HYPERLINK(""https://www.wikidata.org/wiki/Q11559098"",""Q11559098"")",AUTOCHTHONOUS,当地の海上での神威（暴風鎮静）を機に祀った,"=HYPERLINK(""https://www.wikidata.org/wiki/Q135508874"",""Q135508874"")",ok,皇后が綿津見三神を祀ると暴風雨が治まり、その縁でこの地に綿津見三神を祀る社殿を建てたのが始まりという。,,
Beppyo,"=HYPERLINK(""https://ja.wikipedia.org/wiki/海神神社"",""海神神社"")","=HYPERLINK(""https://www.wikidata.org/wiki/Q11559099"",""Q11559099"")",AUTOCHTHONOUS,神功皇后が旗を納めた在地起源／伊豆山という神体山,"=HYPERLINK(""https://www.wikidata.org/wiki/Q135508874"",""Q135508874"")",ok,神功皇后が三韓征伐からの帰途、新羅を鎮めた証として旗八流を上県郡峰町に納めたことに由来するという。,,
Beppyo,"=HYPERLINK(""https://ja.wikipedia.org/wiki/湊川神社"",""湊川神社"")","=HYPERLINK(""https://www.wikidata.org/wiki/Q713188"",""Q713188"")",AUTOCHTHONOUS,楠木正成の墓所・殉節地に創建,"=HYPERLINK(""https://www.wikidata.org/wiki/Q135508874"",""Q135508874"")",ok,"1869年、墓所・殉節地を含む7,232坪を境内地と定め、1872年5月24日、湊川神社が創建された。",,
Beppyo,"=HYPERLINK(""https://ja.wikipedia.org/wiki/湯殿山神社"",""湯殿山神社"")","=HYPERLINK(""https://www.wikidata.org/wiki/Q11563607"",""Q11563607"")",AUTOCHTHONOUS,山そのものが神体（湯殿山の山岳信仰）,"=HYPERLINK(""https://www.wikidata.org/wiki/Q135508874"",""Q135508874"")",ok,もともと湯殿山は山岳信仰の対象であり、山自体に神が鎮まるものとして、人工的な信仰の場をつくることは禁じられてきたという。,,
Beppyo,"=HYPERLINK(""https://ja.wikipedia.org/wiki/滋賀縣護國神社"",""滋賀縣護國神社"")","=HYPERLINK(""https://www.wikidata.org/wiki/Q11564971"",""Q11564971"")",AUTOCHTHONOUS,護国神社の招魂（戊辰戦争戦死者の招魂碑が起源）,"=HYPERLINK(""https://www.wikidata.org/wiki/Q135508874"",""Q135508874"")",ok,1869年、彦根の大洞龍潭寺に戊辰戦争で戦死した彦根藩士26人の霊を祀る招魂碑が建てられたのが始まりである。,,
Beppyo,"=HYPERLINK(""https://ja.wikipedia.org/wiki/潮江天満宮"",""潮江天満宮"")","=HYPERLINK(""https://www.wikidata.org/wiki/Q11565717"",""Q11565717"")",AUTOCHTHONOUS,道真自身の遺品を子・高視の居所で祀った独自創祀（北野より古い）,"=HYPERLINK(""https://www.wikidata.org/wiki/Q135508874"",""Q135508874"")",ok,道真の御璽観音像が2年後に高視の元へ届けられたので、それらを祀ったのが創祀とされる。,,
Beppyo,"=HYPERLINK(""https://ja.wikipedia.org/wiki/濱田護國神社"",""濱田護國神社"")","=HYPERLINK(""https://www.wikidata.org/wiki/Q11566232"",""Q11566232"")",AUTOCHTHONOUS,護国神社の招魂（濱田招魂社）,"=HYPERLINK(""https://www.wikidata.org/wiki/Q135508874"",""Q135508874"")",ok,昭和13年に濱田招魂社として創建・鎮座した。,,
Beppyo,"=HYPERLINK(""https://ja.wikipedia.org/wiki/焼津神社"",""焼津神社"")","=HYPERLINK(""https://www.wikidata.org/wiki/Q3571342"",""Q3571342"")",AUTOCHTHONOUS,日本武尊の火難伝説の当地そのものを祀る,"=HYPERLINK(""https://www.wikidata.org/wiki/Q135508874"",""Q135508874"")",ok,反正天皇4年に日本武尊の功徳を敬って神社が創建されたとする。,,
Beppyo,"=HYPERLINK(""https://ja.wikipedia.org/wiki/照国神社"",""照国神社"")","=HYPERLINK(""https://www.wikidata.org/wiki/Q704219"",""Q704219"")",AUTOCHTHONOUS,島津斉彬の神霊を勅命の神号授与により新たに祀った（親社なし）,"=HYPERLINK(""https://www.wikidata.org/wiki/Q135508874"",""Q135508874"")",ok,孝明天皇の勅命による「照國大明神」の神号授与を受けて祠を造営したのが創祀で,,
Beppyo,"=HYPERLINK(""https://ja.wikipedia.org/wiki/熊本県護国神社"",""熊本県護国神社"")","=HYPERLINK(""https://www.wikidata.org/wiki/Q11568337"",""Q11568337"")",AUTOCHTHONOUS,護国神社の招魂（花岡山招魂社）,"=HYPERLINK(""https://www.wikidata.org/wiki/Q135508874"",""Q135508874"")",ok,1869年、熊本藩主細川韶邦と細川護久が、明治維新に殉じた藩士150柱を祀るために熊本市内に花岡山に招魂社を建立したのに始まる。,,
Beppyo,"=HYPERLINK(""https://ja.wikipedia.org/wiki/熊野大社"",""熊野大社"")","=HYPERLINK(""https://www.wikidata.org/wiki/Q11568887"",""Q11568887"")",AUTOCHTHONOUS,出雲の熊野信仰の根源社（紀伊熊野の分霊元とされる側）,"=HYPERLINK(""https://www.wikidata.org/wiki/Q135508874"",""Q135508874"")",ok,社伝では熊野村の住人が紀伊国に移住したときに分霊を勧請したのが熊野本宮大社の元であるとしている。,,
Beppyo,"=HYPERLINK(""https://ja.wikipedia.org/wiki/熊野速玉大社"",""熊野速玉大社"")","=HYPERLINK(""https://www.wikidata.org/wiki/Q335618"",""Q335618"")",AUTOCHTHONOUS,磐座（ゴトビキ岩）への神の降臨地・自社の元宮,"=HYPERLINK(""https://www.wikidata.org/wiki/Q135508874"",""Q135508874"")",ok,神代の頃に、神倉山の磐座であるゴトビキ岩に熊野速玉大神と熊野夫須美大神が降り立ち、そこで祀られることとなった。,,
Beppyo,"=HYPERLINK(""https://ja.wikipedia.org/wiki/熊野那智大社"",""熊野那智大社"")","=HYPERLINK(""https://www.wikidata.org/wiki/Q710359"",""Q710359"")",AUTOCHTHONOUS,那智滝そのものを神とする原始信仰,"=HYPERLINK(""https://www.wikidata.org/wiki/Q135508874"",""Q135508874"")",ok,山中の那智滝を神聖視する原始信仰に始まるため、社殿が創建されたのは他の二社よりも後である。,,
Beppyo,"=HYPERLINK(""https://ja.wikipedia.org/wiki/物部神社_(大田市)"",""物部神社 (大田市)"")","=HYPERLINK(""https://www.wikidata.org/wiki/Q11570699"",""Q11570699"")",AUTOCHTHONOUS,祭神の死没・墳墓地（八百山）に創建,"=HYPERLINK(""https://www.wikidata.org/wiki/Q135508874"",""Q135508874"")",ok,宇摩志麻遅命は現在の社殿の背後にある八百山に葬られ、継体天皇8年、天皇の命によって八百山の南麓に社殿が創建されたと伝えられる。,,
Beppyo,"=HYPERLINK(""https://ja.wikipedia.org/wiki/狭野神社"",""狭野神社"")","=HYPERLINK(""https://www.wikidata.org/wiki/Q3472357"",""Q3472357"")",AUTOCHTHONOUS,祭神（神武天皇）の生誕地に創建,"=HYPERLINK(""https://www.wikidata.org/wiki/Q135508874"",""Q135508874"")",ok,孝昭天皇の時代、神武天皇が誕生した地（高千穂峰の麓の皇子原）に創建されたといわれている。,,
Beppyo,"=HYPERLINK(""https://ja.wikipedia.org/wiki/猿田彦神社"",""猿田彦神社"")","=HYPERLINK(""https://www.wikidata.org/wiki/Q11572141"",""Q11572141"")",AUTOCHTHONOUS,神自身が鎮まった地・子孫の屋敷神を社としたもの,"=HYPERLINK(""https://www.wikidata.org/wiki/Q135508874"",""Q135508874"")",ok,猿田彦神はニニギの天降りの先導を終えた後、伊勢の五十鈴川の川上に鎮まった。,,
Beppyo,"=HYPERLINK(""https://ja.wikipedia.org/wiki/猿賀神社"",""猿賀神社"")","=HYPERLINK(""https://www.wikidata.org/wiki/Q3473746"",""Q3473746"")",AUTOCHTHONOUS,祭神の埋葬地・墓所に発する,"=HYPERLINK(""https://www.wikidata.org/wiki/Q135508874"",""Q135508874"")",ok,敗死した田道命は従者によって当地に埋葬され、人々が恐れて現在地西方の猿賀野に祀ったのに始まると伝える。,,
Beppyo,"=HYPERLINK(""https://ja.wikipedia.org/wiki/玉前神社"",""玉前神社"")","=HYPERLINK(""https://www.wikidata.org/wiki/Q564302"",""Q564302"")",AUTOCHTHONOUS,祭神が海からこの地に上陸した来臨地,"=HYPERLINK(""https://www.wikidata.org/wiki/Q135508874"",""Q135508874"")",ok,社伝では、玉依姫命は海からこの地に上がり、豊玉姫命から託された鵜葺草葺不合命を養育した。,,
Beppyo,"=HYPERLINK(""https://ja.wikipedia.org/wiki/玉祖神社"",""玉祖神社"")","=HYPERLINK(""https://www.wikidata.org/wiki/Q11572731"",""Q11572731"")",AUTOCHTHONOUS,祭神の死没・墳墓地に創建、当社が総本社,"=HYPERLINK(""https://www.wikidata.org/wiki/Q135508874"",""Q135508874"")",ok,祭神の玉祖命がこの地で亡くなったため、社殿を造営して祀ったのに始まるとされる。,,
Beppyo,"=HYPERLINK(""https://ja.wikipedia.org/wiki/生國魂神社"",""生國魂神社"")","=HYPERLINK(""https://www.wikidata.org/wiki/Q11574477"",""Q11574477"")",AUTOCHTHONOUS,国土そのものの神霊（地主神・国魂）を神武天皇が当地に鎮祭,"=HYPERLINK(""https://www.wikidata.org/wiki/Q135508874"",""Q135508874"")",ok,神武天皇が即位前、日本統一の際に摂津国難波碕に日本列島そのものの神、生島大神・足島大神を鎮祭したのが創建という。,,
Beppyo,"=HYPERLINK(""https://ja.wikipedia.org/wiki/生島足島神社"",""生島足島神社"")","=HYPERLINK(""https://www.wikidata.org/wiki/Q11574513"",""Q11574513"")",AUTOCHTHONOUS,当地の地主神（大地そのものが神体）,"=HYPERLINK(""https://www.wikidata.org/wiki/Q135508874"",""Q135508874"")",ok,この伝承から、生島・足島両神は当地の地主神であると見られており,,
Beppyo,"=HYPERLINK(""https://ja.wikipedia.org/wiki/生田神社"",""生田神社"")","=HYPERLINK(""https://www.wikidata.org/wiki/Q710086"",""Q710086"")",AUTOCHTHONOUS,当地での神託（稚日女尊が自ら鎮座地を指定）,"=HYPERLINK(""https://www.wikidata.org/wiki/Q135508874"",""Q135508874"")",ok,稚日女尊が現れて「吾は活田長峡国に居らむ」との神託があった。,,
Beppyo,"=HYPERLINK(""https://ja.wikipedia.org/wiki/田島神社"",""田島神社"")","=HYPERLINK(""https://www.wikidata.org/wiki/Q11576656"",""Q11576656"")",AUTOCHTHONOUS,島（加部島）に坐す北部九州土着の姫神、宗像大社の元宮,"=HYPERLINK(""https://www.wikidata.org/wiki/Q135508874"",""Q135508874"")",ok,有史以前からの北部九州土着の神とされる。,,
Beppyo,"=HYPERLINK(""https://ja.wikipedia.org/wiki/田村神社_(高松市)"",""田村神社 (高松市)"")","=HYPERLINK(""https://www.wikidata.org/wiki/Q11576978"",""Q11576978"")",AUTOCHTHONOUS,湧水「定水井」の水神（龍神）,"=HYPERLINK(""https://www.wikidata.org/wiki/Q135508874"",""Q135508874"")",ok,社殿創建前は井戸の上に神が祀られていたという社伝から、元々は当地の水神（龍神）であったとする説もある。,,
Beppyo,"=HYPERLINK(""https://ja.wikipedia.org/wiki/白山比咩神社"",""白山比咩神社"")","=HYPERLINK(""https://www.wikidata.org/wiki/Q704702"",""Q704702"")",AUTOCHTHONOUS,白山を神体山とする総本社（親社なし）,"=HYPERLINK(""https://www.wikidata.org/wiki/Q135508874"",""Q135508874"")",ok,白山の山麓に鎮座し、白山を神体山として祀る神社である。,,
Beppyo,"=HYPERLINK(""https://ja.wikipedia.org/wiki/真清田神社"",""真清田神社"")","=HYPERLINK(""https://www.wikidata.org/wiki/Q705916"",""Q705916"")",AUTOCHTHONOUS,当地への降臨（油田＝降臨伝承地からの遷座、親社なし）,"=HYPERLINK(""https://www.wikidata.org/wiki/Q135508874"",""Q135508874"")",ok,当地の伝承では、真清田大神は当地に降臨し、ここから現在の真清田神社の地に遷座したとする。,,
Beppyo,"=HYPERLINK(""https://ja.wikipedia.org/wiki/知立神社"",""知立神社"")","=HYPERLINK(""https://www.wikidata.org/wiki/Q11584639"",""Q11584639"")",AUTOCHTHONOUS,日本武尊による当地での新規創祀（勧請元なし）,"=HYPERLINK(""https://www.wikidata.org/wiki/Q135508874"",""Q135508874"")",ok,日本武尊が当地で戦勝を祈願し、平定後の帰途に感謝して建国祖神の上記4柱を祀ったのが創建という。,,
Beppyo,"=HYPERLINK(""https://ja.wikipedia.org/wiki/石川護国神社"",""石川護国神社"")","=HYPERLINK(""https://www.wikidata.org/wiki/Q11586369"",""Q11586369"")",AUTOCHTHONOUS,招魂社（戊辰戦争戦死者の霊を祀って創建）,"=HYPERLINK(""https://www.wikidata.org/wiki/Q135508874"",""Q135508874"")",ok,戊辰戦争で戦死した加賀藩の107名の霊を祀るため、明治3年12月15日に金沢藩知事前田慶寧が創建した招魂社にはじまる。,,
Beppyo,"=HYPERLINK(""https://ja.wikipedia.org/wiki/石鎚神社"",""石鎚神社"")","=HYPERLINK(""https://www.wikidata.org/wiki/Q11587273"",""Q11587273"")",AUTOCHTHONOUS,神体山（石鎚山そのものが神、石鎚山総本宮）,"=HYPERLINK(""https://www.wikidata.org/wiki/Q135508874"",""Q135508874"")",ok,日本霊異記には「石鎚山の名は石槌の神が坐すによる」とある。,,
Beppyo,"=HYPERLINK(""https://ja.wikipedia.org/wiki/砥鹿神社"",""砥鹿神社"")","=HYPERLINK(""https://www.wikidata.org/wiki/Q3530344"",""Q3530344"")",AUTOCHTHONOUS,神体山（本宮山そのものを御神体とする山岳信仰）,"=HYPERLINK(""https://www.wikidata.org/wiki/Q135508874"",""Q135508874"")",ok,古代から山自体を御神体として信仰する山岳信仰の対象であったと考えられている。,,
Beppyo,"=HYPERLINK(""https://ja.wikipedia.org/wiki/福井県護国神社"",""福井県護国神社"")","=HYPERLINK(""https://www.wikidata.org/wiki/Q11591507"",""Q11591507"")",AUTOCHTHONOUS,護国神社（県関係戦没者の招魂）,"=HYPERLINK(""https://www.wikidata.org/wiki/Q135508874"",""Q135508874"")",ok,明治維新前後から第二次世界大戦までの国難に殉じた福井県関係者約3万2千柱を祀る。,,
Beppyo,"=HYPERLINK(""https://ja.wikipedia.org/wiki/福井神社"",""福井神社"")","=HYPERLINK(""https://www.wikidata.org/wiki/Q11591715"",""Q11591715"")",AUTOCHTHONOUS,人物神（藩主松平慶永の霊を祀って創建）,"=HYPERLINK(""https://www.wikidata.org/wiki/Q135508874"",""Q135508874"")",ok,松平慶永を祀る神社として、昭和18年に創建された。,,
Beppyo,"=HYPERLINK(""https://ja.wikipedia.org/wiki/福岡縣護國神社"",""福岡縣護國神社"")","=HYPERLINK(""https://www.wikidata.org/wiki/Q11592931"",""Q11592931"")",AUTOCHTHONOUS,招魂社（戊辰戦争戦没藩士の招魂）,"=HYPERLINK(""https://www.wikidata.org/wiki/Q135508874"",""Q135508874"")",ok,明治元年11月、福岡藩主・黒田長知が、戊辰戦争に殉じた藩士を祀るため招魂社を創建したのに始まる。,,
Beppyo,"=HYPERLINK(""https://ja.wikipedia.org/wiki/福島縣護國神社"",""福島縣護國神社"")","=HYPERLINK(""https://www.wikidata.org/wiki/Q11593728"",""Q11593728"")",AUTOCHTHONOUS,招魂社（招魂場の英霊を合祀して創建）,"=HYPERLINK(""https://www.wikidata.org/wiki/Q135508874"",""Q135508874"")",ok,1879年10月4日、三か所にあった招魂場に祀られていた戦歿者を合祀し、官祭信夫山招魂社として創建されたことに始まる。,,
Beppyo,"=HYPERLINK(""https://ja.wikipedia.org/wiki/秋田県護国神社"",""秋田県護国神社"")","=HYPERLINK(""https://www.wikidata.org/wiki/Q11595542"",""Q11595542"")",AUTOCHTHONOUS,招魂社（戊辰戦争官軍戦没者を当地に祀る）,"=HYPERLINK(""https://www.wikidata.org/wiki/Q135508874"",""Q135508874"")",ok,明治2年、秋田藩主佐竹義堯が戊辰戦争に殉じた官軍戦没者425柱を高清水丘に祀ったのが起源である。,,
Beppyo,"=HYPERLINK(""https://ja.wikipedia.org/wiki/秋葉山本宮秋葉神社"",""秋葉山本宮秋葉神社"")","=HYPERLINK(""https://www.wikidata.org/wiki/Q500413"",""Q500413"")",AUTOCHTHONOUS,神体山（秋葉山そのものが神、全国秋葉神社の総本宮）,"=HYPERLINK(""https://www.wikidata.org/wiki/Q135508874"",""Q135508874"")",ok,上古より神体山・霊山として仰がれて来た。,,
Beppyo,"=HYPERLINK(""https://ja.wikipedia.org/wiki/秩父神社"",""秩父神社"")","=HYPERLINK(""https://www.wikidata.org/wiki/Q2963366"",""Q2963366"")",AUTOCHTHONOUS,国造による祖神奉斎・武甲山の神奈備遥拝,"=HYPERLINK(""https://www.wikidata.org/wiki/Q135508874"",""Q135508874"")",ok,崇神天皇の時代、知知夫彦命が、祖神の八意思兼命を祀ったことに始まると伝える。,,
Beppyo,"=HYPERLINK(""https://ja.wikipedia.org/wiki/穂高神社"",""穂高神社"")","=HYPERLINK(""https://www.wikidata.org/wiki/Q11597109"",""Q11597109"")",AUTOCHTHONOUS,安曇氏による祖神奉斎（奥穂高岳に穂高見神が降臨）,"=HYPERLINK(""https://www.wikidata.org/wiki/Q135508874"",""Q135508874"")",ok,安曇部氏によって祖神が祀られたのが創祀とされる。,,
Beppyo,"=HYPERLINK(""https://ja.wikipedia.org/wiki/竈山神社"",""竈山神社"")","=HYPERLINK(""https://www.wikidata.org/wiki/Q11597743"",""Q11597743"")",AUTOCHTHONOUS,墓所・死没地（彦五瀬命の竈山墓の上に奉斎）,"=HYPERLINK(""https://www.wikidata.org/wiki/Q135508874"",""Q135508874"")",ok,墓の造営後直ちに神霊を奉斎したがために墓と祠が一所にあるとしている。,,
Beppyo,"=HYPERLINK(""https://ja.wikipedia.org/wiki/竈門神社"",""竈門神社"")","=HYPERLINK(""https://www.wikidata.org/wiki/Q11597744"",""Q11597744"")",AUTOCHTHONOUS,山中での神顕現（玉依姫命の示現）・宝満山の神体山信仰,"=HYPERLINK(""https://www.wikidata.org/wiki/Q135508874"",""Q135508874"")",ok,天武天皇2年、心蓮上人が山中で修行していると玉依姫命が現れたため、山頂に上宮が建てられたという。,,
Beppyo,"=HYPERLINK(""https://ja.wikipedia.org/wiki/筑波山神社"",""筑波山神社"")","=HYPERLINK(""https://www.wikidata.org/wiki/Q11602876"",""Q11602876"")",AUTOCHTHONOUS,神体山（筑波山そのものが神）,"=HYPERLINK(""https://www.wikidata.org/wiki/Q135508874"",""Q135508874"")",ok,筑波山を神体山として祀る神社であり,,
Beppyo,"=HYPERLINK(""https://ja.wikipedia.org/wiki/箱根神社"",""箱根神社"")","=HYPERLINK(""https://www.wikidata.org/wiki/Q705310"",""Q705310"")",AUTOCHTHONOUS,神体山（神山）への山岳信仰・駒ケ岳の磐境祭祀,"=HYPERLINK(""https://www.wikidata.org/wiki/Q135508874"",""Q135508874"")",ok,聖占が駒ケ岳において神仙宮を開き開山したのが最初といわれ、神山を神体山として祀った,,
Beppyo,"=HYPERLINK(""https://ja.wikipedia.org/wiki/籠神社"",""籠神社"")","=HYPERLINK(""https://www.wikidata.org/wiki/Q705126"",""Q705126"")",AUTOCHTHONOUS,元伊勢の元鎮座地（豊受大神の原座）,"=HYPERLINK(""https://www.wikidata.org/wiki/Q135508874"",""Q135508874"")",ok,現在伊勢神宮外宮に祀られている豊受大神は、元々は「真名井原」の地に鎮座したという。,,
Beppyo,"=HYPERLINK(""https://ja.wikipedia.org/wiki/結城神社"",""結城神社"")","=HYPERLINK(""https://www.wikidata.org/wiki/Q11606619"",""Q11606619"")",AUTOCHTHONOUS,墓所・死没地に祀られた人物神（結城宗広）,"=HYPERLINK(""https://www.wikidata.org/wiki/Q135508874"",""Q135508874"")",ok,その墓と伝えられる場所には、塚の上に六体地蔵が置かれ、結城塚と呼ばれていた。,,
Beppyo,"=HYPERLINK(""https://ja.wikipedia.org/wiki/美保神社"",""美保神社"")","=HYPERLINK(""https://www.wikidata.org/wiki/Q3313076"",""Q3313076"")",AUTOCHTHONOUS,土地神（美保郷に坐す御穂須須美命）,"=HYPERLINK(""https://www.wikidata.org/wiki/Q135508874"",""Q135508874"")",ok,『出雲国風土記』には、「御穂須須美命」が美保郷に坐すとの記述がある。,,
Beppyo,"=HYPERLINK(""https://ja.wikipedia.org/wiki/群馬縣護國神社"",""群馬縣護國神社"")","=HYPERLINK(""https://www.wikidata.org/wiki/Q11609908"",""Q11609908"")",AUTOCHTHONOUS,護国神社の招魂,"=HYPERLINK(""https://www.wikidata.org/wiki/Q135508874"",""Q135508874"")",ok,明治42年に群馬県招魂会が結成され、高崎公園内の英霊殿で毎年招魂祭を行っていた。,,
Beppyo,"=HYPERLINK(""https://ja.wikipedia.org/wiki/若松恵比須神社"",""若松恵比須神社"")","=HYPERLINK(""https://www.wikidata.org/wiki/Q11616405"",""Q11616405"")",AUTOCHTHONOUS,海中から現れた霊石をこの地に祀った,"=HYPERLINK(""https://www.wikidata.org/wiki/Q135508874"",""Q135508874"")",ok,この石こそ海神が皇后の聖旅を守るみしるしの霊石であるとして、祀った祠が当社の始まりであるとする。,,
Beppyo,"=HYPERLINK(""https://ja.wikipedia.org/wiki/若狭彦神社"",""若狭彦神社"")","=HYPERLINK(""https://www.wikidata.org/wiki/Q11616630"",""Q11616630"")",AUTOCHTHONOUS,神の示現（下根来村白石の里に示現した二神）,"=HYPERLINK(""https://www.wikidata.org/wiki/Q135508874"",""Q135508874"")",ok,社伝では、二神は遠敷郡下根来村白石の里に示現したという。,,
Beppyo,"=HYPERLINK(""https://ja.wikipedia.org/wiki/英彦山神宮"",""英彦山神宮"")","=HYPERLINK(""https://www.wikidata.org/wiki/Q11616915"",""Q11616915"")",AUTOCHTHONOUS,神体山・祭神の降臨地,"=HYPERLINK(""https://www.wikidata.org/wiki/Q135508874"",""Q135508874"")",ok,祭神忍骨命の降臨した地とされて山上に一祠が建てられたのが起源とも云う。,,
Beppyo,"=HYPERLINK(""https://ja.wikipedia.org/wiki/茨城県護国神社"",""茨城県護国神社"")","=HYPERLINK(""https://www.wikidata.org/wiki/Q11617516"",""Q11617516"")",AUTOCHTHONOUS,護国神社の招魂（鎮霊社が起源）,"=HYPERLINK(""https://www.wikidata.org/wiki/Q135508874"",""Q135508874"")",ok,常磐神社の境内の現在の東湖神社の場所に立てられた鎮霊社を起源とする。,,
Beppyo,"=HYPERLINK(""https://ja.wikipedia.org/wiki/菊池神社_(菊池市)"",""菊池神社 (菊池市)"")","=HYPERLINK(""https://www.wikidata.org/wiki/Q94317"",""Q94317"")",AUTOCHTHONOUS,人物神を新たに祀る創建（菊池城址に創建）,"=HYPERLINK(""https://www.wikidata.org/wiki/Q135508874"",""Q135508874"")",ok,菊池氏のために菊池城址に菊池神社を建てた。,,
Beppyo,"=HYPERLINK(""https://ja.wikipedia.org/wiki/藤島神社"",""藤島神社"")","=HYPERLINK(""https://www.wikidata.org/wiki/Q11623940"",""Q11623940"")",AUTOCHTHONOUS,戦死地（新田義貞の戦没地・新田塚）に祠を建てた創建,"=HYPERLINK(""https://www.wikidata.org/wiki/Q135508874"",""Q135508874"")",ok,明治3年、福井知藩事・松平茂昭は新田塚に祠を建てる,,
Beppyo,"=HYPERLINK(""https://ja.wikipedia.org/wiki/西宮神社"",""西宮神社"")","=HYPERLINK(""https://www.wikidata.org/wiki/Q705297"",""Q705297"")",AUTOCHTHONOUS,漂着した神像＋神託による鎮座（えびす宮総本社）,"=HYPERLINK(""https://www.wikidata.org/wiki/Q135508874"",""Q135508874"")",ok,和田岬の沖に出現した蛭児命の神像を鳴尾の漁師が引き上げて自宅で祀っていたところ神託が降り、西の方に神像を遷して改めて祀ったのが当社の起源だという。,,
Beppyo,"=HYPERLINK(""https://ja.wikipedia.org/wiki/西寒多神社"",""西寒多神社"")","=HYPERLINK(""https://www.wikidata.org/wiki/Q195714"",""Q195714"")",AUTOCHTHONOUS,神体山（本宮山）に祠を建てた創祀,"=HYPERLINK(""https://www.wikidata.org/wiki/Q135508874"",""Q135508874"")",ok,応神天皇9年4月、武内宿禰が本宮山上に祠を建てたのが創祀であるという。,,
Beppyo,"=HYPERLINK(""https://ja.wikipedia.org/wiki/談山神社"",""談山神社"")","=HYPERLINK(""https://www.wikidata.org/wiki/Q488618"",""Q488618"")",AUTOCHTHONOUS,藤原鎌足の墓の上に建てられた（改葬墓所）,"=HYPERLINK(""https://www.wikidata.org/wiki/Q135508874"",""Q135508874"")",ok,定恵が唐から帰朝すると多武峯に改葬して墓の上に十三重塔を造立した。,,
Beppyo,"=HYPERLINK(""https://ja.wikipedia.org/wiki/諏訪大社"",""諏訪大社"")","=HYPERLINK(""https://www.wikidata.org/wiki/Q218813"",""Q218813"")",AUTOCHTHONOUS,建御名方神が逃れ着いた地・総本社（神体山／磐座信仰）,"=HYPERLINK(""https://www.wikidata.org/wiki/Q135508874"",""Q135508874"")",ok,建御名方神が国譲りに反対し、建御雷神に戦いを挑んだが負けてしまい、諏訪まで逃れた。,,
Beppyo,"=HYPERLINK(""https://ja.wikipedia.org/wiki/護王神社"",""護王神社"")","=HYPERLINK(""https://www.wikidata.org/wiki/Q11632526"",""Q11632526"")",AUTOCHTHONOUS,人物神を新たに祀る創建（護王善神社に始まる）,"=HYPERLINK(""https://www.wikidata.org/wiki/Q135508874"",""Q135508874"")",ok,護王神社は和気氏の創建による高雄山神護寺境内に作られた、和気清麻呂を祀った護王善神社に始まる。,,
Beppyo,"=HYPERLINK(""https://ja.wikipedia.org/wiki/豊国神社_(京都市)"",""豊国神社 (京都市)"")","=HYPERLINK(""https://www.wikidata.org/wiki/Q709822"",""Q709822"")",AUTOCHTHONOUS,墓所・廟所（秀吉の埋葬地に建てられた廟が起源）,"=HYPERLINK(""https://www.wikidata.org/wiki/Q135508874"",""Q135508874"")",ok,その麓に高野山の木食応其によって廟所が建立された。これがそもそもの当社の始まりである。,,
Beppyo,"=HYPERLINK(""https://ja.wikipedia.org/wiki/豊榮神社・野田神社"",""豊榮神社・野田神社"")","=HYPERLINK(""https://www.wikidata.org/wiki/Q11633774"",""Q11633774"")",AUTOCHTHONOUS,藩祖の霊を新たに祀った神社（毛利元就・敬親の神格化）,"=HYPERLINK(""https://www.wikidata.org/wiki/Q135508874"",""Q135508874"")",ok,毛利輝元が、萩江向村の春日神社境内に祖父元就の霊を祀ったのが前身で,,
Beppyo,"=HYPERLINK(""https://ja.wikipedia.org/wiki/貴船神社"",""貴船神社"")","=HYPERLINK(""https://www.wikidata.org/wiki/Q276779"",""Q276779"")",AUTOCHTHONOUS,当地上陸・当地の水神を祭る／全国二千社の総本宮,"=HYPERLINK(""https://www.wikidata.org/wiki/Q135508874"",""Q135508874"")",ok,玉依姫命が、黄色い船に乗って淀川・鴨川・貴船川を遡って当地に上陸し、水神を祭ったのに始まると伝えている。,,
Beppyo,"=HYPERLINK(""https://ja.wikipedia.org/wiki/賀茂別雷神社"",""賀茂別雷神社"")","=HYPERLINK(""https://www.wikidata.org/wiki/Q700448"",""Q700448"")",AUTOCHTHONOUS,神山（神体山）への降臨,"=HYPERLINK(""https://www.wikidata.org/wiki/Q135508874"",""Q135508874"")",ok,社伝では、神武天皇の代に神山の麓の御阿礼所に賀茂別雷命が降臨したと伝える。,,
Beppyo,"=HYPERLINK(""https://ja.wikipedia.org/wiki/賀茂御祖神社"",""賀茂御祖神社"")","=HYPERLINK(""https://www.wikidata.org/wiki/Q701620"",""Q701620"")",AUTOCHTHONOUS,御蔭山への降臨,"=HYPERLINK(""https://www.wikidata.org/wiki/Q135508874"",""Q135508874"")",ok,社伝では、神武天皇の御代に御蔭山に祭神が降臨したという。,,
Beppyo,"=HYPERLINK(""https://ja.wikipedia.org/wiki/赤間神宮"",""赤間神宮"")","=HYPERLINK(""https://www.wikidata.org/wiki/Q712617"",""Q712617"")",AUTOCHTHONOUS,死没地・陵墓（壇ノ浦で入水した安徳天皇の御影堂）,"=HYPERLINK(""https://www.wikidata.org/wiki/Q135508874"",""Q135508874"")",ok,赤間関に1191年、勅命により御影堂が建立され、建礼門院ゆかりの尼を奉仕させた。,,
Beppyo,"=HYPERLINK(""https://ja.wikipedia.org/wiki/近江神宮"",""近江神宮"")","=HYPERLINK(""https://www.wikidata.org/wiki/Q385407"",""Q385407"")",AUTOCHTHONOUS,天智天皇を縁の地（大津宮跡）に新たに祀った創建,"=HYPERLINK(""https://www.wikidata.org/wiki/Q135508874"",""Q135508874"")",ok,天智天皇をゆかりの地である大津宮跡に祀ろうという運動が起こり、1938年に官幣大社「近江神宮」の創建が決定された。,,
Beppyo,"=HYPERLINK(""https://ja.wikipedia.org/wiki/速谷神社"",""速谷神社"")","=HYPERLINK(""https://www.wikidata.org/wiki/Q11639721"",""Q11639721"")",AUTOCHTHONOUS,当地（安芸国）建国の祖神・阿岐国造の祖を祀る総鎮守,"=HYPERLINK(""https://www.wikidata.org/wiki/Q135508874"",""Q135508874"")",ok,安芸国建国の祖神を祀る安芸国総鎮守の神社。,,
Beppyo,"=HYPERLINK(""https://ja.wikipedia.org/wiki/都農神社"",""都農神社"")","=HYPERLINK(""https://www.wikidata.org/wiki/Q3541675"",""Q3541675"")",AUTOCHTHONOUS,当地の土地神を神武天皇が鎮祭したのが起源,"=HYPERLINK(""https://www.wikidata.org/wiki/Q135508874"",""Q135508874"")",ok,神武天皇即位の6年前、天皇が東征に向かう際に鎮祭したことに始まるという。,,
Beppyo,"=HYPERLINK(""https://ja.wikipedia.org/wiki/酒列磯前神社"",""酒列磯前神社"")","=HYPERLINK(""https://www.wikidata.org/wiki/Q11644289"",""Q11644289"")",AUTOCHTHONOUS,海岸への神の出現（斉衡3年の神現）による創建,"=HYPERLINK(""https://www.wikidata.org/wiki/Q135508874"",""Q135508874"")",ok,大己貴命が大洗に、少彦名命が酒列に祀られ、両社の創建となったと伝えられている。,,
Beppyo,"=HYPERLINK(""https://ja.wikipedia.org/wiki/金崎宮"",""金崎宮"")","=HYPERLINK(""https://www.wikidata.org/wiki/Q11647043"",""Q11647043"")",AUTOCHTHONOUS,死没地（金ヶ崎城で敗死した両親王を城址に祀る）,"=HYPERLINK(""https://www.wikidata.org/wiki/Q135508874"",""Q135508874"")",ok,明治23年、尊良親王を祀る官幣中社金崎宮が金ヶ崎城址に創立された。,,
Beppyo,"=HYPERLINK(""https://ja.wikipedia.org/wiki/金鑚神社"",""金鑚神社"")","=HYPERLINK(""https://www.wikidata.org/wiki/Q11647974"",""Q11647974"")",AUTOCHTHONOUS,神体山（御室山を直接拝し本殿を設けない山岳祭祀）,"=HYPERLINK(""https://www.wikidata.org/wiki/Q135508874"",""Q135508874"")",ok,社殿後背の御室山を神体山として祀る。,,
Beppyo,"=HYPERLINK(""https://ja.wikipedia.org/wiki/長崎縣護國神社"",""長崎縣護國神社"")","=HYPERLINK(""https://www.wikidata.org/wiki/Q11652880"",""Q11652880"")",AUTOCHTHONOUS,招魂社（戦没者の霊をこの地で祀る）,"=HYPERLINK(""https://www.wikidata.org/wiki/Q135508874"",""Q135508874"")",ok,明治2年12月、長崎市梅ヶ崎に、戊辰戦争で戦死した藩士43柱を祀る梅ヶ崎招魂社が創建され,,
Beppyo,"=HYPERLINK(""https://ja.wikipedia.org/wiki/長田神社"",""長田神社"")","=HYPERLINK(""https://www.wikidata.org/wiki/Q661395"",""Q661395"")",AUTOCHTHONOUS,神託（事代主神がこの地に祀れと託宣）,"=HYPERLINK(""https://www.wikidata.org/wiki/Q135508874"",""Q135508874"")",ok,事代主の神より「吾を長田国に祀れ」と神託を受け、創祀されたという。,,
Beppyo,"=HYPERLINK(""https://ja.wikipedia.org/wiki/長野縣護國神社"",""長野縣護國神社"")","=HYPERLINK(""https://www.wikidata.org/wiki/Q11654831"",""Q11654831"")",AUTOCHTHONOUS,招魂社（県内招魂社を統合した戦没者招魂）,"=HYPERLINK(""https://www.wikidata.org/wiki/Q135508874"",""Q135508874"")",ok,昭和13年11月、明治天皇の命により、長野県招魂社として仮社殿で創建された。,,
Beppyo,"=HYPERLINK(""https://ja.wikipedia.org/wiki/防府天満宮"",""防府天満宮"")","=HYPERLINK(""https://www.wikidata.org/wiki/Q704898"",""Q704898"")",AUTOCHTHONOUS,道真ゆかりの地に創建された最初の天満宮（親社なし）,"=HYPERLINK(""https://www.wikidata.org/wiki/Q135508874"",""Q135508874"")",ok,道真が亡くなった翌年である延喜2年に創建され、「日本最初に創建された天神様」を名乗る。,,
Beppyo,"=HYPERLINK(""https://ja.wikipedia.org/wiki/阿蘇神社"",""阿蘇神社"")","=HYPERLINK(""https://www.wikidata.org/wiki/Q715639"",""Q715639"")",AUTOCHTHONOUS,総本社（子神・速瓶玉命が当地で両親を祀ったのが起源）,"=HYPERLINK(""https://www.wikidata.org/wiki/Q135508874"",""Q135508874"")",ok,孝霊天皇9年6月、速瓶玉命が、両親を祀ったのに始まると伝える。,,
Beppyo,"=HYPERLINK(""https://ja.wikipedia.org/wiki/阿賀神社"",""阿賀神社"")","=HYPERLINK(""https://www.wikidata.org/wiki/Q11657692"",""Q11657692"")",AUTOCHTHONOUS,磐座・神体山信仰（夫婦岩など巨岩を磐座として祭祀）,"=HYPERLINK(""https://www.wikidata.org/wiki/Q135508874"",""Q135508874"")",ok,夫婦岩を始めとする巨岩を磐座として欽明天皇の時代には祭祀が行われ、崇拝されていたようである。,,
Beppyo,"=HYPERLINK(""https://ja.wikipedia.org/wiki/阿部野神社"",""阿部野神社"")","=HYPERLINK(""https://www.wikidata.org/wiki/Q11657965"",""Q11657965"")",AUTOCHTHONOUS,祭神の戦死地に創建（北畠顕家の没伝承地）,"=HYPERLINK(""https://www.wikidata.org/wiki/Q135508874"",""Q135508874"")",ok,北畠顕家が石津の戦いで敗れて亡くなったと伝承される地に、1875年、地元の有志が顕家を祀る祠を建立したのに始まる。,,
Beppyo,"=HYPERLINK(""https://ja.wikipedia.org/wiki/雄山神社"",""雄山神社"")","=HYPERLINK(""https://www.wikidata.org/wiki/Q11659204"",""Q11659204"")",AUTOCHTHONOUS,立山を神体とする山岳神・当地での神勅による開山,"=HYPERLINK(""https://www.wikidata.org/wiki/Q135508874"",""Q135508874"")",ok,雄山大神の神勅を奉じて開山造営された霊山であると言われている。,,
Beppyo,"=HYPERLINK(""https://ja.wikipedia.org/wiki/霊山神社"",""霊山神社"")","=HYPERLINK(""https://www.wikidata.org/wiki/Q11660718"",""Q11660718"")",AUTOCHTHONOUS,祭神ゆかりの地（北畠氏の本拠地・陸奥国府跡）に創建,"=HYPERLINK(""https://www.wikidata.org/wiki/Q135508874"",""Q135508874"")",ok,鎮座地の霊山は親房以降の北畠氏の本拠地で、顕家が陸奥国府を置いた地である。,,
Beppyo,"=HYPERLINK(""https://ja.wikipedia.org/wiki/霧島神宮"",""霧島神宮"")","=HYPERLINK(""https://www.wikidata.org/wiki/Q704622"",""Q704622"")",AUTOCHTHONOUS,山岳信仰（高千穂峰そのものが信仰対象）,"=HYPERLINK(""https://www.wikidata.org/wiki/Q135508874"",""Q135508874"")",ok,元々は高千穂峰そのものを信仰の対象とする山岳信仰から始まった神社であると考えられる。,,
Beppyo,"=HYPERLINK(""https://ja.wikipedia.org/wiki/青島神社"",""青島神社"")","=HYPERLINK(""https://www.wikidata.org/wiki/Q2857985"",""Q2857985"")",AUTOCHTHONOUS,島そのものが霊域（海洋信仰）／祭神が自ら宮を営んだ地,"=HYPERLINK(""https://www.wikidata.org/wiki/Q135508874"",""Q135508874"")",ok,元来は海洋に対する信仰によって創祀されたと考えられ、古くから青島自体が霊域として崇められており,,
Beppyo,"=HYPERLINK(""https://ja.wikipedia.org/wiki/靜岡縣護國神社"",""靜岡縣護國神社"")","=HYPERLINK(""https://www.wikidata.org/wiki/Q11663686"",""Q11663686"")",AUTOCHTHONOUS,護国神社の招魂,"=HYPERLINK(""https://www.wikidata.org/wiki/Q135508874"",""Q135508874"")",ok,1899年11月13日 - 官民一体で共に祭る「共祭招魂社」として静岡市北番町に創建,,
Beppyo,"=HYPERLINK(""https://ja.wikipedia.org/wiki/須佐神社_(出雲市)"",""須佐神社 (出雲市)"")","=HYPERLINK(""https://www.wikidata.org/wiki/Q11664502"",""Q11664502"")",AUTOCHTHONOUS,祭神が当地で自らの御魂を鎮めた地（須佐之男命の本宮）,"=HYPERLINK(""https://www.wikidata.org/wiki/Q135508874"",""Q135508874"")",ok,「須佐」と命名し、自らの御魂を鎮めたとの記述がある。,,
Beppyo,"=HYPERLINK(""https://ja.wikipedia.org/wiki/風浪宮"",""風浪宮"")","=HYPERLINK(""https://www.wikidata.org/wiki/Q11282543"",""Q11282543"")",AUTOCHTHONOUS,当地での新規奉斎（阿曇氏が少童命を祀った創祀）,"=HYPERLINK(""https://www.wikidata.org/wiki/Q135508874"",""Q135508874"")",ok,神功皇后が三韓征伐からの帰途、192年に筑後国葦原ノ津に寄った時、阿曇連磯良丸に少童命を祀ったのがはじまり,,
Beppyo,"=HYPERLINK(""https://ja.wikipedia.org/wiki/飛騨一宮水無神社"",""飛騨一宮水無神社"")","=HYPERLINK(""https://www.wikidata.org/wiki/Q704865"",""Q704865"")",AUTOCHTHONOUS,神体山（位山そのものを祀る）,"=HYPERLINK(""https://www.wikidata.org/wiki/Q135508874"",""Q135508874"")",ok,西南方の位山を神体山として祀る神社で、飛騨国の鎮守・祖神として古くは斐陀国造によって崇敬された。,,
Beppyo,"=HYPERLINK(""https://ja.wikipedia.org/wiki/香取神宮"",""香取神宮"")","=HYPERLINK(""https://www.wikidata.org/wiki/Q372380"",""Q372380"")",AUTOCHTHONOUS,全国香取神社の総本社（親社なし・フツヌシの本座）,"=HYPERLINK(""https://www.wikidata.org/wiki/Q135508874"",""Q135508874"")",ok,関東地方を中心として全国にある香取神社の総本社。,,
Beppyo,"=HYPERLINK(""https://ja.wikipedia.org/wiki/香椎宮"",""香椎宮"")","=HYPERLINK(""https://www.wikidata.org/wiki/Q631373"",""Q631373"")",AUTOCHTHONOUS,崩御地・行宮跡に営まれた霊廟（神託による創建）,"=HYPERLINK(""https://www.wikidata.org/wiki/Q135508874"",""Q135508874"")",ok,養老7年2月6日に神功皇后の神託があったため造営を始め、神亀元年12月20日に廟として創建されたとする。,,
Beppyo,"=HYPERLINK(""https://ja.wikipedia.org/wiki/馬場都々古別神社"",""馬場都々古別神社"")","=HYPERLINK(""https://www.wikidata.org/wiki/Q114593121"",""Q114593121"")",AUTOCHTHONOUS,地主神を建鉾山の磐座に祀った創祀,"=HYPERLINK(""https://www.wikidata.org/wiki/Q135508874"",""Q135508874"")",ok,日本武尊が奥羽に至り、都々古山に鉾を立てて味耜高彦根命を地主神として祀ったのが創祀とする。,,
Beppyo,"=HYPERLINK(""https://ja.wikipedia.org/wiki/駒形神社"",""駒形神社"")","=HYPERLINK(""https://www.wikidata.org/wiki/Q11668370"",""Q11668370"")",AUTOCHTHONOUS,神体山（駒ヶ岳）の神霊,"=HYPERLINK(""https://www.wikidata.org/wiki/Q135508874"",""Q135508874"")",ok,当社は駒ヶ岳の神霊を祀ったものとされる,,
Beppyo,"=HYPERLINK(""https://ja.wikipedia.org/wiki/高千穂神社"",""高千穂神社"")","=HYPERLINK(""https://www.wikidata.org/wiki/Q3514126"",""Q3514126"")",AUTOCHTHONOUS,当地に留まった三毛入野命が祖神を祀り、自身も当地に祀られた,"=HYPERLINK(""https://www.wikidata.org/wiki/Q135508874"",""Q135508874"")",ok,三毛入野命が神籬を建てて、祖神の日向三代とその配偶神を祀ったのに創まり,,
Beppyo,"=HYPERLINK(""https://ja.wikipedia.org/wiki/高津宮"",""高津宮"")","=HYPERLINK(""https://www.wikidata.org/wiki/Q11671792"",""Q11671792"")",AUTOCHTHONOUS,祭神自身の宮（難波高津宮）の遺跡上に創建,"=HYPERLINK(""https://www.wikidata.org/wiki/Q135508874"",""Q135508874"")",ok,貞観8年、清和天皇の勅命により難波高津宮の遺跡が探索され、石山の地に社殿を築いて仁徳天皇を祀ったのに始まる。,,
Beppyo,"=HYPERLINK(""https://ja.wikipedia.org/wiki/高瀬神社"",""高瀬神社"")","=HYPERLINK(""https://www.wikidata.org/wiki/Q3791906"",""Q3791906"")",AUTOCHTHONOUS,神が自身の御魂を当地に鎮め置いた（国魂神）,"=HYPERLINK(""https://www.wikidata.org/wiki/Q135508874"",""Q135508874"")",ok,大己貴命が北陸平定を終えて出雲へ戻る時に、国魂神として自身の御魂をこの地に鎮め置いたのに始まると伝えられる。,,
Beppyo,"=HYPERLINK(""https://ja.wikipedia.org/wiki/高知縣護國神社"",""高知縣護國神社"")","=HYPERLINK(""https://www.wikidata.org/wiki/Q11672548"",""Q11672548"")",AUTOCHTHONOUS,護国神社の招魂,"=HYPERLINK(""https://www.wikidata.org/wiki/Q135508874"",""Q135508874"")",ok,明治元年、土佐藩主山内豊範が陣歿した藩士105柱を招魂し、その御霊を鎮祭するため大島岬の地に社域を定め,,
Beppyo,"=HYPERLINK(""https://ja.wikipedia.org/wiki/高良大社"",""高良大社"")","=HYPERLINK(""https://www.wikidata.org/wiki/Q715647"",""Q715647"")",AUTOCHTHONOUS,高良玉垂命が高良山に自ら鎮座した（地主神から山を譲り受けた）,"=HYPERLINK(""https://www.wikidata.org/wiki/Q135508874"",""Q135508874"")",ok,高良玉垂命が一夜の宿として山を借りたいと申し出て、高木神が譲ったところ、玉垂命は結界を張って鎮座したとの伝説がある。,,
Beppyo,"=HYPERLINK(""https://ja.wikipedia.org/wiki/高麗神社"",""高麗神社"")","=HYPERLINK(""https://www.wikidata.org/wiki/Q10855289"",""Q10855289"")",AUTOCHTHONOUS,当地に移住した渡来氏族の祖（高麗若光）を祀る祖霊神,"=HYPERLINK(""https://www.wikidata.org/wiki/Q135508874"",""Q135508874"")",ok,高麗神社は、この高麗若光を祭っている。,,
Beppyo,"=HYPERLINK(""https://ja.wikipedia.org/wiki/鳥海山大物忌神社"",""鳥海山大物忌神社"")","=HYPERLINK(""https://www.wikidata.org/wiki/Q11173679"",""Q11173679"")",AUTOCHTHONOUS,神体山（鳥海山そのものが大物忌神）,"=HYPERLINK(""https://www.wikidata.org/wiki/Q135508874"",""Q135508874"")",ok,当初、「鳥海山」という山名は無く、山そのものが大物忌神と称されていた。,,
Beppyo,"=HYPERLINK(""https://ja.wikipedia.org/wiki/鵜戸神宮"",""鵜戸神宮"")","=HYPERLINK(""https://www.wikidata.org/wiki/Q704430"",""Q704430"")",AUTOCHTHONOUS,主祭神の降誕地（海食洞の産屋跡）に創祀,"=HYPERLINK(""https://www.wikidata.org/wiki/Q135508874"",""Q135508874"")",ok,本殿の鎮座する岩窟は豊玉姫が主祭神を産むための産屋を建てた場所で、その縁により崇神天皇の御代に創祀され,,
Beppyo,"=HYPERLINK(""https://ja.wikipedia.org/wiki/鷲宮神社"",""鷲宮神社"")","=HYPERLINK(""https://www.wikidata.org/wiki/Q611108"",""Q611108"")",AUTOCHTHONOUS,神自身が当地に到来し鎮守として祀られた総本社,"=HYPERLINK(""https://www.wikidata.org/wiki/Q135508874"",""Q135508874"")",ok,天穂日命と御子神の武夷鳥命が東国を経営するため当地に到着し、地元の部族と共に当地の鎮守として大己貴命を祀ったのに始まると伝える。,,
Beppyo,"=HYPERLINK(""https://ja.wikipedia.org/wiki/鹽竈神社"",""鹽竈神社"")","=HYPERLINK(""https://www.wikidata.org/wiki/Q133753"",""Q133753"")",AUTOCHTHONOUS,塩土老翁神がこの地に留まった全国鹽竈神社の総本社,"=HYPERLINK(""https://www.wikidata.org/wiki/Q135508874"",""Q135508874"")",ok,両神を先導した塩土老翁神がこの地に留まり、現地の人々に製塩を教えたことに始まると伝えられる。,,
Beppyo,"=HYPERLINK(""https://ja.wikipedia.org/wiki/鹿児島県護国神社"",""鹿児島県護国神社"")","=HYPERLINK(""https://www.wikidata.org/wiki/Q11676849"",""Q11676849"")",AUTOCHTHONOUS,護国神社・招魂社（靖献霊社に始まる）,"=HYPERLINK(""https://www.wikidata.org/wiki/Q135508874"",""Q135508874"")",ok,明治元年、鳥羽・伏見の戦いの戦死者を祀るための金500両により創建された靖献霊社に始まる。,,
Beppyo,"=HYPERLINK(""https://ja.wikipedia.org/wiki/鹿児島神宮"",""鹿児島神宮"")","=HYPERLINK(""https://www.wikidata.org/wiki/Q704695"",""Q704695"")",AUTOCHTHONOUS,祭神自身の宮殿（高千穂宮）跡を神社としたもの,"=HYPERLINK(""https://www.wikidata.org/wiki/Q135508874"",""Q135508874"")",ok,神武天皇の御代に天津日高彦穗穗出見尊の宮殿であった高千穂宮を神社としたもの,,
Beppyo,"=HYPERLINK(""https://ja.wikipedia.org/wiki/鹿島神宮"",""鹿島神宮"")","=HYPERLINK(""https://www.wikidata.org/wiki/Q706499"",""Q706499"")",AUTOCHTHONOUS,高天原からの直接降臨地、全国鹿島神社の総本社,"=HYPERLINK(""https://www.wikidata.org/wiki/Q135508874"",""Q135508874"")",ok,「香島の天の大神」が高天原より香島の宮に降臨したとしている。,,
Beppyo,"=HYPERLINK(""https://ja.wikipedia.org/wiki/黄金山神社_(石巻市)"",""黄金山神社 (石巻市)"")","=HYPERLINK(""https://www.wikidata.org/wiki/Q11677857"",""Q11677857"")",AUTOCHTHONOUS,島（金華山）そのものを神とする自然崇拝、日本初の産金地,"=HYPERLINK(""https://www.wikidata.org/wiki/Q135508874"",""Q135508874"")",ok,島自体を神霊視する自然崇拝の対象とされていたと思われ,,
Beppyo,"=HYPERLINK(""https://ja.wikipedia.org/wiki/龍田大社"",""龍田大社"")","=HYPERLINK(""https://www.wikidata.org/wiki/Q246455"",""Q246455"")",AUTOCHTHONOUS,天皇への神託（夢のお告げ）による龍田山への創建,"=HYPERLINK(""https://www.wikidata.org/wiki/Q135508874"",""Q135508874"")",ok,夢で天御柱命・国御柱命の二柱の神を龍田山に祀れというお告げがあり、これによって創建されたという。,,
Beppyo,"=HYPERLINK(""https://ja.wikipedia.org/wiki/井草八幡宮"",""井草八幡宮"")","=HYPERLINK(""https://www.wikidata.org/wiki/Q11373756"",""Q11373756"")",NETWORK,八幡神（源氏の八幡信仰）,"=HYPERLINK(""https://www.wikidata.org/wiki/Q261637"",""Q261637"")",ok,,,
Beppyo,"=HYPERLINK(""https://ja.wikipedia.org/wiki/住吉神社_(小樽市)"",""住吉神社 (小樽市)"")","=HYPERLINK(""https://www.wikidata.org/wiki/Q11381867"",""Q11381867"")",NETWORK,住吉神（総本社は住吉大社、勧請元社名なし）,"=HYPERLINK(""https://www.wikidata.org/wiki/Q1114013"",""Q1114013"")",ok,,,
Beppyo,"=HYPERLINK(""https://ja.wikipedia.org/wiki/冨士山下宮小室浅間神社"",""冨士山下宮小室浅間神社"")","=HYPERLINK(""https://www.wikidata.org/wiki/Q11459659"",""Q11459659"")",NETWORK,富士山・浅間大神（二合目からの勧請説は記事が否定）,"=HYPERLINK(""https://www.wikidata.org/wiki/Q653180"",""富士山本宮浅間大社"")",ok,,,
Beppyo,"=HYPERLINK(""https://ja.wikipedia.org/wiki/函館八幡宮"",""函館八幡宮"")","=HYPERLINK(""https://www.wikidata.org/wiki/Q11395952"",""Q11395952"")",NETWORK,八幡神（勧請元社名なし）,"=HYPERLINK(""https://www.wikidata.org/wiki/Q261637"",""Q261637"")",ok,,,
Beppyo,"=HYPERLINK(""https://ja.wikipedia.org/wiki/千栗八幡宮"",""千栗八幡宮"")","=HYPERLINK(""https://www.wikidata.org/wiki/Q11405620"",""Q11405620"")",NETWORK,宇佐八幡宮（五所別宮の一）,"=HYPERLINK(""https://www.wikidata.org/wiki/Q715632"",""宇佐神宮"")",ok,,,
Beppyo,"=HYPERLINK(""https://ja.wikipedia.org/wiki/吉備津彦神社"",""吉備津彦神社"")","=HYPERLINK(""https://www.wikidata.org/wiki/Q500763"",""Q500763"")",NETWORK,吉備津神社（本宮）,"=HYPERLINK(""https://www.wikidata.org/wiki/Q712824"",""吉備津神社"")",ok,,,
Beppyo,"=HYPERLINK(""https://ja.wikipedia.org/wiki/安房神社"",""安房神社"")","=HYPERLINK(""https://www.wikidata.org/wiki/Q705547"",""Q705547"")",NETWORK,天太玉命神社（忌部氏祖神・阿波忌部の東遷）,"=HYPERLINK(""https://www.wikidata.org/wiki/Q11442508"",""Q11442508"")",ok,,,
Beppyo,"=HYPERLINK(""https://ja.wikipedia.org/wiki/上川神社"",""上川神社"")","=HYPERLINK(""https://www.wikidata.org/wiki/Q11358960"",""Q11358960"")",NETWORK,天照大神（本社の由来記載なし。太宰府天満宮分霊は境内社）,"=HYPERLINK(""https://www.wikidata.org/wiki/Q455602"",""Q455602"")",ok,,,
Beppyo,"=HYPERLINK(""https://ja.wikipedia.org/wiki/師岡熊野神社"",""師岡熊野神社"")","=HYPERLINK(""https://www.wikidata.org/wiki/Q11481110"",""Q11481110"")",NETWORK,熊野大権現（熊野三山）,"=HYPERLINK(""https://www.wikidata.org/wiki/Q11568925"",""Q11568925"")",ok,神亀元年（724年）、僧・全寿が空から降って来た熊野大権現の神札を当地の梛の大木のうろに納め祀ったと伝えられる。,,
Beppyo,"=HYPERLINK(""https://ja.wikipedia.org/wiki/平濱八幡宮"",""平濱八幡宮"")","=HYPERLINK(""https://www.wikidata.org/wiki/Q11483250"",""Q11483250"")",NETWORK,石清水八幡宮（平浜別宮）,"=HYPERLINK(""https://www.wikidata.org/wiki/Q710098"",""石清水八幡宮"")",ok,この地は京都の石清水八幡宮の社領であり、当社は「平浜別宮」と呼ばれ、石清水八幡宮の社家の支流が奉斎していた。,,
Beppyo,"=HYPERLINK(""https://ja.wikipedia.org/wiki/射楯兵主神社"",""射楯兵主神社"")","=HYPERLINK(""https://www.wikidata.org/wiki/Q11458547"",""Q11458547"")",NETWORK,伊和神社（伊和大神＝兵主大神）／播磨の伊和族,"=HYPERLINK(""https://www.wikidata.org/wiki/Q65320"",""伊和神社"")",ok,兵主神は伊和大神であると言われている。,,
Beppyo,"=HYPERLINK(""https://ja.wikipedia.org/wiki/日枝神社_(富山市)"",""日枝神社 (富山市)"")","=HYPERLINK(""https://www.wikidata.org/wiki/Q11509530"",""Q11509530"")",NETWORK,日吉神社（日枝山麓）／山王権現信仰,"=HYPERLINK(""https://www.wikidata.org/wiki/Q11470054"",""Q11470054"")",ok,日枝神社を山王さんというのは日枝山麓にある日吉神社の祭神を山王権現と称することからきている。,,
Beppyo,"=HYPERLINK(""https://ja.wikipedia.org/wiki/桜山八幡宮"",""桜山八幡宮"")","=HYPERLINK(""https://www.wikidata.org/wiki/Q11537980"",""Q11537980"")",NETWORK,八幡大神（応神天皇）,"=HYPERLINK(""https://www.wikidata.org/wiki/Q261637"",""Q261637"")",ok,難波根子武振熊命が戦勝祈願のために先代の応神天皇を祀ったのに始まると伝える。,,
Beppyo,"=HYPERLINK(""https://ja.wikipedia.org/wiki/水戸東照宮"",""水戸東照宮"")","=HYPERLINK(""https://www.wikidata.org/wiki/Q11548625"",""Q11548625"")",NETWORK,東照宮（東照大権現・徳川家康）,"=HYPERLINK(""https://www.wikidata.org/wiki/Q1190456"",""Q1190456"")",ok,元和7年、家康の十一男で水戸藩の藩祖である頼房が、父の家康を祀るために景勝地の霊松山に創建した。,,
Beppyo,"=HYPERLINK(""https://ja.wikipedia.org/wiki/氷川神社_(川越市)"",""氷川神社 (川越市)"")","=HYPERLINK(""https://www.wikidata.org/wiki/Q11549607"",""Q11549607"")",NETWORK,氷川神（大宮氷川神社・氷川信仰）,"=HYPERLINK(""https://www.wikidata.org/wiki/Q11549596"",""Q11549596"")",ok,入間川で夜な夜な光るものがあり、これを氷川神の霊光だと捉え、当地に氷川神社を勧請したと伝えられる。,,
Beppyo,"=HYPERLINK(""https://ja.wikipedia.org/wiki/湯島天満宮"",""湯島天満宮"")","=HYPERLINK(""https://www.wikidata.org/wiki/Q335606"",""Q335606"")",NETWORK,菅原道真（天神信仰／天満宮）※勧請元の社名なし,"=HYPERLINK(""https://www.wikidata.org/wiki/Q382005"",""Q382005"")",ok,正平10年2月に郷民が菅原道真を勧請した。,,
Beppyo,"=HYPERLINK(""https://ja.wikipedia.org/wiki/神田明神"",""神田明神"")","=HYPERLINK(""https://www.wikidata.org/wiki/Q717682"",""Q717682"")",NETWORK,出雲系氏族の祖神・大己貴命,"=HYPERLINK(""https://www.wikidata.org/wiki/Q696362"",""出雲大社"")",ok,天平2年、武蔵国豊島郡芝崎村に入植した出雲系の氏族が、大己貴命を祖神として祀ったのに始まる。,,
Beppyo,"=HYPERLINK(""https://ja.wikipedia.org/wiki/福山八幡宮"",""福山八幡宮"")","=HYPERLINK(""https://www.wikidata.org/wiki/Q11592011"",""Q11592011"")",NETWORK,八幡神,"=HYPERLINK(""https://www.wikidata.org/wiki/Q261637"",""Q261637"")",ok,前身となる延広八幡宮と野上八幡宮は古代から深津郡に奉祀されていたとされている,,
Beppyo,"=HYPERLINK(""https://ja.wikipedia.org/wiki/秋田諏訪宮"",""秋田諏訪宮"")","=HYPERLINK(""https://www.wikidata.org/wiki/Q17191063"",""Q17191063"")",NETWORK,諏訪大社（建御名方富命・諏訪大祝家）,"=HYPERLINK(""https://www.wikidata.org/wiki/Q218813"",""諏訪大社"")",ok,1087年 - 後三年の役に参戦した信濃國諏訪大祝為仲が在陣中に当宮で祭祀を行うと伝わる。,,
Beppyo,"=HYPERLINK(""https://ja.wikipedia.org/wiki/稲毛神社"",""稲毛神社"")","=HYPERLINK(""https://www.wikidata.org/wiki/Q11596691"",""Q11596691"")",NETWORK,武甕槌神（鹿島の神）,"=HYPERLINK(""https://www.wikidata.org/wiki/Q1502690"",""Q1502690"")",ok,社伝によれば、武甕槌神を祀って天皇の軍の戦勝を祈ったのに始まると伝えられる。,,
Beppyo,"=HYPERLINK(""https://ja.wikipedia.org/wiki/笠間稲荷神社"",""笠間稲荷神社"")","=HYPERLINK(""https://www.wikidata.org/wiki/Q704876"",""Q704876"")",NETWORK,稲荷（宇迦之御魂命）― 勧請元不詳,"=HYPERLINK(""https://www.wikidata.org/wiki/Q3080728"",""Q3080728"")",ok,勧請元となった稲荷神社も不詳である。,,
Beppyo,"=HYPERLINK(""https://ja.wikipedia.org/wiki/箭弓稲荷神社_(東松山市)"",""箭弓稲荷神社 (東松山市)"")","=HYPERLINK(""https://www.wikidata.org/wiki/Q11603300"",""Q11603300"")",NETWORK,稲荷（箭弓稲荷大明神・保食神）,"=HYPERLINK(""https://www.wikidata.org/wiki/Q719665"",""Q719665"")",ok,戦いに大勝した礼として頼信は社殿を寄進し、それを機に「箭弓稲荷大明神」と称されるようになった。,,
Beppyo,"=HYPERLINK(""https://ja.wikipedia.org/wiki/若宮八幡社_(名古屋市中区)"",""若宮八幡社 (名古屋市中区)"")","=HYPERLINK(""https://www.wikidata.org/wiki/Q11616255"",""Q11616255"")",NETWORK,八幡（応神天皇・仁徳天皇）,"=HYPERLINK(""https://www.wikidata.org/wiki/Q317997"",""Q317997"")",ok,主祭神 - 仁徳天皇、応神天皇、武内宿禰命,,
Beppyo,"=HYPERLINK(""https://ja.wikipedia.org/wiki/飛幡八幡宮"",""飛幡八幡宮"")","=HYPERLINK(""https://www.wikidata.org/wiki/Q11665771"",""Q11665771"")",NETWORK,八幡神（宇都宮氏の氏神、出身地の宇都宮から勧請）,"=HYPERLINK(""https://www.wikidata.org/wiki/Q261637"",""Q261637"")",ok,宇都宮重業が、出身地の宇都宮から氏神の八幡神を勧請し、花尾城の鬼門にあたる枝光村宮田山に祀ったのに始まる。,,
Beppyo,"=HYPERLINK(""https://ja.wikipedia.org/wiki/鮎貝八幡宮"",""鮎貝八幡宮"")","=HYPERLINK(""https://www.wikidata.org/wiki/Q11674156"",""Q11674156"")",NETWORK,八幡神,"=HYPERLINK(""https://www.wikidata.org/wiki/Q261637"",""Q261637"")",ok,康平3年、源義家が八幡神を勧請し、錦旗を神体として社地を定めて祀ったのに始まると伝えられる。,,
Beppyo,"=HYPERLINK(""https://ja.wikipedia.org/wiki/亀山八幡宮_(下関市)"",""亀山八幡宮 (下関市)"")","=HYPERLINK(""https://www.wikidata.org/wiki/Q11370831"",""Q11370831"")",TRANSFER,宇佐神宮,"=HYPERLINK(""https://www.wikidata.org/wiki/Q715632"",""宇佐神宮"")",ok,,,
Beppyo,"=HYPERLINK(""https://ja.wikipedia.org/wiki/亀山八幡宮_(佐世保市)"",""亀山八幡宮 (佐世保市)"")","=HYPERLINK(""https://www.wikidata.org/wiki/Q11370833"",""Q11370833"")",TRANSFER,宇佐神宮,"=HYPERLINK(""https://www.wikidata.org/wiki/Q715632"",""宇佐神宮"")",ok,,,
Beppyo,"=HYPERLINK(""https://ja.wikipedia.org/wiki/亀山神社_(呉市清水)"",""亀山神社 (呉市清水)"")","=HYPERLINK(""https://www.wikidata.org/wiki/Q11370879"",""Q11370879"")",TRANSFER,宇佐神宮,"=HYPERLINK(""https://www.wikidata.org/wiki/Q715632"",""宇佐神宮"")",ok,,,
Beppyo,"=HYPERLINK(""https://ja.wikipedia.org/wiki/五社神社・諏訪神社"",""五社神社・諏訪神社"")","=HYPERLINK(""https://www.wikidata.org/wiki/Q11372582"",""Q11372582"")",TRANSFER,春日大社,"=HYPERLINK(""https://www.wikidata.org/wiki/Q714559"",""春日大社"")",ok,,,
Beppyo,"=HYPERLINK(""https://ja.wikipedia.org/wiki/今宮戎神社"",""今宮戎神社"")","=HYPERLINK(""https://www.wikidata.org/wiki/Q11376859"",""Q11376859"")",TRANSFER,八坂神社,"=HYPERLINK(""https://www.wikidata.org/wiki/Q692714"",""八坂神社"")",ok,,,
Beppyo,"=HYPERLINK(""https://ja.wikipedia.org/wiki/伊勢山皇大神宮"",""伊勢山皇大神宮"")","=HYPERLINK(""https://www.wikidata.org/wiki/Q11378990"",""Q11378990"")",TRANSFER,伊勢神宮,"=HYPERLINK(""https://www.wikidata.org/wiki/Q687168"",""伊勢神宮"")",ok,,,
Beppyo,"=HYPERLINK(""https://ja.wikipedia.org/wiki/八幡朝見神社"",""八幡朝見神社"")","=HYPERLINK(""https://www.wikidata.org/wiki/Q11391001"",""Q11391001"")",TRANSFER,鶴岡八幡宮,"=HYPERLINK(""https://www.wikidata.org/wiki/Q701403"",""Q701403"")",ok,,,
Beppyo,"=HYPERLINK(""https://ja.wikipedia.org/wiki/八重垣神社"",""八重垣神社"")","=HYPERLINK(""https://www.wikidata.org/wiki/Q3571285"",""Q3571285"")",TRANSFER,須我神社,"=HYPERLINK(""https://www.wikidata.org/wiki/Q11664579"",""Q11664579"")",ok,,,
Beppyo,"=HYPERLINK(""https://ja.wikipedia.org/wiki/大原野神社"",""大原野神社"")","=HYPERLINK(""https://www.wikidata.org/wiki/Q3594020"",""Q3594020"")",TRANSFER,春日大社,"=HYPERLINK(""https://www.wikidata.org/wiki/Q714559"",""春日大社"")",ok,,,
Beppyo,"=HYPERLINK(""https://ja.wikipedia.org/wiki/大宮八幡宮_(杉並区)"",""大宮八幡宮 (杉並区)"")","=HYPERLINK(""https://www.wikidata.org/wiki/Q10934922"",""Q10934922"")",TRANSFER,石清水八幡宮,"=HYPERLINK(""https://www.wikidata.org/wiki/Q710098"",""石清水八幡宮"")",ok,,,
Beppyo,"=HYPERLINK(""https://ja.wikipedia.org/wiki/大杉神社"",""大杉神社"")","=HYPERLINK(""https://www.wikidata.org/wiki/Q11435950"",""Q11435950"")",TRANSFER,大神神社,"=HYPERLINK(""https://www.wikidata.org/wiki/Q705542"",""大神神社"")",ok,,,
Beppyo,"=HYPERLINK(""https://ja.wikipedia.org/wiki/土佐神社"",""土佐神社"")","=HYPERLINK(""https://www.wikidata.org/wiki/Q704890"",""Q704890"")",TRANSFER,鳴無神社,"=HYPERLINK(""https://www.wikidata.org/wiki/Q11675401"",""Q11675401"")",ok,,,
Beppyo,"=HYPERLINK(""https://ja.wikipedia.org/wiki/伊曽乃神社"",""伊曽乃神社"")","=HYPERLINK(""https://www.wikidata.org/wiki/Q11379396"",""Q11379396"")",TRANSFER,伊勢神宮,"=HYPERLINK(""https://www.wikidata.org/wiki/Q687168"",""伊勢神宮"")",ok,,,
Beppyo,"=HYPERLINK(""https://ja.wikipedia.org/wiki/北口本宮冨士浅間神社"",""北口本宮冨士浅間神社"")","=HYPERLINK(""https://www.wikidata.org/wiki/Q11401286"",""Q11401286"")",TRANSFER,冨士御室浅間神社,"=HYPERLINK(""https://www.wikidata.org/wiki/Q11395081"",""冨士御室浅間神社"")",ok,,,
Beppyo,"=HYPERLINK(""https://ja.wikipedia.org/wiki/北海道神宮"",""北海道神宮"")","=HYPERLINK(""https://www.wikidata.org/wiki/Q710826"",""Q710826"")",TRANSFER,神祇官（東京の北海道鎮座神祭）,"=HYPERLINK(""https://www.wikidata.org/wiki/Q2264720"",""Q2264720"")",ok,,,
Beppyo,"=HYPERLINK(""https://ja.wikipedia.org/wiki/太皷谷稲成神社"",""太皷谷稲成神社"")","=HYPERLINK(""https://www.wikidata.org/wiki/Q11444477"",""Q11444477"")",TRANSFER,伏見稲荷大社,"=HYPERLINK(""https://www.wikidata.org/wiki/Q714828"",""Q714828"")",ok,,,
Beppyo,"=HYPERLINK(""https://ja.wikipedia.org/wiki/宇佐神宮"",""宇佐神宮"")","=HYPERLINK(""https://www.wikidata.org/wiki/Q715632"",""Q715632"")",TRANSFER,大分八幡宮,"=HYPERLINK(""https://www.wikidata.org/wiki/Q11432652"",""Q11432652"")",ok,,,
Beppyo,"=HYPERLINK(""https://ja.wikipedia.org/wiki/吉備津神社_(福山市)"",""吉備津神社 (福山市)"")","=HYPERLINK(""https://www.wikidata.org/wiki/Q6404042"",""Q6404042"")",TRANSFER,吉備津神社,"=HYPERLINK(""https://www.wikidata.org/wiki/Q712824"",""吉備津神社"")",ok,,,
Beppyo,"=HYPERLINK(""https://ja.wikipedia.org/wiki/吉田神社"",""吉田神社"")","=HYPERLINK(""https://www.wikidata.org/wiki/Q713177"",""Q713177"")",TRANSFER,春日大社,"=HYPERLINK(""https://www.wikidata.org/wiki/Q714559"",""春日大社"")",ok,,,
Beppyo,"=HYPERLINK(""https://ja.wikipedia.org/wiki/吉野神宮"",""吉野神宮"")","=HYPERLINK(""https://www.wikidata.org/wiki/Q11414497"",""Q11414497"")",TRANSFER,吉水神社,"=HYPERLINK(""https://www.wikidata.org/wiki/Q3572667"",""Q3572667"")",ok,,,
Beppyo,"=HYPERLINK(""https://ja.wikipedia.org/wiki/一之宮貫前神社"",""一之宮貫前神社"")","=HYPERLINK(""https://www.wikidata.org/wiki/Q10863796"",""Q10863796"")",TRANSFER,咲前神社,"=HYPERLINK(""https://www.wikidata.org/wiki/Q130456565"",""Q130456565"")",ok,,,
Beppyo,"=HYPERLINK(""https://ja.wikipedia.org/wiki/三嶋大社"",""三嶋大社"")","=HYPERLINK(""https://www.wikidata.org/wiki/Q650772"",""Q650772"")",TRANSFER,大山祇神社,"=HYPERLINK(""https://www.wikidata.org/wiki/Q703904"",""大山祇神社"")",ok,,,
Beppyo,"=HYPERLINK(""https://ja.wikipedia.org/wiki/中山神社"",""中山神社"")","=HYPERLINK(""https://www.wikidata.org/wiki/Q11364246"",""Q11364246"")",TRANSFER,吉備中山（吉備津彦神社／吉備津神社の地）,"=HYPERLINK(""https://www.wikidata.org/wiki/Q135646238"",""Q135646238"")",ok,,,
Beppyo,"=HYPERLINK(""https://ja.wikipedia.org/wiki/帯廣神社"",""帯廣神社"")","=HYPERLINK(""https://www.wikidata.org/wiki/Q11481193"",""Q11481193"")",TRANSFER,札幌神社（現・北海道神宮）,"=HYPERLINK(""https://www.wikidata.org/wiki/Q710826"",""北海道神宮"")",ok,同年9月24日、札幌神社（現・北海道神宮）から分霊の勧請を受けた。,,
Beppyo,"=HYPERLINK(""https://ja.wikipedia.org/wiki/平塚八幡宮"",""平塚八幡宮"")","=HYPERLINK(""https://www.wikidata.org/wiki/Q11482330"",""Q11482330"")",TRANSFER,宇佐神宮,"=HYPERLINK(""https://www.wikidata.org/wiki/Q715632"",""宇佐神宮"")",ok,当社は石清水八幡宮より130年以上前の神亀年間（724年 - 729年）に宇佐神宮から勧請を受け、これにより当地が八幡庄と呼ばれるようになったのだと言う。,,
Beppyo,"=HYPERLINK(""https://ja.wikipedia.org/wiki/平野神社"",""平野神社"")","=HYPERLINK(""https://www.wikidata.org/wiki/Q738971"",""Q738971"")",TRANSFER,田村後宮（平城京、今木神の旧鎮座地）,"=HYPERLINK(""https://www.wikidata.org/wiki/Q862509"",""Q862509"")",ok,桓武天皇による平安京遷都に伴って、この今木神が大内裏近くに移し祀られたのが平野神社の創建になるとされる。,,
Beppyo,"=HYPERLINK(""https://ja.wikipedia.org/wiki/寒河江八幡宮"",""寒河江八幡宮"")","=HYPERLINK(""https://www.wikidata.org/wiki/Q11457413"",""Q11457413"")",TRANSFER,石清水八幡宮（京都男山八幡宮）,"=HYPERLINK(""https://www.wikidata.org/wiki/Q710098"",""石清水八幡宮"")",ok,寛治7年（1093年）に京都男山八幡宮を勧請し八幡原に創建したと伝える。,,
Beppyo,"=HYPERLINK(""https://ja.wikipedia.org/wiki/尾山神社"",""尾山神社"")","=HYPERLINK(""https://www.wikidata.org/wiki/Q998709"",""Q998709"")",TRANSFER,卯辰八幡社（現・宇多須神社）,"=HYPERLINK(""https://www.wikidata.org/wiki/Q125927189"",""Q125927189"")",ok,11月16日にはときの県令内田政風を始めとする官吏が参列して、卯辰八幡社より神霊遷座が行われた。,,
Beppyo,"=HYPERLINK(""https://ja.wikipedia.org/wiki/志和稲荷神社"",""志和稲荷神社"")","=HYPERLINK(""https://www.wikidata.org/wiki/Q11490845"",""Q11490845"")",TRANSFER,伏見稲荷大社,"=HYPERLINK(""https://www.wikidata.org/wiki/Q714828"",""Q714828"")",ok,天喜5年、源頼義が戦勝を祈願して京の伏見稲荷神社から分霊を勧請して創祀したと伝え,,
Beppyo,"=HYPERLINK(""https://ja.wikipedia.org/wiki/日枝神社_(千代田区)"",""日枝神社 (千代田区)"")","=HYPERLINK(""https://www.wikidata.org/wiki/Q702042"",""Q702042"")",TRANSFER,仙波日枝神社（川越・無量寿寺鎮守）,"=HYPERLINK(""https://www.wikidata.org/wiki/Q11509531"",""Q11509531"")",ok,文明10年、太田道灌が江戸城築城にあたり、川越の無量寿寺の鎮守である仙波日枝神社を勧請したことに始まる。,,
Beppyo,"=HYPERLINK(""https://ja.wikipedia.org/wiki/日牟禮八幡宮"",""日牟禮八幡宮"")","=HYPERLINK(""https://www.wikidata.org/wiki/Q11509681"",""Q11509681"")",TRANSFER,宇佐八幡（宇佐神宮）,"=HYPERLINK(""https://www.wikidata.org/wiki/Q715632"",""宇佐神宮"")",ok,正暦2年に一条天皇の勅願により、八幡山上に社を建立し、宇佐八幡を勧請して上の八幡宮として祀り,,
Beppyo,"=HYPERLINK(""https://ja.wikipedia.org/wiki/春日大社"",""春日大社"")","=HYPERLINK(""https://www.wikidata.org/wiki/Q714559"",""Q714559"")",TRANSFER,鹿島神宮（あわせて香取神宮・枚岡神社）,"=HYPERLINK(""https://www.wikidata.org/wiki/Q706499"",""鹿島神宮"")",ok,神護景雲2年に藤原永手が鹿島の武甕槌命、香取の経津主命と、枚岡神社に祀られていた天児屋根命・比売神を併せ、御蓋山の麓の四殿の社殿を造営したのをもって春日社の創祀としている。,,
Beppyo,"=HYPERLINK(""https://ja.wikipedia.org/wiki/春日神社_(大分市)"",""春日神社 (大分市)"")","=HYPERLINK(""https://www.wikidata.org/wiki/Q11513662"",""Q11513662"")",TRANSFER,春日大社,"=HYPERLINK(""https://www.wikidata.org/wiki/Q714559"",""春日大社"")",ok,貞観2年、豊後国国司となった藤原世数により氏神である大和国の春日大社を勧請して創建された。,,
Beppyo,"=HYPERLINK(""https://ja.wikipedia.org/wiki/東京大神宮"",""東京大神宮"")","=HYPERLINK(""https://www.wikidata.org/wiki/Q11524717"",""Q11524717"")",TRANSFER,伊勢神宮（皇大神宮）,"=HYPERLINK(""https://www.wikidata.org/wiki/Q687168"",""伊勢神宮"")",ok,神宮司庁東京出張所には、明治天皇の勅裁を仰ぎ伊勢神宮の分霊が祀られていた。,,
Beppyo,"=HYPERLINK(""https://ja.wikipedia.org/wiki/柞原八幡宮"",""柞原八幡宮"")","=HYPERLINK(""https://www.wikidata.org/wiki/Q195715"",""Q195715"")",TRANSFER,宇佐八幡宮（宇佐神宮）,"=HYPERLINK(""https://www.wikidata.org/wiki/Q715632"",""宇佐神宮"")",ok,当社が宇佐八幡の豊後国における分祀であるのは間違いなく、宇佐八幡の別宮の一つとして崇敬を受けた。,,
Beppyo,"=HYPERLINK(""https://ja.wikipedia.org/wiki/櫛田神社_(福岡市)"",""櫛田神社 (福岡市)"")","=HYPERLINK(""https://www.wikidata.org/wiki/Q865839"",""Q865839"")",TRANSFER,櫛田神社 (松阪市),"=HYPERLINK(""https://www.wikidata.org/wiki/Q11544726"",""Q11544726"")",ok,天平宝字元年、松阪にあった櫛田神社を勧請したのに始まるとされる。,,
Beppyo,"=HYPERLINK(""https://ja.wikipedia.org/wiki/武水別神社"",""武水別神社"")","=HYPERLINK(""https://www.wikidata.org/wiki/Q11546041"",""Q11546041"")",TRANSFER,石清水八幡宮,"=HYPERLINK(""https://www.wikidata.org/wiki/Q710098"",""石清水八幡宮"")",ok,安和年間に石清水八幡宮から八幡神（相殿の3柱）が勧請されたと伝える。,,
Beppyo,"=HYPERLINK(""https://ja.wikipedia.org/wiki/氷川神社"",""氷川神社"")","=HYPERLINK(""https://www.wikidata.org/wiki/Q703633"",""Q703633"")",TRANSFER,杵築大社（出雲大社）,"=HYPERLINK(""https://www.wikidata.org/wiki/Q11528832"",""Q11528832"")",ok,ただし氷川神社側は出雲肥河の川上に鎮座する杵築大社（出雲大社）から分祀したとしている。,,
Beppyo,"=HYPERLINK(""https://ja.wikipedia.org/wiki/浅間神社_(笛吹市)"",""浅間神社 (笛吹市)"")","=HYPERLINK(""https://www.wikidata.org/wiki/Q11557476"",""Q11557476"")",TRANSFER,山宮神社（摂社・元宮）,"=HYPERLINK(""https://www.wikidata.org/wiki/Q1071160"",""Q1071160"")",ok,垂仁天皇8年正月に神山の麓（現 摂社山宮神社）で創建され、貞観7年旧暦12月9日現在地に遷座したという。,,
Beppyo,"=HYPERLINK(""https://ja.wikipedia.org/wiki/深志神社"",""深志神社"")","=HYPERLINK(""https://www.wikidata.org/wiki/Q11560040"",""Q11560040"")",TRANSFER,北野天満宮,"=HYPERLINK(""https://www.wikidata.org/wiki/Q662176"",""北野天満宮"")",ok,応永9年には小笠原長基が北野天満宮（天神）を勧請した。,,
Beppyo,"=HYPERLINK(""https://ja.wikipedia.org/wiki/熊野神社_(南陽市)"",""熊野神社 (南陽市)"")","=HYPERLINK(""https://www.wikidata.org/wiki/Q288312"",""Q288312"")",TRANSFER,熊野三山（紀伊国熊野権現）,"=HYPERLINK(""https://www.wikidata.org/wiki/Q10403700"",""Q10403700"")",ok,大同元年、平城天皇の勅命により紀伊国熊野権現の勧請を受けて再興されたとするもの,,
Beppyo,"=HYPERLINK(""https://ja.wikipedia.org/wiki/熱田神宮"",""熱田神宮"")","=HYPERLINK(""https://www.wikidata.org/wiki/Q482065"",""Q482065"")",TRANSFER,伊勢神宮（皇大神宮）,"=HYPERLINK(""https://www.wikidata.org/wiki/Q687168"",""伊勢神宮"")",ok,この後、神剣は伊勢の神宮から氷上邑を経て、さらに熱田へ遷ることになる,,
Beppyo,"=HYPERLINK(""https://ja.wikipedia.org/wiki/琴崎八幡宮"",""琴崎八幡宮"")","=HYPERLINK(""https://www.wikidata.org/wiki/Q11573763"",""Q11573763"")",TRANSFER,宇佐神宮（宇佐八幡）,"=HYPERLINK(""https://www.wikidata.org/wiki/Q715632"",""宇佐神宮"")",ok,貞観元年、行教が宇佐から石清水へ八幡神を勧請する途中で宇部郷琴芝の浦に行宮が設けられ、その跡地に村人が八幡神の分霊を祀ったのが当社の起源であるという。,,
Beppyo,"=HYPERLINK(""https://ja.wikipedia.org/wiki/甲宗八幡神社"",""甲宗八幡神社"")","=HYPERLINK(""https://www.wikidata.org/wiki/Q11577728"",""Q11577728"")",TRANSFER,宇佐八幡宮（男山遷座途次の分祀）,"=HYPERLINK(""https://www.wikidata.org/wiki/Q715632"",""宇佐神宮"")",ok,清和天皇の勅願によりこの地に八幡神を分祀し、併せて神功皇后着用の甲を奉斎して創建されたのが始まりとされる。,,
Beppyo,"=HYPERLINK(""https://ja.wikipedia.org/wiki/白山神社_(新潟市中央区一番堀通町)"",""白山神社 (新潟市中央区一番堀通町)"")","=HYPERLINK(""https://www.wikidata.org/wiki/Q11579595"",""Q11579595"")",TRANSFER,白山比咩神社,"=HYPERLINK(""https://www.wikidata.org/wiki/Q704702"",""白山比咩神社"")",ok,菊理媛大神は加賀国の白山比咩神社（白山権現）を勧請したものである。,,
Beppyo,"=HYPERLINK(""https://ja.wikipedia.org/wiki/白峯神宮"",""白峯神宮"")","=HYPERLINK(""https://www.wikidata.org/wiki/Q705635"",""Q705635"")",TRANSFER,白峯陵・頓証寺殿（讃岐国）,"=HYPERLINK(""https://www.wikidata.org/wiki/Q929682"",""Q929682"")",ok,頓証寺殿の本尊であった崇徳上皇僧形座像図を当宮に移し、翌日、明治天皇が親拝した。,,
Beppyo,"=HYPERLINK(""https://ja.wikipedia.org/wiki/盛岡八幡宮"",""盛岡八幡宮"")","=HYPERLINK(""https://www.wikidata.org/wiki/Q11581351"",""Q11581351"")",TRANSFER,石清水八幡宮,"=HYPERLINK(""https://www.wikidata.org/wiki/Q710098"",""石清水八幡宮"")",ok,康平5年、源頼義が安倍氏討伐の際に、戦勝を祈願して石清水八幡を勧請したのに始まると伝えられる。,,
Beppyo,"=HYPERLINK(""https://ja.wikipedia.org/wiki/石上神宮"",""石上神宮"")","=HYPERLINK(""https://www.wikidata.org/wiki/Q708859"",""Q708859"")",TRANSFER,宮中（宇摩志麻治命の斎場。一説に石上布都魂神社）,"=HYPERLINK(""https://www.wikidata.org/wiki/Q11453221"",""Q11453221"")",ok,物部氏の祖宇摩志麻治命により宮中で祀られていたものを当社に移したという。,,
Beppyo,"=HYPERLINK(""https://ja.wikipedia.org/wiki/石清水八幡宮"",""石清水八幡宮"")","=HYPERLINK(""https://www.wikidata.org/wiki/Q710098"",""Q710098"")",TRANSFER,宇佐神宮,"=HYPERLINK(""https://www.wikidata.org/wiki/Q715632"",""宇佐神宮"")",ok,貞観年間に大安寺僧の行教が宇佐神宮から勧請した神社で、男山山上に鎮座された。,,
Beppyo,"=HYPERLINK(""https://ja.wikipedia.org/wiki/祐徳稲荷神社"",""祐徳稲荷神社"")","=HYPERLINK(""https://www.wikidata.org/wiki/Q251682"",""Q251682"")",TRANSFER,伏見稲荷大社,"=HYPERLINK(""https://www.wikidata.org/wiki/Q714828"",""Q714828"")",ok,萬子媛が朝廷の勅願所であった伏見稲荷より稲荷大神の御分霊を勧請したのに始まる。,,
Beppyo,"=HYPERLINK(""https://ja.wikipedia.org/wiki/神明神社_(福井市)"",""神明神社 (福井市)"")","=HYPERLINK(""https://www.wikidata.org/wiki/Q11590317"",""Q11590317"")",TRANSFER,伊勢神宮（内宮・皇大神宮）,"=HYPERLINK(""https://www.wikidata.org/wiki/Q687168"",""伊勢神宮"")",ok,延長2年に神霊を足羽神社に祀り、間もなく現在地に社殿を造営して遷座したという。,,
Beppyo,"=HYPERLINK(""https://ja.wikipedia.org/wiki/神柱宮"",""神柱宮"")","=HYPERLINK(""https://www.wikidata.org/wiki/Q3192663"",""Q3192663"")",TRANSFER,伊勢神宮,"=HYPERLINK(""https://www.wikidata.org/wiki/Q687168"",""伊勢神宮"")",ok,万寿3年、天照皇大神の神託を受けて伊勢神宮より梅北村益貫に勧請したのに始まると伝えられる。,,
Beppyo,"=HYPERLINK(""https://ja.wikipedia.org/wiki/竹駒神社"",""竹駒神社"")","=HYPERLINK(""https://www.wikidata.org/wiki/Q521319"",""Q521319"")",TRANSFER,伏見稲荷大社,"=HYPERLINK(""https://www.wikidata.org/wiki/Q714828"",""Q714828"")",ok,承和9年6月に小野篁が陸奥国司として赴任した際、伏見稲荷を勧請して創建したと伝える。,,
Beppyo,"=HYPERLINK(""https://ja.wikipedia.org/wiki/筥崎宮"",""筥崎宮"")","=HYPERLINK(""https://www.wikidata.org/wiki/Q714742"",""Q714742"")",TRANSFER,大分宮（筑前国穂波郡）,"=HYPERLINK(""https://www.wikidata.org/wiki/Q11432652"",""Q11432652"")",ok,延喜21年6月21日に八幡神の託宣があり、筑前国穂波郡の大分宮を玄界灘に面した土地に移したのに始まる。,,
Beppyo,"=HYPERLINK(""https://ja.wikipedia.org/wiki/若一王子神社"",""若一王子神社"")","=HYPERLINK(""https://www.wikidata.org/wiki/Q11616187"",""Q11616187"")",TRANSFER,熊野那智大社,"=HYPERLINK(""https://www.wikidata.org/wiki/Q710359"",""熊野那智大社"")",ok,仁科盛遠が紀伊国熊野権現に詣でた際、那智大社第五殿に祀られる若一王子を勧請し、仁科荘の鎮守とした。,,
Beppyo,"=HYPERLINK(""https://ja.wikipedia.org/wiki/菅生石部神社"",""菅生石部神社"")","=HYPERLINK(""https://www.wikidata.org/wiki/Q11619342"",""Q11619342"")",TRANSFER,宮中（宮中で祀られていた菅生石部神）,"=HYPERLINK(""https://www.wikidata.org/wiki/Q11453221"",""Q11453221"")",ok,用明天皇元年、この地で疾病が流行したとき、宮中で祀られていた菅生石部神が勧請されたのに始まるという。,,
Beppyo,"=HYPERLINK(""https://ja.wikipedia.org/wiki/藤崎八旛宮"",""藤崎八旛宮"")","=HYPERLINK(""https://www.wikidata.org/wiki/Q167146"",""Q167146"")",TRANSFER,石清水八幡宮,"=HYPERLINK(""https://www.wikidata.org/wiki/Q710098"",""石清水八幡宮"")",ok,承平5年、国府の所在地であった宮崎庄の茶臼山に石清水八幡宮から勧請を受けて創建された。,,
Beppyo,"=HYPERLINK(""https://ja.wikipedia.org/wiki/谷地八幡宮"",""谷地八幡宮"")","=HYPERLINK(""https://www.wikidata.org/wiki/Q11632782"",""Q11632782"")",TRANSFER,石清水八幡宮,"=HYPERLINK(""https://www.wikidata.org/wiki/Q710098"",""石清水八幡宮"")",ok,寛治5年、源義家が、神恩に感謝して石清水から白鳥村に八幡神を勧請して祭祀を行ったのに始まると伝えられる。,,
Beppyo,"=HYPERLINK(""https://ja.wikipedia.org/wiki/金峯神社_(鶴岡市)"",""金峯神社 (鶴岡市)"")","=HYPERLINK(""https://www.wikidata.org/wiki/Q11647032"",""Q11647032"")",TRANSFER,金峯神社（大和国吉野の金峯山）,"=HYPERLINK(""https://www.wikidata.org/wiki/Q11488964"",""Q11488964"")",ok,承暦年間、大和国宇多郡の丹波守盛宗が出羽国に移る際に吉野の金峯山の神を勧請したと伝える。,,
Beppyo,"=HYPERLINK(""https://ja.wikipedia.org/wiki/鎮西大社諏訪神社"",""鎮西大社諏訪神社"")","=HYPERLINK(""https://www.wikidata.org/wiki/Q84028"",""Q84028"")",TRANSFER,京都の諏訪神社（異説：唐津の諏訪神社）,"=HYPERLINK(""https://www.wikidata.org/wiki/Q2370082"",""Q2370082"")",ok,弘治元年に、長崎織部亮為英が京都の諏訪神社の分霊を、現在の風頭山の麓に奉祀したのが始まりという説,,
Beppyo,"=HYPERLINK(""https://ja.wikipedia.org/wiki/長浜八幡宮"",""長浜八幡宮"")","=HYPERLINK(""https://www.wikidata.org/wiki/Q11653283"",""Q11653283"")",TRANSFER,石清水八幡宮,"=HYPERLINK(""https://www.wikidata.org/wiki/Q710098"",""石清水八幡宮"")",ok,延久元年に勅願を受けて、石清水八幡宮より祭神を分霊し、新放生寺の境内にその境内社として社が創建された,,
Beppyo,"=HYPERLINK(""https://ja.wikipedia.org/wiki/青井阿蘇神社"",""青井阿蘇神社"")","=HYPERLINK(""https://www.wikidata.org/wiki/Q2857960"",""Q2857960"")",TRANSFER,阿蘇神社（熊本県阿蘇市）,"=HYPERLINK(""https://www.wikidata.org/wiki/Q715639"",""阿蘇神社"")",ok,大同元年9月9日に神託により阿蘇神社から阿蘇三社の分霊を当地球磨郡青井郷に祀ったのに始まると伝える。,,
Beppyo,"=HYPERLINK(""https://ja.wikipedia.org/wiki/静岡浅間神社"",""静岡浅間神社"")","=HYPERLINK(""https://www.wikidata.org/wiki/Q500368"",""Q500368"")",TRANSFER,富士山本宮浅間大社,"=HYPERLINK(""https://www.wikidata.org/wiki/Q653180"",""富士山本宮浅間大社"")",ok,延喜元年、醍醐天皇の勅願により富士山本宮浅間大社より総社神部神社の隣に勧請され,,
Beppyo,"=HYPERLINK(""https://ja.wikipedia.org/wiki/高橋稲荷神社"",""高橋稲荷神社"")","=HYPERLINK(""https://www.wikidata.org/wiki/Q11671498"",""Q11671498"")",TRANSFER,伏見稲荷大社,"=HYPERLINK(""https://www.wikidata.org/wiki/Q714828"",""Q714828"")",ok,明応5年、城内鎮守のため京都の伏見稲荷神社から稲荷大明神を勧請したのに始まる。,,
Beppyo,"=HYPERLINK(""https://ja.wikipedia.org/wiki/鬪雞神社"",""鬪雞神社"")","=HYPERLINK(""https://www.wikidata.org/wiki/Q11656593"",""Q11656593"")",TRANSFER,熊野三山（熊野本宮大社）,"=HYPERLINK(""https://www.wikidata.org/wiki/Q10403700"",""Q10403700"")",ok,12世紀前半に熊野別当・湛快のときに熊野三所権現を勧請した。,,
Beppyo,"=HYPERLINK(""https://ja.wikipedia.org/wiki/鳥海月山両所宮"",""鳥海月山両所宮"")","=HYPERLINK(""https://www.wikidata.org/wiki/Q11675030"",""Q11675030"")",TRANSFER,鳥海山大物忌神社（飽海郡吹浦の鳥海山両所神社）,"=HYPERLINK(""https://www.wikidata.org/wiki/Q11173679"",""鳥海山大物忌神社"")",ok,康平6年、その報賽として最上郷山形に社殿を造営して分霊を勧請し,,
Beppyo,"=HYPERLINK(""https://ja.wikipedia.org/wiki/鷲尾愛宕神社"",""鷲尾愛宕神社"")","=HYPERLINK(""https://www.wikidata.org/wiki/Q11676235"",""Q11676235"")",TRANSFER,愛宕神社（京都・愛宕山白雲寺）,"=HYPERLINK(""https://www.wikidata.org/wiki/Q713021"",""愛宕神社"")",ok,寛永11年、京都の愛宕山白雲寺より愛宕権現を勧請し、鷲尾権現のある鷲尾山に祀り,,
Ise,"=HYPERLINK(""https://ja.wikipedia.org/wiki/四至神"",""四至神"")","=HYPERLINK(""https://www.wikidata.org/wiki/Q6543779"",""Q6543779"")",AUTOCHTHONOUS,神域そのものの境界を守る地主的な神、社殿を持たない磐座祭祀,"=HYPERLINK(""https://www.wikidata.org/wiki/Q135508874"",""Q135508874"")",ok,祭神の四至神は神域（宮域）の守護神である。,,
Ise,"=HYPERLINK(""https://ja.wikipedia.org/wiki/国津御祖神社"",""国津御祖神社"")","=HYPERLINK(""https://www.wikidata.org/wiki/Q17214737"",""Q17214737"")",AUTOCHTHONOUS,土地の産土神（国生の神の御子）を倭姫命がその地で定めた,"=HYPERLINK(""https://www.wikidata.org/wiki/Q135508874"",""Q135508874"")",ok,2柱とも国生の神の御子であり、産土神であるという。,,
Ise,"=HYPERLINK(""https://ja.wikipedia.org/wiki/園相神社"",""園相神社"")","=HYPERLINK(""https://www.wikidata.org/wiki/Q18337174"",""Q18337174"")",AUTOCHTHONOUS,在地の国津神（園作神）が御園を献じた場所にそのまま祀られた,"=HYPERLINK(""https://www.wikidata.org/wiki/Q135508874"",""Q135508874"")",ok,宮川に沿って下ってきた倭姫命は、ここで園作神に天照大神への御園を奉られたため、この神社を定めたという。,,
Ise,"=HYPERLINK(""https://ja.wikipedia.org/wiki/土宮"",""土宮"")","=HYPERLINK(""https://www.wikidata.org/wiki/Q11423156"",""Q11423156"")",AUTOCHTHONOUS,外宮鎮座地・山田原の地主神,"=HYPERLINK(""https://www.wikidata.org/wiki/Q135508874"",""Q135508874"")",ok,土宮の祭神は、外宮所在地・山田の原の地主の神である大土乃御祖神とされる。,,
Ise,"=HYPERLINK(""https://ja.wikipedia.org/wiki/坂手国生神社"",""坂手国生神社"")","=HYPERLINK(""https://www.wikidata.org/wiki/Q17224770"",""Q17224770"")",AUTOCHTHONOUS,在地の国津神（灌漑水神）が神田を献じた地に祀られた,"=HYPERLINK(""https://www.wikidata.org/wiki/Q135508874"",""Q135508874"")",ok,外城田川を遡ってきた倭姫命を高水上命が出迎え、「田上神田」を献上したことから、坂手国生神社が祀られたという。,,
Ise,"=HYPERLINK(""https://ja.wikipedia.org/wiki/堅田神社"",""堅田神社"")","=HYPERLINK(""https://www.wikidata.org/wiki/Q17228121"",""Q17228121"")",AUTOCHTHONOUS,二見の土地神が堅塩を奉った地にそのまま祀られた,"=HYPERLINK(""https://www.wikidata.org/wiki/Q135508874"",""Q135508874"")",ok,土地の神である佐見都日女命は倭姫命に堅塩を奉った。倭姫命はこれを喜び、堅田神社を定めた。,,
Ise,"=HYPERLINK(""https://ja.wikipedia.org/wiki/多岐原神社"",""多岐原神社"")","=HYPERLINK(""https://www.wikidata.org/wiki/Q17229062"",""Q17229062"")",AUTOCHTHONOUS,宮川の渡渉を助けた在地の土地神をその場で祀った,"=HYPERLINK(""https://www.wikidata.org/wiki/Q135508874"",""Q135508874"")",ok,真奈胡神は渡れるところを案内し、その縁で多岐原神社が定められたとされる。,,
Ise,"=HYPERLINK(""https://ja.wikipedia.org/wiki/大土御祖神社"",""大土御祖神社"")","=HYPERLINK(""https://www.wikidata.org/wiki/Q17222702"",""Q17222702"")",AUTOCHTHONOUS,土地の守護神・水神（国生の神の御子）を倭姫命がその地で定めた,"=HYPERLINK(""https://www.wikidata.org/wiki/Q135508874"",""Q135508874"")",ok,3柱とも国生の神の御子である。,,
Ise,"=HYPERLINK(""https://ja.wikipedia.org/wiki/大山祇神社_(伊勢市)"",""大山祇神社 (伊勢市)"")","=HYPERLINK(""https://www.wikidata.org/wiki/Q17223627"",""Q17223627"")",AUTOCHTHONOUS,神路山の山裾に鎮まる山の神、旧「山神社」で山口祭の祭場,"=HYPERLINK(""https://www.wikidata.org/wiki/Q135508874"",""Q135508874"")",ok,旧称を「山神社」と言い、神宮式年遷宮の最初の祭儀である「山口祭」はこの神社で催行されていたとされる。,,
Ise,"=HYPERLINK(""https://ja.wikipedia.org/wiki/大水神社"",""大水神社"")","=HYPERLINK(""https://www.wikidata.org/wiki/Q17223392"",""Q17223392"")",AUTOCHTHONOUS,在地の山の神を倭姫命がその地で定めた,"=HYPERLINK(""https://www.wikidata.org/wiki/Q135508874"",""Q135508874"")",ok,3社とも倭姫命が定めた神社であるといい、大水神社は山の神を、川相神社・熊淵神社は水の神を祀る。,,
Ise,"=HYPERLINK(""https://ja.wikipedia.org/wiki/山末神社"",""山末神社"")","=HYPERLINK(""https://www.wikidata.org/wiki/Q17223513"",""Q17223513"")",AUTOCHTHONOUS,高倉山の山の神かつ外宮神田に水を満たす泉の神,"=HYPERLINK(""https://www.wikidata.org/wiki/Q135508874"",""Q135508874"")",ok,外宮神田の山の神かつ神田に水を満たす泉の神であるとされる。,,
Ise,"=HYPERLINK(""https://ja.wikipedia.org/wiki/川原神社_(伊勢市)"",""川原神社 (伊勢市)"")","=HYPERLINK(""https://www.wikidata.org/wiki/Q17209206"",""Q17209206"")",AUTOCHTHONOUS,宮川の守護神を倭姫命がその地で定めた,"=HYPERLINK(""https://www.wikidata.org/wiki/Q135508874"",""Q135508874"")",ok,倭姫命の定めた神社であり、祭神は宮川の守護神とされる。,,
Ise,"=HYPERLINK(""https://ja.wikipedia.org/wiki/度会国御神社"",""度会国御神社"")","=HYPERLINK(""https://www.wikidata.org/wiki/Q11486118"",""Q11486118"")",AUTOCHTHONOUS,鎮座地の国魂神・度会氏の祖神（外宮創建以前から在地）,"=HYPERLINK(""https://www.wikidata.org/wiki/Q135508874"",""Q135508874"")",ok,鎮座地である伊勢国の国魂神で、代々伊勢北部を支配してきた伊勢国造の始祖、天日別命の子とされる。,,
Ise,"=HYPERLINK(""https://ja.wikipedia.org/wiki/度会大国玉比賣神社"",""度会大国玉比賣神社"")","=HYPERLINK(""https://www.wikidata.org/wiki/Q11486120"",""Q11486120"")",AUTOCHTHONOUS,度会地方の地主神,"=HYPERLINK(""https://www.wikidata.org/wiki/Q135508874"",""Q135508874"")",ok,両神とも鎮座地の度会地方の地主の神である。,,
Ise,"=HYPERLINK(""https://ja.wikipedia.org/wiki/御塩殿神社"",""御塩殿神社"")","=HYPERLINK(""https://www.wikidata.org/wiki/Q11488906"",""Q11488906"")",AUTOCHTHONOUS,御塩殿の鎮守神（当地の製塩施設の守り神）,"=HYPERLINK(""https://www.wikidata.org/wiki/Q135508874"",""Q135508874"")",ok,御塩殿神社の祭神は御塩殿鎮守神とされるが、塩土翁であったとする説がある。,,
Ise,"=HYPERLINK(""https://ja.wikipedia.org/wiki/御稲御倉"",""御稲御倉"")","=HYPERLINK(""https://www.wikidata.org/wiki/Q17230412"",""Q17230412"")",AUTOCHTHONOUS,御稲御倉そのものの守護神,"=HYPERLINK(""https://www.wikidata.org/wiki/Q135508874"",""Q135508874"")",ok,祭神は御稲御倉神。御稲御倉の守護神である。,,
Ise,"=HYPERLINK(""https://ja.wikipedia.org/wiki/御船神社_(多気町)"",""御船神社 (多気町)"")","=HYPERLINK(""https://www.wikidata.org/wiki/Q17214615"",""Q17214615"")",AUTOCHTHONOUS,外城田川の守護神・倭姫命が船を停めた地に定めた,"=HYPERLINK(""https://www.wikidata.org/wiki/Q135508874"",""Q135508874"")",ok,倭姫命が外城田川を遡上する旅の途上に船を停泊し、定めた神社である。,,
Ise,"=HYPERLINK(""https://ja.wikipedia.org/wiki/御酒殿神"",""御酒殿神"")","=HYPERLINK(""https://www.wikidata.org/wiki/Q17211756"",""Q17211756"")",AUTOCHTHONOUS,御酒殿そのものの神,"=HYPERLINK(""https://www.wikidata.org/wiki/Q135508874"",""Q135508874"")",ok,祭神の御酒殿神は御酒殿の神であり、内宮の御酒殿神と外宮の御酒殿神は同じ神である。,,
Ise,"=HYPERLINK(""https://ja.wikipedia.org/wiki/御食神社_(伊勢市)"",""御食神社 (伊勢市)"")","=HYPERLINK(""https://www.wikidata.org/wiki/Q17211721"",""Q17211721"")",AUTOCHTHONOUS,鷲取老翁が倭姫命に清水を奉った功績を讃えて当地に創建,"=HYPERLINK(""https://www.wikidata.org/wiki/Q135508874"",""Q135508874"")",ok,水饗神社は、鷲取老翁が倭姫命に清水を奉った功績を讃えて創建されたもので、その時に清水を汲んだと伝わる「辰の井」が境内にある。,,
Ise,"=HYPERLINK(""https://ja.wikipedia.org/wiki/大津神社_(伊勢市)"",""大津神社 (伊勢市)"")","=HYPERLINK(""https://www.wikidata.org/wiki/Q17222697"",""Q17222697"")",AUTOCHTHONOUS,五十鈴川河口・神社港／大湊の在地守護神,"=HYPERLINK(""https://www.wikidata.org/wiki/Q135508874"",""Q135508874"")",ok,もとは五十鈴川の河口にある港町の神社や大湊の守護神である。,,
Ise,"=HYPERLINK(""https://ja.wikipedia.org/wiki/大間国生神社"",""大間国生神社"")","=HYPERLINK(""https://www.wikidata.org/wiki/Q135098908"",""Q135098908"")",AUTOCHTHONOUS,在地氏族・度会氏の祖神を倭姫命が当地に定めた,"=HYPERLINK(""https://www.wikidata.org/wiki/Q135508874"",""Q135508874"")",ok,倭姫命が雄略天皇21年丁巳冬10月に定めた神社であるとされ,,
Ise,"=HYPERLINK(""https://ja.wikipedia.org/wiki/奈良波良神社"",""奈良波良神社"")","=HYPERLINK(""https://www.wikidata.org/wiki/Q17227047"",""Q17227047"")",AUTOCHTHONOUS,土地の産土神・国津神（石を神体とする）,"=HYPERLINK(""https://www.wikidata.org/wiki/Q135508874"",""Q135508874"")",ok,地域の産土神であり、国津神であった。,,
Ise,"=HYPERLINK(""https://ja.wikipedia.org/wiki/子安神社_(伊勢市)"",""子安神社 (伊勢市)"")","=HYPERLINK(""https://www.wikidata.org/wiki/Q17222830"",""Q17222830"")",AUTOCHTHONOUS,宇治館町の産土神,"=HYPERLINK(""https://www.wikidata.org/wiki/Q135508874"",""Q135508874"")",ok,元は宇治館町の産土神であったとされる。,,
Ise,"=HYPERLINK(""https://ja.wikipedia.org/wiki/宇治山田神社"",""宇治山田神社"")","=HYPERLINK(""https://www.wikidata.org/wiki/Q17194122"",""Q17194122"")",AUTOCHTHONOUS,興玉の森の丘の水神を倭姫命が定めた,"=HYPERLINK(""https://www.wikidata.org/wiki/Q135508874"",""Q135508874"")",ok,2社とも倭姫命が定めた神社であるという。,,
Ise,"=HYPERLINK(""https://ja.wikipedia.org/wiki/宇須乃野神社"",""宇須乃野神社"")","=HYPERLINK(""https://www.wikidata.org/wiki/Q17194134"",""Q17194134"")",AUTOCHTHONOUS,鎮座地の原野「宇須野」そのものの神,"=HYPERLINK(""https://www.wikidata.org/wiki/Q135508874"",""Q135508874"")",ok,2社とも、山田原を構成する原野の1つである宇須野にゆかりの深い神社である。,,
Ise,"=HYPERLINK(""https://ja.wikipedia.org/wiki/小社神社"",""小社神社"")","=HYPERLINK(""https://www.wikidata.org/wiki/Q17224784"",""Q17224784"")",AUTOCHTHONOUS,石を神体とする水神、倭姫命が当地に定めた,"=HYPERLINK(""https://www.wikidata.org/wiki/Q135508874"",""Q135508874"")",ok,倭姫命が定めた神社である。,,
Ise,"=HYPERLINK(""https://ja.wikipedia.org/wiki/江神社"",""江神社"")","=HYPERLINK(""https://www.wikidata.org/wiki/Q18336610"",""Q18336610"")",AUTOCHTHONOUS,地域の土地神・五穀豊穣の神を倭姫命が当地で祀った,"=HYPERLINK(""https://www.wikidata.org/wiki/Q135508874"",""Q135508874"")",ok,3柱とも地域の土地神であり、五穀豊穣の神であるとされる。,,
Ise,"=HYPERLINK(""https://ja.wikipedia.org/wiki/河原淵神社"",""河原淵神社"")","=HYPERLINK(""https://www.wikidata.org/wiki/Q17209232"",""Q17209232"")",AUTOCHTHONOUS,当地の淵の水の守護神,"=HYPERLINK(""https://www.wikidata.org/wiki/Q135508874"",""Q135508874"")",ok,祭神は澤姫命。水の守護神とされる。,,
Ise,"=HYPERLINK(""https://ja.wikipedia.org/wiki/河原神社_(伊勢市)"",""河原神社 (伊勢市)"")","=HYPERLINK(""https://www.wikidata.org/wiki/Q17228197"",""Q17228197"")",AUTOCHTHONOUS,宮川下流の川そのものが神,"=HYPERLINK(""https://www.wikidata.org/wiki/Q135508874"",""Q135508874"")",ok,河原神社の祭神は、川神。宮川下流の守護神であり、田の守護神でもある。,,
Ise,"=HYPERLINK(""https://ja.wikipedia.org/wiki/津布良神社"",""津布良神社"")","=HYPERLINK(""https://www.wikidata.org/wiki/Q17216185"",""Q17216185"")",AUTOCHTHONOUS,地名を負う田野の水の神を倭姫命が当地に定めた,"=HYPERLINK(""https://www.wikidata.org/wiki/Q135508874"",""Q135508874"")",ok,両神とも大水上命の子で、田野の水の神とされる。,,
Ise,"=HYPERLINK(""https://ja.wikipedia.org/wiki/津長神社"",""津長神社"")","=HYPERLINK(""https://www.wikidata.org/wiki/Q17215982"",""Q17215982"")",AUTOCHTHONOUS,津長原の水神を倭姫命が当地に定めた,"=HYPERLINK(""https://www.wikidata.org/wiki/Q135508874"",""Q135508874"")",ok,3社とも倭姫命の定めた神社であり、祭神は水神である。,,
Ise,"=HYPERLINK(""https://ja.wikipedia.org/wiki/清野井庭神社"",""清野井庭神社"")","=HYPERLINK(""https://www.wikidata.org/wiki/Q17213398"",""Q17213398"")",AUTOCHTHONOUS,鎮座地近隣の灌漑用水の神,"=HYPERLINK(""https://www.wikidata.org/wiki/Q135508874"",""Q135508874"")",ok,祭神は草野姫命。鎮座地近隣の灌漑用水の神である,,
Ise,"=HYPERLINK(""https://ja.wikipedia.org/wiki/湯田神社"",""湯田神社"")","=HYPERLINK(""https://www.wikidata.org/wiki/Q17225818"",""Q17225818"")",AUTOCHTHONOUS,湯田地域の農耕の神,"=HYPERLINK(""https://www.wikidata.org/wiki/Q135508874"",""Q135508874"")",ok,両神とも地域の農耕の神とされる。,,
Ise,"=HYPERLINK(""https://ja.wikipedia.org/wiki/滝祭神"",""滝祭神"")","=HYPERLINK(""https://www.wikidata.org/wiki/Q17229063"",""Q17229063"")",AUTOCHTHONOUS,五十鈴川の水源の神（神体は石、社殿なし）,"=HYPERLINK(""https://www.wikidata.org/wiki/Q135508874"",""Q135508874"")",ok,祭神は瀧祭大神。五十鈴川の水源の神である。,,
Ise,"=HYPERLINK(""https://ja.wikipedia.org/wiki/志等美神社"",""志等美神社"")","=HYPERLINK(""https://www.wikidata.org/wiki/Q17212285"",""Q17212285"")",AUTOCHTHONOUS,土地の林野の神＝宮川堤防の守護神,"=HYPERLINK(""https://www.wikidata.org/wiki/Q135508874"",""Q135508874"")",ok,志等美神社の祭神は久久能智神。周囲の林野の神であるが、堤防の神とも伝えられる。,,
Ise,"=HYPERLINK(""https://ja.wikipedia.org/wiki/月夜見宮"",""月夜見宮"")","=HYPERLINK(""https://www.wikidata.org/wiki/Q11516023"",""Q11516023"")",AUTOCHTHONOUS,高河原の川の神・農耕神として当地で祀られていた社,"=HYPERLINK(""https://www.wikidata.org/wiki/Q135508874"",""Q135508874"")",ok,古くは高河原と呼ばれ、農耕の神を祀る神社であったという。,,
Ise,"=HYPERLINK(""https://ja.wikipedia.org/wiki/朝熊神社_(伊勢市)"",""朝熊神社 (伊勢市)"")","=HYPERLINK(""https://www.wikidata.org/wiki/Q17191186"",""Q17191186"")",AUTOCHTHONOUS,当地で石と化していた大歳神を倭姫命が在地のまま祀った,"=HYPERLINK(""https://www.wikidata.org/wiki/Q135508874"",""Q135508874"")",ok,倭姫命が垂仁天皇27年に石と化していた大歳神を祀る社を建てたのが朝熊神社の創始であるという。,,
Ise,"=HYPERLINK(""https://ja.wikipedia.org/wiki/朽羅神社"",""朽羅神社"")","=HYPERLINK(""https://www.wikidata.org/wiki/Q17229533"",""Q17229533"")",AUTOCHTHONOUS,石を神体とする在地の田野の守護神を倭姫命が定めた,"=HYPERLINK(""https://www.wikidata.org/wiki/Q135508874"",""Q135508874"")",ok,倭姫命の定めた神社である。石を神体とする。,,
Ise,"=HYPERLINK(""https://ja.wikipedia.org/wiki/棒原神社"",""棒原神社"")","=HYPERLINK(""https://www.wikidata.org/wiki/Q17218865"",""Q17218865"")",AUTOCHTHONOUS,鎮座地の丘陵の守護神,"=HYPERLINK(""https://www.wikidata.org/wiki/Q135508874"",""Q135508874"")",ok,鎮座地周辺の丘陵の守護神である。,,
Ise,"=HYPERLINK(""https://ja.wikipedia.org/wiki/機殿神社"",""機殿神社"")","=HYPERLINK(""https://www.wikidata.org/wiki/Q11544511"",""Q11544511"")",AUTOCHTHONOUS,倭姫命が当地に機屋を建てて社を興し、在地の織部の祖神を祀った,"=HYPERLINK(""https://www.wikidata.org/wiki/Q135508874"",""Q135508874"")",ok,倭姫命は翌垂仁天皇26年、飯野高丘宮に機屋を作り、天照大神の服を織らせた。そこに社を建て、服織社と名付けた。,,
Ise,"=HYPERLINK(""https://ja.wikipedia.org/wiki/下御井神社"",""下御井神社"")","=HYPERLINK(""https://www.wikidata.org/wiki/Q17213708"",""Q17213708"")",AUTOCHTHONOUS,この地の井戸（湧水）そのものが神,"=HYPERLINK(""https://www.wikidata.org/wiki/Q135508874"",""Q135508874"")",ok,多賀宮の忌火屋殿廃止まで使われていた井戸はそのまま残され、下御井神社となった。,,
Ise,"=HYPERLINK(""https://ja.wikipedia.org/wiki/久具都比賣神社"",""久具都比賣神社"")","=HYPERLINK(""https://www.wikidata.org/wiki/Q17214144"",""Q17214144"")",AUTOCHTHONOUS,倭姫命巡幸以前から在地で祀られていた水神・稲作神（国津神）,"=HYPERLINK(""https://www.wikidata.org/wiki/Q135508874"",""Q135508874"")",ok,大水上命は、倭姫命が伊勢を巡幸する以前から、地域で水の神・稲作の神として信仰されてきた。,,
Ise,"=HYPERLINK(""https://ja.wikipedia.org/wiki/伊我理神社"",""伊我理神社"")","=HYPERLINK(""https://www.wikidata.org/wiki/Q11379372"",""Q11379372"")",AUTOCHTHONOUS,豊宮崎の神田に結びついた在地の農耕守護神,"=HYPERLINK(""https://www.wikidata.org/wiki/Q135508874"",""Q135508874"")",ok,こうした神が祀られているのは、昭和の中期まで「豊宮崎の神田」と呼ばれる神田を外宮が所有していたからである。,,
Ise,"=HYPERLINK(""https://ja.wikipedia.org/wiki/佐美長神社"",""佐美長神社"")","=HYPERLINK(""https://www.wikidata.org/wiki/Q17209205"",""Q17209205"")",AUTOCHTHONOUS,穂落伝承の地・神体は岩石、在地の磯部氏が創祀,"=HYPERLINK(""https://www.wikidata.org/wiki/Q135508874"",""Q135508874"")",ok,「地域を治めた磯部氏が稲作の神として創祀したもの」との説を提唱している。,,
Ise,"=HYPERLINK(""https://ja.wikipedia.org/wiki/倭姫宮"",""倭姫宮"")","=HYPERLINK(""https://www.wikidata.org/wiki/Q11387081"",""Q11387081"")",AUTOCHTHONOUS,倭姫命の陵墓と伝わる尾上御陵の地に創建,"=HYPERLINK(""https://www.wikidata.org/wiki/Q135508874"",""Q135508874"")",ok,付近に尾上御陵があることもあり、倭姫宮は倉田山の一角を開削して作られることになった。,,
Ise,"=HYPERLINK(""https://ja.wikipedia.org/wiki/加努弥神社"",""加努弥神社"")","=HYPERLINK(""https://www.wikidata.org/wiki/Q17225472"",""Q17225472"")",AUTOCHTHONOUS,社殿を持たず石そのものが神体（在地の五穀神）,"=HYPERLINK(""https://www.wikidata.org/wiki/Q135508874"",""Q135508874"")",ok,神体は石で、石畳の上に祀られている。,,
Ise,"=HYPERLINK(""https://ja.wikipedia.org/wiki/狭田国生神社"",""狭田国生神社"")","=HYPERLINK(""https://www.wikidata.org/wiki/Q17225991"",""Q17225991"")",AUTOCHTHONOUS,在地の川神・国津神が神田を献じた場所にそのまま定められた,"=HYPERLINK(""https://www.wikidata.org/wiki/Q135508874"",""Q135508874"")",ok,速川彦命が「畔広の狭田の国」として神田を献上したことから、倭姫命が「速河狭田社」として定めたのがこの神社の起源であるという。,,
Ise,"=HYPERLINK(""https://ja.wikipedia.org/wiki/田上大水神社"",""田上大水神社"")","=HYPERLINK(""https://www.wikidata.org/wiki/Q17229120"",""Q17229120"")",AUTOCHTHONOUS,度会氏祖先神を自らの古墳（車塚一号墳）上に祀る,"=HYPERLINK(""https://www.wikidata.org/wiki/Q135508874"",""Q135508874"")",ok,田上大水神社の祭神は小事神主。外宮の世襲神主であった度会氏の祖先であるとされる。,,
Ise,"=HYPERLINK(""https://ja.wikipedia.org/wiki/由貴御倉"",""由貴御倉"")","=HYPERLINK(""https://www.wikidata.org/wiki/Q17211882"",""Q17211882"")",AUTOCHTHONOUS,施設（倉）そのものの守護神,"=HYPERLINK(""https://www.wikidata.org/wiki/Q135508874"",""Q135508874"")",ok,祭神は由貴御倉神。由貴御倉の守護神である。,,
Ise,"=HYPERLINK(""https://ja.wikipedia.org/wiki/神前神社_(伊勢市)"",""神前神社 (伊勢市)"")","=HYPERLINK(""https://www.wikidata.org/wiki/Q17228423"",""Q17228423"")",AUTOCHTHONOUS,松下の海岸の鎮守神が倭姫命を出迎え、その場に定められた,"=HYPERLINK(""https://www.wikidata.org/wiki/Q135508874"",""Q135508874"")",ok,荒前比賣命が倭姫命を出迎えたため、神前神社が定められたという。,,
Ise,"=HYPERLINK(""https://ja.wikipedia.org/wiki/神服織機殿神社"",""神服織機殿神社"")","=HYPERLINK(""https://www.wikidata.org/wiki/Q135186223"",""Q135186223"")",AUTOCHTHONOUS,機殿そのものの鎮守神／地元服部の祖先神,"=HYPERLINK(""https://www.wikidata.org/wiki/Q135508874"",""Q135508874"")",ok,服部の祖先の天御桙命と天八千々姫とする伝承がある。,,
Ise,"=HYPERLINK(""https://ja.wikipedia.org/wiki/粟皇子神社"",""粟皇子神社"")","=HYPERLINK(""https://www.wikidata.org/wiki/Q17192448"",""Q17192448"")",AUTOCHTHONOUS,池の浦で御贄を奉った在地の海神を倭姫命が名付け定めた,"=HYPERLINK(""https://www.wikidata.org/wiki/Q135508874"",""Q135508874"")",ok,倭姫命が志摩国を巡幸した帰路にて池の浦に達し、そこで御贄を奉った神に淡海子神と名付け、粟皇子神社を定めたという。,,
Ise,"=HYPERLINK(""https://ja.wikipedia.org/wiki/興玉神"",""興玉神"")","=HYPERLINK(""https://www.wikidata.org/wiki/Q17227983"",""Q17227983"")",AUTOCHTHONOUS,内宮宮域そのものの地主神（猿田彦大神）,"=HYPERLINK(""https://www.wikidata.org/wiki/Q135508874"",""Q135508874"")",ok,鎌倉時代には宮域の地主神・猿田彦大神として興玉神を祀り,,
Ise,"=HYPERLINK(""https://ja.wikipedia.org/wiki/若宮神社_(大紀町)"",""若宮神社 (大紀町)"")","=HYPERLINK(""https://www.wikidata.org/wiki/Q17230799"",""Q17230799"")",AUTOCHTHONOUS,滝原ゆかりの在地の水神,"=HYPERLINK(""https://www.wikidata.org/wiki/Q135508874"",""Q135508874"")",ok,祭神は若宮神。滝原ゆかりの水神とされる。,,
Ise,"=HYPERLINK(""https://ja.wikipedia.org/wiki/草奈伎神社"",""草奈伎神社"")","=HYPERLINK(""https://www.wikidata.org/wiki/Q17228323"",""Q17228323"")",AUTOCHTHONOUS,度会氏の祖・大若子命の剣の霊（親社なし）,"=HYPERLINK(""https://www.wikidata.org/wiki/Q135508874"",""Q135508874"")",ok,度会氏の遠祖である大若子命が垂仁朝に越国の阿彦を平定する際に使った剣の霊であるという。,,
Ise,"=HYPERLINK(""https://ja.wikipedia.org/wiki/荒祭宮"",""荒祭宮"")","=HYPERLINK(""https://www.wikidata.org/wiki/Q2859485"",""Q2859485"")",AUTOCHTHONOUS,内宮正宮と同時に同じ地に建てられた天照大神の荒魂,"=HYPERLINK(""https://www.wikidata.org/wiki/Q135508874"",""Q135508874"")",ok,創建は垂仁天皇26年10月であり、内宮の正殿と同時に建てられたという。,,
Ise,"=HYPERLINK(""https://ja.wikipedia.org/wiki/葭原神社"",""葭原神社"")","=HYPERLINK(""https://www.wikidata.org/wiki/Q17191305"",""Q17191305"")",AUTOCHTHONOUS,葭原の田の神を倭姫命が当地に定めた,"=HYPERLINK(""https://www.wikidata.org/wiki/Q135508874"",""Q135508874"")",ok,倭姫命が定めた神社である。,,
Ise,"=HYPERLINK(""https://ja.wikipedia.org/wiki/蚊野神社"",""蚊野神社"")","=HYPERLINK(""https://www.wikidata.org/wiki/Q17225745"",""Q17225745"")",AUTOCHTHONOUS,蚊野地区を流れる外城田川支流の川の神・地域の開拓神,"=HYPERLINK(""https://www.wikidata.org/wiki/Q135508874"",""Q135508874"")",ok,鎮座地の蚊野地区を流れる外城田川の支流の川の神で、地域の開拓神とされる。,,
Ise,"=HYPERLINK(""https://ja.wikipedia.org/wiki/赤崎神社"",""赤崎神社"")","=HYPERLINK(""https://www.wikidata.org/wiki/Q11635561"",""Q11635561"")",AUTOCHTHONOUS,鳥羽湾の海辺の土地の女神（産土神）,"=HYPERLINK(""https://www.wikidata.org/wiki/Q135508874"",""Q135508874"")",ok,鳥羽湾内の海岸から外宮に奉納する御贄採取の守り神とされる。,,
Ise,"=HYPERLINK(""https://ja.wikipedia.org/wiki/鏡宮神社_(伊勢市)"",""鏡宮神社 (伊勢市)"")","=HYPERLINK(""https://www.wikidata.org/wiki/Q17226516"",""Q17226516"")",AUTOCHTHONOUS,境内の岩（虎石）とその上に祀られた二面の鏡＝依り代,"=HYPERLINK(""https://www.wikidata.org/wiki/Q135508874"",""Q135508874"")",ok,「虎石」はかつての依り代であり、この岩の上に2面の鏡が祀られていた。,,
Ise,"=HYPERLINK(""https://ja.wikipedia.org/wiki/高河原神社"",""高河原神社"")","=HYPERLINK(""https://www.wikidata.org/wiki/Q17225931"",""Q17225931"")",AUTOCHTHONOUS,宮川の高河原という土地そのものの神,"=HYPERLINK(""https://www.wikidata.org/wiki/Q135508874"",""Q135508874"")",ok,鎮座地周辺は宮川の高河原であり、周辺地域の土地開拓の守護神である。,,
Ise,"=HYPERLINK(""https://ja.wikipedia.org/wiki/鴨下神社"",""鴨下神社"")","=HYPERLINK(""https://www.wikidata.org/wiki/Q17226760"",""Q17226760"")",AUTOCHTHONOUS,勝田の水利灌漑を司る在地の水神,"=HYPERLINK(""https://www.wikidata.org/wiki/Q135508874"",""Q135508874"")",ok,3柱とも鎮座地・勝田の水利灌漑の守護神とされる。,,
Ise,"=HYPERLINK(""https://ja.wikipedia.org/wiki/鴨神社_(玉城町)"",""鴨神社 (玉城町)"")","=HYPERLINK(""https://www.wikidata.org/wiki/Q17226771"",""Q17226771"")",AUTOCHTHONOUS,大日山中腹の石を神体とする在地の農耕灌漑神,"=HYPERLINK(""https://www.wikidata.org/wiki/Q135508874"",""Q135508874"")",ok,『延暦儀式帳』によれば、倭姫命の御世に創建された。,,
Ise,"=HYPERLINK(""https://ja.wikipedia.org/wiki/多賀宮"",""多賀宮"")","=HYPERLINK(""https://www.wikidata.org/wiki/Q11431075"",""Q11431075"")",NETWORK,豊受大神宮（外宮）の祭神・豊受大御神の荒魂,"=HYPERLINK(""https://www.wikidata.org/wiki/Q11633343"",""豊受大神宮"")",ok,祭神が外宮の祭神の豊受大御神の荒魂である豊受大御神荒魂であることから、4別宮の中で最高位とされる。,,
Ise,"=HYPERLINK(""https://ja.wikipedia.org/wiki/伊雑宮"",""伊雑宮"")","=HYPERLINK(""https://www.wikidata.org/wiki/Q10885171"",""Q10885171"")",NETWORK,天照大御神（御魂）＝皇大神宮・内宮,"=HYPERLINK(""https://www.wikidata.org/wiki/Q9165"",""Q9165"")",ok,804年の『皇太神宮儀式帳』では天照大神御魂とされる。,,
Ise,"=HYPERLINK(""https://ja.wikipedia.org/wiki/田乃家神社"",""田乃家神社"")","=HYPERLINK(""https://www.wikidata.org/wiki/Q17212120"",""Q17212120"")",NETWORK,天照大御神（皇大神宮）,"=HYPERLINK(""https://www.wikidata.org/wiki/Q455602"",""Q455602"")",ok,「大神」と名が付いているのは、皇大神宮の祭神・天照大御神の神徳がこの地域に及び定められた神社であることに由来する。,,
Ise,"=HYPERLINK(""https://ja.wikipedia.org/wiki/饗土橋姫神社"",""饗土橋姫神社"")","=HYPERLINK(""https://www.wikidata.org/wiki/Q17190840"",""Q17190840"")",NETWORK,山城国宇治橋の橋姫明神（京都・橋姫神社）※倣ったもの,"=HYPERLINK(""https://www.wikidata.org/wiki/Q11543776"",""Q11543776"")",ok,山城国宇治橋の橋姫明神に倣って、寛正７年三月の将軍足利義教参宮に併せ、饗土の地に橋姫神社が創建されたと解説している。,,
Ise,"=HYPERLINK(""https://ja.wikipedia.org/wiki/志宝屋神社"",""志宝屋神社"")","=HYPERLINK(""https://www.wikidata.org/wiki/Q17211291"",""Q17211291"")",TRANSFER,鹽竈神社（宮城県塩竈市）,"=HYPERLINK(""https://www.wikidata.org/wiki/Q133753"",""鹽竈神社"")",ok,宮城県塩竈市の鹽竈神社より1座の御魂を分霊して祀ったとする伝承がある。,,
Ise,"=HYPERLINK(""https://ja.wikipedia.org/wiki/上御井神社"",""上御井神社"")","=HYPERLINK(""https://www.wikidata.org/wiki/Q17226402"",""Q17226402"")",TRANSFER,丹波国天の真名井（豊受大神の元鎮座地の忍穂井）,"=HYPERLINK(""https://www.wikidata.org/wiki/Q11442122"",""Q11442122"")",ok,丹波国天の真名井に移され、豊受大神の伊勢国への鎮座に伴い、井戸も移ったという伝承がある。,,
Ise,"=HYPERLINK(""https://ja.wikipedia.org/wiki/伊勢神宮"",""伊勢神宮"")","=HYPERLINK(""https://www.wikidata.org/wiki/Q687168"",""Q687168"")",TRANSFER,大和笠縫邑（元伊勢。八咫鏡を宮中から移した地。※社ではなく地）,"=HYPERLINK(""https://www.wikidata.org/wiki/Q11599947"",""Q11599947"")",ok,第10代崇神天皇の治世に、鏡は大和笠縫邑に移され、皇女豊鍬入姫がこれを祀ることとされた。,,
Ise,"=HYPERLINK(""https://ja.wikipedia.org/wiki/皇大神宮"",""皇大神宮"")","=HYPERLINK(""https://www.wikidata.org/wiki/Q11581011"",""Q11581011"")",TRANSFER,笠縫邑（宮中から遷され、元伊勢を経て倭姫命が奉遷。※社ではなく地）,"=HYPERLINK(""https://www.wikidata.org/wiki/Q11599947"",""Q11599947"")",ok,天照大神は宮中に祀られていたが、崇神天皇6年、笠縫邑に移し豊鍬入姫命に祀らせた。,,
Ise,"=HYPERLINK(""https://ja.wikipedia.org/wiki/豊受大神宮"",""豊受大神宮"")","=HYPERLINK(""https://www.wikidata.org/wiki/Q11633343"",""Q11633343"")",TRANSFER,丹波国の等由気大神（比沼麻奈為神社などが論社）,"=HYPERLINK(""https://www.wikidata.org/wiki/Q11547467"",""Q11547467"")",ok,雄略天皇22年7月7日、内宮に近い「伊勢国度会の郡、沼木の郷、山田の原」の地に豊受大御神を迎えて祀った。,,
Ise,"=HYPERLINK(""https://ja.wikipedia.org/wiki/長由介神社"",""長由介神社"")","=HYPERLINK(""https://www.wikidata.org/wiki/Q28693019"",""Q28693019"")",TRANSFER,豊受大神宮（外宮）※説,"=HYPERLINK(""https://www.wikidata.org/wiki/Q11633343"",""豊受大神宮"")",ok,ここで長由介神は豊受大神の分霊である可能性を指摘している。,,
