Q16	Canada
Q20	Norway
Q21	England
Q27	Ireland
Q28	Hungary
Q29	Spain
Q30	United States
Q33	Finland
Q34	Sweden
Q35	Denmark
Q36	Poland
Q37	Lithuania
Q38	Italy
Q40	Austria
Q41	Greece
Q43	Turkey
Q45	Portugal
Q48	Asia
Q52	Wikipedia
Q55	Netherlands
Q77	Uruguay
Q79	Egypt
Q95	Google
Q96	Mexico
Q98	Pacific Ocean
Q114	Kenya
Q115	Ethiopia
Q117	Ghana
Q142	France
Q145	United Kingdom
Q148	People's Republic of China
Q150	French
Q152	fish
Q155	Brazil
Q159	Russia
Q180	Wikimedia Foundation
Q181	Jimmy Wales
Q182	English
Q183	Germany
Q185	Q185
Q188	German
Q212	Ukraine
Q222	Albania
Q227	Azerbaijan
Q230	Georgia
Q233	Malta
Q235	Monaco
Q236	Montenegro
Q242	Belize
Q244	Barbados
Q252	Indonesia
Q256	Turkish
Q258	South Africa
Q262	Algeria
Q263	Wikisource
Q315	language
Q334	Singapore
Q349	sport
Q361	World War I
Q362	World War II
Q367	Wikibooks
Q369	Wikiquote
Q370	Wikiversity
Q373	Wikivoyage
Q398	Bahrain
Q399	Armenia
Q403	Serbia
Q408	Australia
Q419	Peru
Q423	North Korea
Q424	Cambodia
Q458	European Union
Q465	DBpedia
Q506	flower
Q574	Timor-Leste
Q652	Italian
Q664	New Zealand
Q668	India
Q672	Tuvalu
Q676	prose
Q678	Tonga
Q683	Samoa
Q685	Solomon Islands
Q686	Vanuatu
Q691	Papua New Guinea
Q695	Palau
Q697	Nauru
Q702	Federated States of Micronesia
Q709	Marshall Islands
Q710	Kiribati
Q711	Mongolia
Q712	Fiji
Q717	Venezuela
Q733	Paraguay
Q734	Guyana
Q739	Colombia
Q748	Buddhism
Q754	Trinidad and Tobago
Q757	Saint Vincent and the Grenadines
Q760	Saint Lucia
Q763	Saint Kitts and Nevis
Q766	Jamaica
Q769	Grenada
Q778	The Bahamas
Q781	Antigua and Barbuda
Q784	Dominica
Q785	Jersey
Q794	Iran
Q801	Israel
Q819	Laos
Q822	Lebanon
Q826	Maldives
Q833	Malaysia
Q837	Nepal
Q842	Oman
Q843	Pakistan
Q851	Saudi Arabia
Q854	Sri Lanka
Q858	Syria
Q865	Taiwan
Q869	Thailand
Q878	United Arab Emirates
Q881	Vietnam
Q884	South Korea
Q889	Afghanistan
Q902	Bangladesh
Q917	Bhutan
Q921	Brunei
Q924	Tanzania
Q928	Philippines
Q953	Zambia
Q954	Zimbabwe
Q958	South Sudan
Q963	Botswana
Q986	Eritrea
Q1004	comics
Q1005	The Gambia
Q1009	Cameroon
Q1013	Lesotho
Q1014	Liberia
Q1019	Madagascar
Q1020	Malawi
Q1027	Mauritius
Q1030	Namibia
Q1033	Nigeria
Q1036	Uganda
Q1037	Rwanda
Q1042	Seychelles
Q1044	Sierra Leone
Q1049	Sudan
Q1050	Eswatini
Q1065	United Nations
Q1246	Kosovo
Q1297	Chicago
Q1321	Spanish
Q1410	Gibraltar
Q1490	Tokyo
Q1568	Hindi
Q1571	Marathi
Q1617	Urdu
Q2013	Wikidata
Q2184	Russian Soviet Federative Socialist Republic
Q2297	December 1
Q2536	April 30
Q2544	May 1
Q3015	November 30
Q5043	Christianity
Q5113	bird
Q5146	Portuguese
Q5287	Japanese
Q5292	encyclopedia
Q5785	Cayman Islands
Q6256	country
Q7041	UTC+09:00
Q7164	World Bank
Q7269	monarchy
Q7397	software
Q7411	Dutch
Q7553	translation
Q7737	Russian
Q7809	UNESCO
Q7817	World Health Organization
Q7825	World Trade Organization
Q7850	Chinese
Q7976	American English
Q7979	British English
Q7985	received pronunciation
Q8002	African American Vernacular English
Q8020	The Chicago Manual of Style
Q8108	Georgian
Q8146	yen
Q8171	word
Q8201	Chinese characters
Q8229	Latin script
Q8242	literature
Q8253	fiction
Q8420	1964 Summer Olympics
Q8449	Spanish Wikipedia
Q8475	Interpol
Q8513	database
Q8641	Yiddish
Q8663	Korean War
Q8707	Meiji restoration
Q8733	Qing dynasty
Q9056	Czech
Q9058	Slovak
Q9067	Hungarian
Q9072	Estonian
Q9089	Hinduism
Q9129	Greek
Q9142	Irish
Q9163	polytheism
Q9168	Persian
Q9174	religion
Q9176	Korean
Q9199	Vietnamese
Q9237	Malay
Q9288	Hebrew
Q9581	Confucianism
Q9598	Taoism
Q9646	1972 Winter Olympics
Q9648	Falkland Islands
Q9664	1998 Winter Olympics
Q9676	Isle of Man
Q9964	W/w
Q10884	tree
Q11028	information
Q11059	Sanskrit
Q11191	The World Factbook
Q11703	United States Virgin Islands
Q11920	Italian Wikipedia
Q12483	statistics
Q12511	stairs
Q12585	Latin America
Q13353	Montserrat
Q13955	Arabic
Q14005	Q14005
Q14790	Ethnologue
Q15180	Soviet Union
Q15701	Kagoshima Prefecture
Q16641	American Samoa
Q17495	Universal Postal Union
Q18221	Turks and Caicos Islands
Q19771	G20
Q21200	Germanic languages
Q21203	Aruba
Q22169	GNU Free Documentation License
Q23442	island
Q23622	dictionary
Q23635	Bermuda
Q25228	Anguilla
Q25230	Guernsey
Q25271	International Space Station
Q25305	British Virgin Islands
Q26273	Sint Maarten
Q26721	West Germanic languages
Q26988	Cook Islands
Q27092	Sea of Japan
Q27218	Kamo River
Q27231	East Asia
Q27968	English studies
Q27969	Ainu
Q28179	Joseon
Q28233	Korean Empire
Q28763	History of Ming
Q29462	open-mid front unrounded vowel
Q29520	China
Q29553	sanctuary
Q29653	close back rounded vowel
Q29682	Sumiyoshi Shrine
Q30185	mayor
Q30623	Manchukuo
Q31671	Ono district
Q31948	lobby
Q32090	lifestyle
Q32422	Hiraoka Shrine
Q32512	Sumiyoshi shrine
Q33742	natural language
Q34020	Niue
Q34057	Tagalog
Q34203	Yaeyama
Q34233	Okinawan
Q34243	Yonaguni
Q34266	Russian Empire
Q34600	Kyoto
Q34770	language
Q35535	police
Q35601	Japanese Sign Language
Q35672	Pitcairn Islands
Q35768	Catalan Sign Language
Q36206	Lak
Q36218	Miyako
Q36578	Integrated Authority File
Q36823	Tokelau
Q36870	first language
Q37041	Classical Chinese
Q37143	G8
Q37560	Vulgar Latin
Q37979	Akihito
Q38130	League of Nations
Q39132	.jp
Q39231	Mount Fuji
Q39825	census
Q40561	sumo
Q41106	Kumagaya
Q41176	building
Q41550	Organization for Economic Cooperation and Development
Q41602	Sea of Okhotsk
Q41614	constitutional monarchy
Q41825	day of the week
Q43004	animism
Q43056	Axis Powers
Q43091	orthography
Q43175	flag of Japan
Q43448	British Indian Ocean Territory
Q44661	New Zealand English
Q44676	Canadian English
Q44679	Australian English
Q44843	Tochigi Prefecture
Q45177	Visa Waiver Program
Q45341	East China Sea
Q45798	Gifu
Q47280	Abrahamic religion
Q47735	2002 FIFA World Cup
Q47896	Miyagi Prefecture
Q48326	Iwate Prefecture
Q48349	empire
Q48522	word-sense disambiguation
Q48744	Samukawa Shrine
Q49848	document
Q50337	prefecture of Japan
Q51711	Quora
Q54919	Virtual International Authority File
Q56430	Jèrriais
Q56558	Kunigami
Q57052	Jiangxi
Q58251	Azerbaijani Wikipedia
Q60195	semiotics
Q60581	Tagata Shrine
Q61292	Far Eastern Republic
Q63471	Omura Shrine
Q65320	Iwa Shrine
Q71699	Aomori Prefecture
Q71707	Fukushima Prefecture
Q72318	The Emperor's Birthday
Q75779	China–Japan relations
Q80011	Chiba Prefecture
Q80071	symbol
Q80434	Aichi Prefecture
Q81534	Kimigayo
Q81863	Akita Prefecture
Q82405	Labor Thanksgiving Day
Q83273	Ibaraki Prefecture
Q94498	kagura-den
Q101828	Ainu people
Q110786	singular
Q112099	island country
Q116140	Tado Taisha
Q120730	Kyoto Prefecture
Q122465	Yoshihide Suga
Q122723	Osaka Prefecture
Q122804	Constitution of the Empire of Japan
Q123258	Fukuoka Prefecture
Q123376	Ehime Prefecture
Q125421	second language
Q125863	Yamagata Prefecture
Q126125	Saint-Martin
Q127026	Sakurai
Q127264	Yamaguchi Prefecture
Q127513	Kanagawa Prefecture
Q127877	Nagano Prefecture
Q127912	United States Declaration of Independence
Q128186	Saitama Prefecture
Q128196	Mie Prefecture
Q129499	Gunma Prefecture
Q130290	Hyōgo Prefecture
Q130300	Miyazaki Prefecture
Q130308	Kumamoto Prefecture
Q130436	history of Japan
Q131105	nominative case
Q131252	University of Chicago
Q131281	Ishikawa Prefecture
Q131287	Nara Prefecture
Q131314	Wakayama Prefecture
Q131320	Shizuoka Prefecture
Q131358	Shiga Prefecture
Q132050	governor
Q132068	Infermental
Q132345	Shinzō Abe
Q132705	Niigata Prefecture
Q132720	Yamanashi Prefecture
Q132751	Shimane Prefecture
Q132929	Toyama Prefecture
Q132936	Okayama Prefecture
Q133250	sequence
Q133753	Shiogama Shrine
Q133879	Fukui Prefecture
Q133924	Ōita Prefecture
Q133935	Tottori Prefecture
Q134093	Kōchi Prefecture
Q135732	Ōagata Shrine
Q139319	Russian Republic
Q146233	genitive case
Q146786	plural
Q147276	proper noun
Q149269	Acer japonicum
Q151411	designation
Q151885	concept
Q152559	macrolanguage
Q157763	Prunus mume
Q159183	Philippine Sea
Q159950	Russo-Japanese War
Q160420	Saga Prefecture
Q160734	Tokushima Prefecture
Q161454	Kagawa Prefecture
Q161652	Japanese people
Q162940	diacritic
Q169134	Nara
Q169376	Nagasaki Prefecture
Q170314	Second Sino-Japanese War
Q170424	World Meteorological Organization
Q170481	Asia-Pacific Economic Cooperation
Q170556	Imperial crest of Japan
Q171178	Fukushima Daiichi nuclear disaster
Q172382	Watatsu Shrine
Q172417	Kota Shrine
Q174933	Japan
Q175156	onomastics
Q175379	Empire of China
Q178435	nominative–accusative language
Q178687	First Sino-Japanese War
Q178885	deity
Q179164	unitary state
Q181278	2020 Summer Olympics
Q182814	Antarctic Treaty System
Q184377	pronunciation
Q184425	Pacific War
Q184558	absolute monarchy
Q185125	Hamamatsu
Q185598	diary
Q186444	Treaty on the Non-Proliferation of Nuclear Weapons
Q187588	social class
Q187659	kana
Q187931	phrase
Q188213	state religion
Q188822	Asian Development Bank
Q188915	National Library of Israel
Q189118	cell type
Q189970	social status
Q190502	Japanese writing system
Q191067	article
Q191168	Czech Wikipedia
Q191384	International Bank for Reconstruction and Development
Q191763	Itsukushima Shrine
Q192184	Saint Helena, Ascension and Tristan da Cunha
Q192509	romanization of Japanese
Q193292	Heian period
Q193294	sunrise
Q193858	International Electrotechnical Commission
Q199698	Ukrainian Wikipedia
Q200740	Asahikawa
Q201817	voiced bilabial nasal
Q202384	National Diet
Q202866	animated film
Q202907	Otsu
Q205662	Tokugawa shogunate
Q205930	rock ptarmigan
Q206855	Russian Wikipedia
Q207260	Basque Wikipedia
Q207520	region of Japan
Q207930	languages of Africa
Q208233	Emperor of Japan
Q209316	schwa
Q209344	Sapienza University of Rome
Q210684	nagare-zukuri
Q212805	digital library
Q214339	role
Q214866	Great Hanshin Earthquake
Q215646	Edo
Q215669	Allies of the First World War
Q217096	Naruhito
Q217438	demonym
Q218813	Suwa taisha
Q218828	Togakushi Shrine
Q221716	Kiyomizu-dera Temple
Q223393	literary genre
Q224414	Category
Q233611	International Hydrographic Organization
Q234460	text
Q237082	Constitution of Japan
Q237623	voiceless bilabial plosive
Q242797	voiced bilabial plosive
Q243853	Nishinomiya
Q245734	Shitori Shrine
Q245834	Nawa Shrine
Q246447	Ube Shrine
Q246479	Ikoma Shrine
Q251160	Ōgamiyama Shrine
Q259705	Higo Province
Q260923	Yawata
Q261637	Hachiman
Q262246	sign
Q262438	Shigaraki Palace
Q262529	Japanese missions to Tang China
Q265049	archINFORM
Q271611	voiced alveolar nasal
Q272993	Susanoo
Q274948	Prime Minister of Japan
Q276831	Mitami Shrine
Q276944	Ōkuninushi
Q287165	Meiji Jingū
Q288312	Kumano Shrine
Q289250	Shinano Province
Q318917	fusional language
Q319831	economy of Japan
Q319891	universal suffrage
Q320021	close front unrounded vowel
Q327532	shintai
Q328067	Ise
Q329753	Daigo
Q332019	voiceless dental fricative
Q333101	Bank of Japan
Q333690	Geography of Japan
Q334695	voiceless palato‐alveolar fricative
Q334723	voiceless alveolar fricative
Q335181	Tenmu
Q335606	Yushima Tenmangū
Q335618	Kumano Hayatama Taisha
Q335644	voiceless alveolar stop
Q340195	African Development Bank
Q359480	Fumio Kishida
Q372380	Katori Jingū
Q372474	colophon
Q373478	voiceless glottal fricative
Q374040	string-searching algorithm
Q374814	certification
Q376150	International Telecommunication Union
Q377386	Shōren-in Temple
Q379085	open-mid back rounded vowel
Q381885	tomb
Q382005	Sugawara no Michizane
Q384926	Ōgaki-shi
Q385141	Heian Jingū
Q385407	Ōmi Jingū
Q385793	Ōsaka Tenmangū
Q386073	New Book of Tang
Q386563	Ōyamatsumi
Q386787	variable-width character encoding
Q389239	Cape Sōya
Q391414	architectural element
Q392541	Treaty of San Francisco
Q399495	standard language
Q402091	Taga Taisha
Q402368	Takeda Shrine
Q403338	Takebe taisha
Q425900	Green Pheasant
Q429221	Japan–Soviet Union relations
Q431471	open back unrounded vowel
Q431595	Cape Sata
Q438919	age limit
Q455602	Amaterasu
Q460367	Tōdai-ji Temple
Q463515	voiced velar nasal
Q463543	voiceless velar stop
Q473746	subjunctive
Q482065	Atsuta Jingū
Q483226	Coming of Age Day
Q484464	Koreans
Q488383	object
Q488618	Tanzan Shrine
Q495330	Kokugakuin University
Q499327	masculine
Q500413	Akihasan Hongū Akiha Shrine
Q501709	Jinja
Q502196	Tenri
Q503323	near-open central unrounded vowel
Q503992	nominal
Q506687	voiced alveolar fricative
Q510674	Inari Station
Q513737	Hyūga Province
Q514480	Inari shrine
Q514506	Owari Province
Q518603	voiceless palato-alveolar affricate
Q521316	Fuwa district
Q521319	Takekoma Inari Shrine
Q529012	Cabinet of Japan
Q529551	Germany–Japan relations
Q533822	Q533822
Q546197	Ōmiwa Shrine
Q564302	Tamasaki Shrine
Q565418	Japan Coast Guard
Q565654	voiced labio-velar approximant
Q575759	war memorial
Q580186	Ukyō Ward
Q582846	Izumo Province
Q600590	𝑛-tuple
Q602358	Brockhaus and Efron Encyclopedic Dictionary
Q603200	Jamaican English
Q605326	World Customs Organization
Q611108	Washinomiya Shrine
Q611399	Shoku Nihongi
Q615068	Hashima district
Q615699	online encyclopedia
Q617375	Hiroshima Prefecture
Q618779	award
Q621455	Embassy of Japan, Seoul
Q622594	Takayama
Q631373	Kashii-gū
Q641491	Kakamigahara
Q642906	Plecoglossus altivelis
Q644201	Kuraokami
Q645218	Yomiuri Shimbun
Q648625	Google Knowledge Graph
Q650253	Takamahiko Shrine
Q650772	Mishima Taisha
Q651641	subject–verb–object
Q651943	signifier
Q653180	Fujisan Hongū Sengen Taisha
Q654361	genius
Q654641	voiced dental fricative
Q654660	voiced palato‐alveolar sibilant
Q654705	voiceless labiodental fricative
Q654787	voiced labiodental fricative
Q656026	Hotaka Mountains
Q656801	International Finance Corporation
Q656996	Japan–Turkey relations
Q661395	Nagata Shrine
Q665624	Hiberno-English
Q666514	Echigo Province
Q667475	Satsuma Province
Q667558	revised Hepburn romanization
Q676000	Kani district
Q682111	indicative
Q694604	Treaty of Mutual Cooperation and Security Between the United States and Japan
Q696242	Wang Jingwei regime
Q696362	Izumo Taisha
Q697295	shrine
Q700448	Kamigamo Shrine
Q701403	Tsurugaoka Hachimangū
Q701414	Inaba Shrine
Q701620	Shimogamo Shrine
Q702042	Hie Shrine
Q703633	Hikawa Shrine
Q703904	Oyamazumi Shrine
Q704408	Imperial Diet
Q704695	Kagoshima Jingū
Q704702	Shirayama Hime Shrine
Q704865	Hida Ichinomiya Minashi Shrine
Q704876	Kasama Inari Shrine
Q704890	Tosa Shrine
Q704962	Munakata Taisha
Q704967	Nangū Taisha
Q705035	Kumano Hongū Taisha
Q705126	Kono Shrine
Q705136	Tsushima Shrine
Q705151	Ōtori Taisha
Q705154	Niutsuhime Shrine
Q705303	Shirahige Shrine
Q705310	Hakone Shrine
Q705547	Awa Shrine
Q705635	Shiramine Jingū
Q705916	Masumida Shrine
Q706499	Kashima Jingū
Q709822	Toyokuni Shrine
Q710086	Ikuta Shrine
Q710333	Kashihara Jingū
Q710359	Kumano Nachi Taisha
Q710818	Japan–Taiwan relations
Q712144	de facto
Q712162	Kunōzan Tōshō-gū
Q712488	22
Q712824	Kibitsu Shrine
Q713021	Atago Shrine
Q713188	Minatogawa Shrine
Q714716	Sasakia charonda
Q714742	Hakozaki Shrine
Q715632	Usa Jingū
Q715639	Aso Shrine
Q715647	Kōra Taisha
Q717682	Kanda-myōjin
Q719665	Inari
Q722218	label
Q723417	Ōasahiko Shrine
Q737721	Brazil–Japan relations
Q740714	open back rounded vowel
Q740768	near-open front unrounded vowel
Q748040	Mount Hiei
Q749276	Yamashiro Province
Q751907	Heian-kyō
Q754673	English alphabet
Q762856	frequency
Q766445	Okinawa Prefecture
Q768158	Mikawa Province
Q773085	Aoi Matsuri
Q773311	Yamagata
Q778145	voiced palato-alveolar affricate
Q779608	exception
Q782103	Mizuho
Q782942	Australia Group
Q783521	title
Q784695	ZIM
Q784975	history of English
Q788335	Japan–Nepal relations
Q791801	estimation
Q798838	Tenmangū (worship)
Q811979	architectural structure
Q813935	Nihon Shoki
Q814158	Japanese mythology
Q815439	voiced alveolar lateral approximant
Q819595	Hashima
Q819639	Gero
Q819653	Ena
Q819689	Tajimi
Q826700	International Energy Agency
Q826949	structure relocation
Q827525	International Development Association
Q829903	agreement
Q830106	GeoNames
Q831454	culture of Japan
Q835568	restoration of imperial rule
Q835992	voiced palatal approximant
Q838116	G4 nations
Q838948	work of art
Q839430	Ōgaki Domain
Q841336	Central Japan
Q841337	Japanese archipelago
Q842490	Organisation for the Prohibition of Chemical Weapons
Q843882	Ōmi Province
Q844047	Motosu
Q844052	Nakatsugawa
Q844056	Kaizu
Q847319	Hida
Q847332	Toki
Q849242	hereditary monarchy
Q853614	identifier
Q853805	Kani
Q853821	Mizunami
Q853835	Mino
Q854429	portal
Q857243	Gujō-shi
Q857305	Minokamo
Q857330	Tosa Province
Q858076	Kai Province
Q860627	Mount Miwa
Q860647	Seki
Q860928	Izu Province
Q862509	Heijō-kyō
Q862579	close-mid back rounded vowel
Q862944	Benten-jima
Q864053	Kii Province
Q864148	Bungo Province
Q864156	Mino Province
Q864159	Chikugo Province
Q864163	Settsu Province
Q864166	Ise Province
Q864170	Suruga Province
Q867541	Encyclopædia Britannica 11th edition
Q870911	Gifu Gokoku Shrine
Q871375	Iwakiyama Shrine
Q871991	cherry blossom
Q874027	Historic Monuments of Ancient Kyoto
Q875592	Japanese studies
Q876032	Dewa Province
Q888184	Hinokuma Jingū
Q899770	International Centre for Settlement of Investment Disputes
Q903967	Cape Koritsky
Q905661	Northern Japan
Q905991	Southern Japan
Q906899	Etchū Province
Q906926	Hizen Province
Q907382	Nagato Province
Q907389	Mutsu Province
Q907398	Musashi Province
Q907457	Awa Province
Q907469	Kaga Province
Q907495	Yamato Province
Q907829	Iyo Province
Q908077	Association of Shinto Shrines
Q908529	Okinotorishima
Q909085	Japan Standard Time
Q909128	voiced alveolar approximant
Q912125	Seven-Branched Sword
Q926312	Gion
Q929682	Sanuki Province
Q930545	Shinmei-zukuri
Q936036	Mimasaka Province
Q954511	Tamba Province
Q965029	Aki Province
Q979873	Gion Matsuri
Q981002	Ōsumi Province
Q998709	Oyama Shrine
Q1009535	Culture Day
Q1020542	entryway
Q1025961	capital of Japan
Q1029706	New International Encyclopedia
Q1037393	Hokkaidō
Q1038639	Ruijū Kokushi
Q1041301	Shoku Nihon Kōki
Q1043527	Multilateral Investment Guarantee Agency
Q1047117	Izumi Province
Q1047128	Iga Province
Q1047134	Buzen Province
Q1047144	Echizen Province
Q1047150	Kawachi Province
Q1047492	Minamitorishima
Q1047514	Bitchū Province
Q1047523	Harima Province
Q1047664	Chikuzen Province
Q1047671	Noto Province
Q1048864	Tōtōmi Province
Q1049113	Bingo Province
Q1049141	Vernal Equinox Day
Q1051802	Japan–Vietnam relations
Q1051960	Hoori
Q1052803	Nagaoka-kyō
Q1052905	Nihon Montoku Tennō Jitsuroku
Q1052938	Iki Province
Q1052981	Nihon Sandai Jitsuroku
Q1053037	Suō Province
Q1053044	Awa Province
Q1053256	New History of Yuan
Q1053542	Nihon Kiryaku
Q1053688	Bizen Province
Q1053695	Shimōsa Province
Q1053699	Shimotsuke Province
Q1053703	Hōki Province
Q1053709	Iwami Province
Q1053713	Wakasa Province
Q1053717	Awaji Province
Q1053722	Shima Province
Q1053727	Tajima Province
Q1053732	Sagami Province
Q1054331	Tango Province
Q1054338	Inaba Province
Q1054488	Fujiwara no Anshi
Q1054838	Kōzuke Province
Q1054861	Tsushima Province
Q1055353	Hitachi Province
Q1055394	Kazusa Province
Q1055749	Historic Monuments of Ancient Nara
Q1056017	Ninigi
Q1056535	Hida Province
Q1057904	Cape Nosappu
Q1058216	Tachibana no Kachiko
Q1059995	National Foundation Day
Q1063116	Meta-Wiki
Q1063689	Eastern Japan
Q1063829	Oki Province
Q1063844	Sado Province
Q1063946	Western Japan
Q1068640	folk religion
Q1068863	Hong Kong English
Q1069667	chōzuya
Q1070049	near-close near-front unrounded vowel
Q1071027	full name
Q1072120	Missile Technology Control Regime
Q1072875	National Archives of Japan
Q1073925	Shinatsuhiko
Q1077029	Nihon Kōki
Q1097949	literary language
Q1108695	Maruyama Park
Q1114013	Sumiyoshi sanjin
Q1119956	Expo '70
Q1124220	demographics of Japan
Q1130739	Yamabe district
Q1133223	World Atlas of Language Structures
Q1136168	aftermath of the 2011 Tōhoku earthquake and tsunami
Q1137807	near-close near-back rounded vowel
Q1139554	subjectivity
Q1139795	National Treasure of Japan
Q1142255	Supreme Court of Japan
Q1144815	Taxus cuspidata
Q1145630	Children's Day
Q1146980	Old Book of Tang
Q1147260	History of Song
Q1154558	Yoshino district
Q1154588	Nishikyō Ward
Q1154970	Kita-ku
Q1155060	Yoro District
Q1156228	South African English
Q1185686	Human Development Report
Q1186127	Respect for the Aged Day
Q1186358	Nara Park
Q1186410	Autumnal Equinox Day
Q1188622	Important Cultural Property of Japan
Q1189121	Tokyo Prefecture
Q1189816	ethnic religion
Q1197271	Treaty of Saint Petersburg
Q1197771	Fushimi-ku
Q1201876	Open Library
Q1203139	Sangō
Q1203148	Higashiyoshino
Q1203862	Higashiyama-ku
Q1203880	Kawai
Q1204309	Ibi district
Q1204320	Anpachi district
Q1204331	Motosu district
Q1205237	Ise-Shima National Park
Q1207735	Tokyo City
Q1209728	Japanese imperial year
Q1227243	Japan–United States relations
Q1233197	oblique case
Q1234617	future perfect
Q1236807	URL redirection
Q1240211	present perfect
Q1288568	modern language
Q1321824	Kamigyō-ku
Q1321832	Sakyō-ku
Q1335527	Shigeru Ishiba
Q1336877	Japan–Russia relations
Q1338856	National Diet Building
Q1345223	History of Yuan
Q1346342	Anglic
Q1348656	Kamo district
Q1348800	Indian English
Q1355051	Greenery Day
Q1355833	Marine Day
Q1359602	Sports Day
Q1361434	Shōwa Day
Q1361489	Constitution Memorial Day
Q1364781	Hachirōgata
Q1370468	architectural reconstruction
Q1374325	Engi
Q1374339	Draft History of Qing
Q1377385	Tōkaimura criticality accident
Q1377803	Inglés
Q1384780	Tōgō Shrine
Q1392475	simple past
Q1397518	Georgia–Japan relations
Q1397601	Fujiwara no Tadahira
Q1411284	Category:Japan
Q1417780	Freedom in the World
Q1453477	Freebase
Q1458083	Category:Science
Q1475560	simple future
Q1479879	order of precedence
Q1480793	Nuclear Suppliers Group
Q1497364	building complex
Q1502690	Takemikazuchi
Q1550643	principle
Q1551807	Polish Wikipedia
Q1553250	Scottish English
Q1607826	editor
Q1616178	heterarchy
Q1619446	Hinomisaki Shrine
Q1631107	bibliography
Q1683268	Embassy of Japan, Berlin
Q1705028	Sanae Takaichi
Q1725664	terminology
Q1753428	Tenjin
Q1764511	G7
Q1768721	Gujin Tushu Jicheng
Q1775415	feminine
Q1775461	neuter
Q1781862	Konohanasakuyahime
Q1799072	method
Q1814982	University of Chicago Press
Q1836700	manufactured good
Q1861696	English possessive
Q1975217	Armenian Wikipedia
Q1980247	chapter
Q1982926	Category:Disambiguation pages
Q2041543	Otto's encyclopedia
Q2044560	Sylheti
Q2044994	honden
Q2071334	Know Your Meme
Q2110461	Fujiwara no Otomuro
Q2144402	renovation
Q2150504	signal
Q2153247	Fushimi-Inari Station
Q2198066	Werk
Q2289247	SBCS
Q2363292	Welsh English
Q2410833	Denmark–Japan relations
Q2424943	Yoron
Q2451637	torrent file
Q2492572	uncitedness
Q2517815	list of Shinto shrines
Q2553334	Web NDL Authorities
Q2566910	India–Japan relations
Q2628882	legal status
Q2657718	Armenian Soviet Encyclopedia
Q2682165	Japan–Netherlands relations
Q2806720	100 Landscapes of Heisei
Q2807090	119
Q2840986	Southern Amami Ōshima
Q2840988	Northern Amami Ōshima
Q2841871	Embassy of Japan, Paris
Q2849617	Malaysian English
Q2859485	Aramatsuri-no-miya
Q2859566	Arashiyama
Q2915778	Iran–Japan relations
Q2917109	Israel–Japan relations
Q2918584	relocation
Q2944534	Category:Wikipedia categorization
Q2963366	Chichibu Shrine
Q2975287	Kamo clan
Q2994735	Fujiwara no Tokihira
Q2994894	dual monarchy
Q3024240	historical country
Q3028663	Toshigami
Q3029647	Shinto Directive
Q3032312	tutelary spirit
Q3034458	Kanō Domain
Q3034540	Takatomi Domain
Q3047222	Eda Shrine
Q3062805	Japan–Ukraine relations
Q3062819	Japan–Philippines relations
Q3063178	Japan–Thailand relations
Q3063249	FIPS 10-4
Q3090870	Ōhi Shrine
Q3096508	koshintō
Q3109261	linguonym
Q3125455	Hachiman-zukuri
Q3125745	haiden
Q3128007	Haruna Shrine
Q3136198	Hirasaki Shrine
Q3138720	Hiyoshi-zukuri
Q3152127	UNESCO Institute for Statistics
Q3155126	Isaniwa Shrine
Q3155136	Isasumi Shrine
Q3155268	Ishi-no-ma-zukuri
Q3156511	Izushi Shrine
Q3162376	Man'yō Botanical Garden (Nara)
Q3174312	free country
Q3181656	The Nuttall Encyclopædia
Q3193781	Kasuga-zukuri
Q3195586	Keta Wakamiya Shrine
Q3196329	Kibune
Q3196527	Kikai
Q3197197	Kinpu Shrine
Q3198277	Kogane Shrine
Q3200650	Kushifuru Shrine
Q3201026	Kyoto Ryōzen-Gokoku Shrine
Q3240847	list of divinities in Japanese mythology
Q3270407	Act on National Flag and Anthem
Q3271557	imperial cult
Q3304192	Mefu Shrine
Q3308526	General American English
Q3313076	Miho Shrine
Q3320743	title of honor
Q3331189	version, edition or translation
Q3342690	Nogi Shrine
Q3350036	Okinoerabu
Q3395121	wayside shrine
Q3424074	Afghanistan–Japan relations
Q3424075	Japan–South Africa relations
Q3424098	Armenia–Japan relations
Q3424102	Australia–Japan relations
Q3424106	Austria–Japan relations
Q3424117	Italy–Japan relations
Q3424120	Egypt–Japan relations
Q3424122	Ethiopia–Japan relations
Q3424124	Barbados–Japan relations
Q3424147	Colombia–Japan relations
Q3424157	Japan–North Korea relations
Q3424196	France–Japan relations
Q3424205	Greece–Japan relations
Q3424223	Bangladesh–Japan relations
Q3424228	Cambodia–Japan relations
Q3424233	Canada–Japan relations
Q3424238	Japan–Lithuania relations
Q3424240	Japan–Serbia relations
Q3424242	Japan–Kosovo relations
Q3424244	Japan–Montenegro relations
Q3424245	Japan–Pakistan relations
Q3424246	Japan–United Kingdom relations
Q3424248	Japan–Sri Lanka relations
Q3424249	Japan–Venezuela relations
Q3424250	Japan–Tonga relations
Q3461072	Sada Shrine
Q3473746	Saruka Shrine
Q3503635	Sumiyoshi-zukuri
Q3513683	Tada Shrine
Q3514126	Takachiho Shrine
Q3519604	mid front unrounded vowel
Q3529714	Yoshino Mikumari Shrine
Q3530344	Toga Shrine
Q3530470	Tokiwa Shrine
Q3530484	Tokunoshima
Q3541617	Tsubaki Grand Shrine
Q3541658	Tsuma Shrine
Q3541675	Tsuno Shrine
Q3571342	Yaizu Shrine
Q3594036	Ōmiya Hachiman Shrine
Q3610939	Singapore English
Q3610994	Matsuo-taisha Station
Q3622126	conceptual system
Q3624078	sovereign state
Q3791906	Takase Shrine
Q3910936	simple present
Q3919906	Category:Literary works
Q3936326	Embassy of Japan, Moscow
Q3952369	Shinto sects and schools
Q3959372	shen
Q3959472	Jingū Shikinen Sengū
Q4025884	concrete number
Q4114391	Sytin Military Encyclopedia
Q4161006	Mino dialect
Q4161013	Hida dialect
Q4173137	Jewish Encyclopedia of Brockhaus and Efron
Q4189293	rank
Q4212085	kanazukai
Q4218095	2:1
Q4346747	Ban Nobutomo
Q4350771	Japan 2005 Census
Q4391019	WikiProject Categories
Q4398224	Japan–Russia border
Q4398229	Russian State
Q4407806	Sannō Shintō
Q4499760	Japan National Route 169
Q4532135	Encyclopedic Lexicon
Q4532138	Granat Encyclopedic Dictionary
Q4567134	Caribbean English
Q4656150	Wikimedia project policies and guidelines page
Q4696584	Aichi Gokoku Shrine
Q4709243	Albania–Japan relations
Q4724117	Algeria–Japan relations
Q4981905	Indonesia–Japan relations
Q4989342	Help:Category
Q5034876	Cape Irizaki
Q5035799	capitalization in English
Q5121687	circulation element
Q5256018	demographics of the Empire of Japan
Q5329170	Anglo-Frisian
Q5367188	transfer of sovereignty over Okinawa
Q5368745	official history
Q5368920	Astragalus sinicus
Q5369754	Embassy of Japan, London
Q5374198	economy of the Empire of Japan
Q5374249	relative frequency
Q5378197	English Braille
Q5378671	English subjunctive
Q5460604	Wikipedia:List of articles all languages should have
Q5463833	The National Terminology Database for Irish
Q5607395	Grenada–Japan relations
Q5611262	Group on Earth Observations
Q5642451	Category:Names
Q5674013	Hart's Rules
Q5943188	Hungary–Japan relations
Q6031707	Fukuhara-kyō
Q6079748	Iseshi Station
Q6089533	Isuzugawa Station
Q6122670	Māori
Q6141299	Category:Sacred texts
Q6144345	Southern American English
Q6148868	Template:Disambiguation
Q6158155	Consulate-General of Japan, Houston
Q6159216	Japan–European Union relations
Q6159227	Japan–Latin America relations
Q6159231	Japan–Malaysia relations
Q6159244	Japan–Saudi Arabia relations
Q6159249	Japan–South Korea relations
Q6159254	Japan–Trinidad and Tobago relations
Q6173448	Wikipedia:Vital articles/Level/4
Q6334572	Category:Deaths in Japan
Q6377645	Category:Lighthouses in Finland
Q6389422	Kenkyūsha’s New Japanese-English Dictionary
Q6416401	Category:Titles
Q6439308	Template:Category link
Q6455346	Kōzakihana
Q6498663	fire department
Q6501380	Chinese people
Q6511158	Category:Hierarchy
Q6526777	Category:Gifu Prefecture
Q6545942	light-on-dark color scheme
Q6581072	female
Q6581097	male
Q6585753	Portal:Japan
Q6587101	Category:Shinto shrines
Q6597144	Template:En icon
Q6628770	Finland–Japan relations
Q6671777	structure
Q6796749	Category:Empire of Japan
Q6840573	Category:English-language films
Q6899744	Japan–Mongolia relations
Q6958481	Nagao Shrine
Q6994491	Category:Japanese people
Q7007362	Awashima Shrine
Q7033019	Nigerian English
Q7108964	Cable-hachimangū-sanjō Station
Q7112310	outline of Japan
Q7112524	Category:People from Gifu Prefecture
Q7140310	Category:Films shot in Japan
Q7200373	place–manner–time
Q7240943	present continuous
Q7269768	Quebec English
Q7445004	Security Treaty Between the United States and Japan
Q7463305	Category:Births in Japan
Q7470559	Category:Shinto
Q7473516	Tokyo
Q7484128	Category:English-language music
Q7496289	Shiga district
Q7553491	Soekami district
Q7637174	Sumiyoshitaisha Station
Q7639029	Template:Category link without namespace
Q7848226	Trustpilot
Q7878210	Ujiyamada Station
Q7882536	non-denominational
Q7884923	Unified English Braille
Q7886981	ASEAN Regional Forum
Q7888721	stress-timed language
Q7923975	Category:English language
Q7978954	Category:Burials in Japan
Q7981952	Q7981952
Q8056784	YouTube API
Q8081467	Category:Births in Gifu prefecture
Q8083538	Template:Japan topics
Q8104190	Category:Wikipedia categories named after literary texts
Q8191796	Mizuhanome
Q8423370	Wikimedia France
Q8487081	WikiProject Books
Q8491372	WikiProject Disambiguation
Q8503406	WikiProject Countries
Q8503454	WikiProject Asia
Q8504015	WikiProject Japan
Q8533525	Category:Images of signs
Q8607401	Category:Maps of Japan
Q8737310	Category:Shinto kami
Q8744456	Category:Signage
Q8944860	flag of Gifu prefecture
Q9072262	Category:People:Japan (people who live or lived in Japan)
Q9073584	increase
Q9102357	Template:Gifu
Q9149515	Embassy of Japan,  Warsaw
Q9232453	Category:Religious texts
Q9517826	Category:Ise Shrine
Q9540901	Category:Shikinaisha in Mikawa Province
Q9543188	Category:Shikinaisha in Kazusa Province
Q9543387	Category:Shikinaisha in Kōzuke Province
Q9543692	Category:Shikinaisha in Shimōsa Province
Q9543731	Category:Shikinaisha in Shimotsuke Province
Q9551091	Category:Shikinaisha in Tango Province
Q9551134	Category:Shikinaisha in Tanba Province
Q9563634	Category:Shikinaisha in Iyo Province
Q9563778	Category:Shikinaisha in Ise Province
Q9564254	Category:Shikinaisha in Izu Province
Q9564390	Category:Shikinaisha in Iga Province
Q9564903	Category:Shikinaisha in Hōki Province
Q9564980	Category:Shikinaisha in Tajima Province
Q9565883	Category:Shikinaisha in Sado Province
Q9567719	Category:Shikinaisha in Shinano Province
Q9568451	Category:Shikinaisha in Bitchū Province
Q9568470	Category:Shikinaisha in Bizen Province
Q9568487	Category:Shikinaisha in Bingo Province
Q9575983	Category:Shikinaisha in Dewa Province
Q9576036	Category:Shikinaisha in Izumo Province
Q9578530	Category:Shikinaisha in Kaga Province
Q9595758	Category:Enumerations of 22
Q9596712	Category:Shikinaisha in Suo Province
Q9598066	Category:Shikinaisha in Izumi Province
Q9600351	Category:Shikinaisha in Inaba Province
Q9600851	Category:State Shinto
Q9602616	Category:Shikinaisha in Tosa Province
Q9607557	Category:Shikinaisha in Iki Island
Q9610759	Category:Shikinaisha in Yamato Province
Q9616530	Category:Shikinaisha in Ōsumi Province
Q9623234	Category:Shikinaisha in Awa Province (Chiba)
Q9623369	Category:Shikinaisha in Aki Province
Q9625679	Category:Shikinaisha in the Imperial Palace
Q9629863	Category:Shikinaisha in Tsushima
Q9632445	Category:Shikinaisha in Owari Province
Q9633685	Category:Shikinaisha in Yamashiro Province
Q9636324	Category:Maps of Gifu prefecture
Q9642276	Category:Shikinaisha in Hitachi Province
Q9649851	Category:Shikinaisha in Shima Province
Q9655939	Category:Shikinaisha in Settsu Province
Q9656021	Category:Shikinaisha in Harima Province
Q9661284	Category:Shikinaisha in Hyūga Province
Q10013748	Category:Categories
Q10090667	Category:Shikinaisha in Musashi Province
Q10119327	Category:Shikinaisha in Kawachi Province
Q10138763	Category:Shikinaisha in Awaji Province
Q10190364	Category:Shikinaisha in Kai Province
Q10200159	Category:Shikinaisha in Sagami Province
Q10209549	Category:Shikinaisha in Iwami Province
Q10248848	Category:Shikinaisha in Chikuzen Province
Q10248992	Category:Shikinaisha in Chikugo Province
Q10253555	Category:Shikinaisha in Kii Province
Q10302194	manually coded English
Q10343950	Higashiyama
Q10372494	Civil Code of Japan
Q10444949	Shinbutsu Reijō Junpai no Michi
Q10855289	Koma Shrine
Q10856962	anthroponym
Q10863233	Imao Domain
Q10863261	Iwamura Domain
Q10863356	Gujō Domain
Q10863458	Naegi Domain
Q10863469	Nomura Domain
Q10863796	Ichinomiya Nukisaki Shrine
Q10867478	Uesugi Shrine
Q10876391	Wikipedia language edition
Q10884977	Izanagi Jingū
Q10885872	Sumiyoshi district
Q10925104	Shijōnawate Shrine
Q10928586	Ikasuri no Kami
Q10935105	Ōyamakui
Q10936701	Ōmononushi
Q10981345	Otagi district
Q11027445	Portal:Shinto
Q11059454	Ichikishimahime
Q11059754	Futsunomitama
Q11071121	Junior First Rank
Q11071123	Junior Third Rank
Q11071125	Junior Fifth Rank
Q11071127	Junior Fourth Rank
Q11073095	Ikisu Shrine
Q11088805	Kasuga no Kami
Q11109963	Portal:English
Q11123258	Senior First Rank
Q11123261	Senior Third Rank
Q11123277	Senior Second Rank
Q11123280	Senior Fifth Rank
Q11123338	Senior Fourth Rank
Q11129340	Keta Shrine
Q11129346	Kehi Jingū
Q11173679	Chōkaisan Ōmonoimi Shrine
Q11183785	Znak
Q11185210	118
Q11239221	Matsue Gokoku Shrine
Q11253490	Sorihashi Bridge
Q11259219	Enoshima Shrine
Q11266439	Wikimedia template
Q11268869	Japanese long vowels
Q11275441	Hajikami Shrine
Q11309938	Japan
Q11353282	Ichisuka Shrine
Q11354355	Sandai Kyakushiki
Q11354664	Miwa Shrine
Q11355073	Miyake Shrine
Q11355207	Mitsumine Shrine
Q11357857	Mie Gokoku Shrine
Q11358379	Kamiichinomiya Ōawa Shrine
Q11358693	Kōsaka Shrine
Q11360119	Kamikoso Shrine
Q11361262	Shimotate Matsubara Shrine
Q11361528	Shimoshiotsu Shrine
Q11364246	Nakayama Shrine
Q11364695	Nakashima Shrine
Q11364920	Nakagawa Shrine
Q11368919	Kukumiohiko Shrine
Q11368920	Kukuhi Shrine
Q11368944	Kusanagi Shrine
Q11369065	Osamu Kubota
Q11369376	Kuga Shrine
Q11369609	Kume no Miagata Shrine
Q11369798	Oka Shrine
Q11371148	Kotonomama Hachimangū
Q11371572	Nisho Yamada Shrine
Q11372582	Gosha & Suwa Shrine
Q11373321	Iinoya-gū
Q11373608	Io Shrine
Q11373756	Igusa Hachimangū
Q11376337	Nikabe Shrine
Q11376765	Imadegawa Street
Q11376859	Imamiya Ebisu Shrine
Q11378870	Isagu Shrine
Q11378911	Ikagashi Shrine
Q11378912	Ikanashi Shrine
Q11378969	Isemikoto Shrine
Q11378990	Iseyama Koutai-jingu
Q11379183	Ikonahime no Mikoto Shrine
Q11379249	Iwatsuhime Shrine
Q11379270	Itahato Shrine
Q11379271	Itakiso Shrine
Q11379315	Inu Shrine
Q11379320	Ifuribe Shrine
Q11379321	Ibuki Shrine
Q11379323	Izanagi Shrine
Q11379365	Izanagi Shrine
Q11379396	Isono Shrine
Q11379658	Iwanonishi Shrine
Q11379707	Ime Shrine & Hachimangu
Q11380543	Izusahime Shrine
Q11380847	Itate Shrine
Q11380848	Idate Shrine
Q11380920	Izanagi Shrine
Q11381009	Isurugihiko Shrine
Q11381016	Ikagu Shrine
Q11381529	Tomobayashiuji Shrine
Q11381803	Otaue Shinto Service
Q11381815	Sumiyoshi-taisha Jindaiki
Q11381858	Sumiyoshi Shrine
Q11381863	Sumiyoshi Shrine
Q11381874	Sumiyoshi Matsuri
Q11381878	Sumiyoshi Angū
Q11381890	Sumiyoshitoriimae Station
Q11381946	Japan Resident Registry
Q11382602	Sakuta Shrine
Q11382603	Sakunado Shrine
Q11383014	Saeno Shrine
Q11383015	Sabi Shrine
Q11383089	Sawaragi Shrine
Q11383230	Sahimeyama Shrine
Q11385140	Samatado Shrine
Q11385469	Reisai
Q11385699	Horowasan Haushiwake Shrine
Q11387080	Yamato no ōkuni tama no kami
Q11387089	Shidori Shrine
Q11387216	Takeminakata & Minomikotohikokamiwake Shrine
Q11387225	Takeda Suga Shrine
Q11387775	moto-Ise
Q11390679	Yatagarasu Shrine
Q11390855	Yao Shrine
Q11390907	Siege of Hachiman
Q11390939	Hachiman shrine
Q11391120	Yagokorōoichihiko Shrine
Q11391709	Hasshinden
Q11392062	Kuchi Shrine
Q11392186	Public Offices Election Act
Q11392468	Mukoyama Shrine
Q11392795	Hyōzu Taisha
Q11392796	Hyōzu Shrine
Q11393652	Himeji Gokoku Shrine
Q11393653	Hyogo Kobe Gokoku Shrine
Q11393842	Utsutsu Shrine
Q11394400	Uchi Shrine
Q11395081	Fuji Omuro Sengen Shrine
Q11395685	Izumi Shrine
Q11395802	Dewa Shrine
Q11396303	printed book
Q11397050	Sakito Shrine
Q11397359	Sakitama Shrine
Q11397865	Sakitori Shrine
Q11398475	Kasado Shrine
Q11398477	Kasami Shrine
Q11398661	Kamo Shrine
Q11398694	Kabasan Saenazumi Shrine
Q11398697	Kabasan Shrine
Q11398800	Kashikuri Shrine
Q11399719	Kaka Shrine
Q11399920	chokushi
Q11400187	Katsura Shrine
Q11401286	Kitaguchi Hongū Fuji Sengen Shrine
Q11403863	Kitabatake Shrine
Q11403959	Kitadate Shrine
Q11404253	Kitano
Q11404273	Grand Kitano Tea Ceremony
Q11404276	Kitano Tenjinsha
Q11405029	Tōchi no Miagata Nimasu Shrine
Q11406714	Chiba Gokoku Shrine
Q11409089	Ikishiro Shrine
Q11410984	Koshiō Shrine
Q11413504	Yoshida
Q11414032	Yoshida Shrine
Q11414497	Yoshino Jingū
Q11415986	Mukō Shrine
Q11417045	Ajima Shrine
Q11418296	Kanko Shrine
Q11418537	Karasaki Shrine
Q11418605	Karasawayama Shrine
Q11420029	Yohashira Shrine
Q11421390	Kokuzō Shrine
Q11423916	Embassy of Japan, Bangkok
Q11425171	Sakamoto
Q11425559	Sakahogi Shrine
Q11425667	Ikasuri Shrine
Q11425829	Tarumi Shrine
Q11426120	Kiyama Shrine
Q11426287	Kinowa Shrine
Q11427995	Tsutsumine Shrine
Q11428033	Hōtoku Ninomiya Shrine
Q11428793	Shioyuhiko Shrine
Q11429413	Sunomata Shrine
Q11429659	Mefu Shrine
Q11430603	Takuhi Reshi Shrine
Q11430613	Takuzudama Shrine
Q11430618	Taki Shrine
Q11430652	Oonimasumishiritsuhiko Shrine
Q11430665	Take Shrine
Q11430676	Tagi Shrine
Q11430844	Taji Shrine
Q11430889	Tajihayahime Shrine
Q11430893	Tai Shrine
Q11431075	Taka-no-miya
Q11431090	Taga Shrine
Q11431309	Yagi Shrine
Q11432213	Ooi Shrine
Q11432214	Oi Shrine (Kyoto)
Q11432216	Oi Shrine (Shimada)
Q11432381	Ōyosami Shrine
Q11432652	Daibu Hachimangū
Q11433065	Ōsaki Shrine
Q11433429	Yamato-Okunitama Shrine
Q11433665	Okunitama Shrine
Q11433670	Ōkunitama Shrine
Q11434413	Ōmiyame Shrine
Q11434509	Ōtomi Shrine
Q11434556	Oyatsuhime Shrine
Q11434677	Ooyama Shrine
Q11434713	Ōyama Afuri Shrine
Q11435100	Ōshima & Okitsushima Shrine
Q11435126	Ōkawakami Birafu Shrine
Q11435192	Ōkawa Shrine
Q11435419	Ōgata Shrine
Q11435424	Ōmiwa Shrine
Q11435950	Ōsugi Shrine
Q11436767	Ōke Shrine
Q11436783	Oominakami Shrine
Q11437230	Ōarai Isosaki Shrine
Q11437361	Otsu Shrine
Q11437478	Daikai Shrine
Q11437955	Ōta Shrine
Q11438245	Ōishi Shrine
Q11438318	Takeokami Shrine
Q11438336	Oomiwa Shrine
Q11438337	Oo Shrine
Q11438780	Ōtokoro Shrine
Q11438782	Omushi Shrine (Yosano)
Q11438783	Ōmushi Shrine (Echizen)
Q11439679	Ōnominato Shrine
Q11439718	Oono Shrine
Q11441628	Osaka Gokoku Shrine
Q11441891	Tairyō Shrine
Q11441957	Ōtakayama Shrine
Q11442221	Amasashinowake Shrine
Q11442354	Amawake Toyohime Shrine
Q11442508	Ame-Futotama-no-Mikoto Shrine
Q11442597	Ameno Shirahano Shrine
Q11442907	Amaterasu Ōmikami Takakura Shrine & Iwato Shrine
Q11443184	Amanoiwatate Shrine
Q11443243	Tenjin River
Q11443949	Taiheizan-Miyoshi Shrine
Q11444481	Futonorito Shrine
Q11444944	Nagu Shrine
Q11446997	Myōgi Shrine
Q11447213	Tsumashina Shrine
Q11447235	Anesaki Shrine
Q11447922	Kobimine Shrine
Q11448984	Enomiya Shrine
Q11449116	Uzukamikoto Shrine
Q11449252	Unaguhime Shrine
Q11449442	Umorihiko Shrine
Q11449531	Uwase Shrine
Q11449611	Uge Shrine
Q11450252	Ani Shrine
Q11451153	Afuku Kahaku Shrine
Q11451877	Munakata Shrine
Q11451878	Munakata Shrine
Q11451946	Soganimasu Sogatsuhiko Shrine
Q11452023	Sō Shrine
Q11452075	kanjin
Q11452125	East Asian government position
Q11452649	Hodosan Shrine
Q11453994	Miyagi Gokoku Shrine
Q11455054	Miyauragū
Q11455616	Sukunakawata Shrine
Q11455657	Shukuin Tongū
Q11456842	Toyama Gokoku Shrine
Q11457413	Sagae Hachinangū
Q11457434	Samuta Shrine
Q11458547	Itatehyōzu Shrine
Q11458557	Imizu Shrine
Q11459557	Ozeki Shrine
Q11459659	Fujisan Shimomiya Omuro Sengen Shrine
Q11460493	Ogawatsuki Shrine
Q11460773	Komikado Shrine
Q11460785	Ōbe Shrine
Q11462117	Ogura Shrine
Q11462126	Otsuki-taisha
Q11462132	Otsuki Shrine
Q11463293	Obori Shrine
Q11463552	Komushi Shrine
Q11465296	Owari Ōkunitama Shrine
Q11465762	Miyake Shrine (Matsubara)
Q11468583	Yamagata Gokoku Shrine
Q11469919	Yamanashi Gokoku Shrine
Q11469988	Yamatsuteru Shrine
Q11470037	Sannō Faith
Q11470816	Yamashina Shrine
Q11471462	Gifu Prefectural Archives
Q11471571	Gifu 1st district
Q11471573	Gifu 2nd district
Q11471575	Gifu 3rd district
Q11471576	Gifu 4th district
Q11471577	Gifu 5th district
Q11471583	Gifu Prefectural Assembly
Q11471858	Gifu at-large district
Q11473738	Okada Kamo Shrine
Q11474068	Iwai Onsen
Q11477020	Shimaana Shrine
Q11477816	Kawawa Shrine
Q11479874	Kojino Shrine
Q11479957	Tatsumi Shrine
Q11480773	Fudaten Shrine
Q11481110	Morooka Kumano Shrine
Q11481301	Tokoyokihime Shrine
Q11481867	Hatahisa Shrine
Q11482330	Hiratsuka Hachimangū
Q11483250	Hirahama-hachimangū
Q11483495	Heguri Nimasukishi Shrine
Q11483501	Heguri district
Q11484399	Hiromine Shrine
Q11485625	Hirose Shrine
Q11485642	Hirose district
Q11486118	Watarai Kunimi Shrine
Q11486120	Watarai Ōkunitama Hime Shrine
Q11486644	Tatsushima Meoyanomikoto Shrine
Q11486674	Takemimakuri Shrine
Q11486985	Shikijō district
Q11487078	Yuge Shrine
Q11487344	Kōbundō
Q11487792	Mito Shrine, Higashiosaka
Q11488721	Junior Second Rank
Q11488762	Mikami Shrine
Q11488771	Mii Shrine
Q11488772	Mii Shrine
Q11488774	Mii Shrine
Q11488802	Mito Shrine
Q11488875	Misaka Shrine
Q11489014	Mikata Shrine
Q11489249	Miho Jinja
Q11489340	Mino Agatanushi Shrine
Q11490717	Iminomiya Shrine
Q11490800	Shinobugaoka Shrine
Q11490808	Shijiki Shrine
Q11490845	Shiwa Inari Shrine
Q11491171	Shikaumi Shrine
Q11492258	Onji Shrine
Q11492453	Ena Shrine
Q11493040	Ogami Shrine, Kishiwada
Q11493042	Okami Shrine
Q11493043	Oi Shrine
Q11495515	Narumi Shrine
Q11496939	Tamukeyama Hachiman Shrine
Q11497169	Tenaga Shrine
Q11498399	Iya Shrine
Q11498617	Make Shrine
Q11499217	Minume Shrine
Q11499487	Aekuni Shrine
Q11499585	Keiman Shrine
Q11500716	Hii Shrine
Q11500718	Hida Shrine
Q11501518	Niiname-no-Matsuri
Q11502106	Niikawa Shrine (Toyama)
Q11503581	Niigata Gokoku Shrine
Q11505052	Hiyoshi Tōshō-gū
Q11505112	Himukai-daijingū
Q11505275	Hioka Shrine
Q11505566	Japan–Singapore relations
Q11505781	head of state of Japan
Q11505877	local assemblyperson of Japan
Q11507109	Three Great Tenjin Shrines
Q11508656	100 Fine Bridges of Japan
Q11509530	Hie Shrine
Q11509543	Hine Shrine
Q11509681	Himure Hachimangū
Q11510248	Hioki Shrine (Nagoya)
Q11510250	Hioki Shrine
Q11510296	Japan–Portugal relations
Q11510443	Japan–Spain relations
Q11510526	Kusabe Shrine
Q11510876	Asakura Shrine
Q11511196	Hayasuihime Shrine
Q11513508	Kasuga
Q11513596	Five storied pagoda of Kasuga Taisha
Q11513658	Sacred tree of Kasuga
Q11513659	Kasuga Shrine (Kitakyushu)
Q11513681	Kasuga-sai
Q11513690	Kasuga Wakamiya On-Matsuri Festival
Q11516023	Tsukiyomi-no-miya
Q11516161	Tsukinami-no-Matsuri
Q11516217	Tsukiyomi Shrine
Q11516720	Arima Shrine
Q11516854	Aruka Shrine
Q11517328	Asakura Shrine
Q11517384	Asayama Shrine
Q11517708	Asadatehiko Shrine
Q11518370	Konoshima Nimasu Amateru Mitama Shrine
Q11521781	Sugihara Shrine
Q11523053	Murakuni Masumida Shrine
Q11523074	Muraya-ni-masu-Mifutsuhime Shrine
Q11523148	Murayama Shrine
Q11523149	Murayama Shrine
Q11523682	Kinomiya Shrine
Q11523697	Kiburi Shrine
Q11524717	Tokyo Daijingu
Q11526330	Kannon-ji Temple, Kitano-tenmangu
Q11526498	Higashiōji Street
Q11526673	Azumayanuma Shrine
Q11529677	Matsuo shrine
Q11532402	Matsusaka Shrine
Q11533249	Hayashi Shrine
Q11535866	Kurihara Shrine (Takayama)
Q11536498	ge and shi
Q11537864	Sakurai Shrine
Q11537980	Sakurayama Hachimangū
Q11541842	Enomoto Shrine
Q11542024	Tsukimoto Shrine
Q11543413	Yokota Shrine
Q11544302	Tachibana Shrine
Q11544725	Kushida Shrine, Imizu
Q11544726	Kushida Shrine (Matsusaka)
Q11545333	Todorokihimenomikoto Shrine
Q11545988	Muko district
Q11547467	Hinumanai Shrine
Q11547502	Hitsusa Shrine
Q11548072	Keta-hongū
Q11548073	Keta Shrine
Q11548384	Minakuchi Shrine
Q11548449	Mio Shrine
Q11548558	Mito Shrine
Q11548625	Mito Tōshō-gū
Q11549109	Mizuwakasu Shrine
Q11549203	Mizutani Shrine
Q11549548	Hikami Anego Shrine
Q11553074	Sasaki Shrine
Q11553081	Isagoda Shrine
Q11553360	Kawamata Shrine
Q11553387	Kawachi Kunitama Shrine
Q11554446	Nunakuma Shrine
Q11554710	Izumi Inoue Shrine
Q11554908	Izumianashi Shrine
Q11555072	Hokki Shrine
Q11555428	Hakunu Shrine
Q11555561	Hahaki Shrine
Q11555577	Hanifu Shrine
Q11555598	Hajikami Shrine
Q11556984	Azai Shrine (Ichinomiya)
Q11558526	Fushima Shrine (Iyo Province)
Q11559097	Kai Shrine
Q11559098	Watatsumi Shrine (Kobe)
Q11560019	Fukagawa Shrine
Q11560040	Fukashi Shrine
Q11560278	Fukami Shrine
Q11561593	Shibukawa Shrine
Q11562965	Unzen Onsen Shrine
Q11563607	Yudonosan Shrine
Q11563671	Yusen Shrine
Q11563773	Yu Shrine
Q11564491	Mizokui Shrine
Q11564971	Shiga Gokoku Shrine
Q11565409	Nuribe Shrine
Q11566232	Hamada Gokoku Shrine
Q11566292	Takihara-no-miya
Q11566947	Honoo-Honome Shrine
Q11567184	Inatsuhiko Shrine
Q11568887	Kumano Taisha
Q11569065	Atsuhitakahiko Shrine
Q11569496	Niwa Shrine
Q11569554	Katano Shrine
Q11569609	Katayamahiko Shrine
Q11570247	Gozu Tennō
Q11570305	Mure Shrine
Q11570647	Monoimina no Mikoto Shrine
Q11570699	Mononobe Shrine
Q11571746	Sayama Shrine
Q11571758	Sano Shrine (Nomi)
Q11572114	Sanage Shrine
Q11572141	Sarutahiko Shrine
Q11572397	Tamatsukuriyu Shrine
Q11572627	Tamashiki Shrine
Q11572702	Tamatsushima Shrine
Q11572730	Tamanooya Shrine
Q11572731	Tamanooya Shrine
Q11572773	Tamawakasu-no-Mikoto Shrine
Q11574285	Amakashi-ni-imasu Shrine
Q11574477	Ikukunitama Shrine
Q11574513	Ikushima Tarushima Shrine
Q11574575	Ikune Shrine
Q11576656	Tashima Shrine
Q11576978	Tamura Shrine
Q11576984	Tamura-no-dai
Q11577626	Yurahime Shrine
Q11577650	Yuzusame Shrine
Q11578102	Onouto Shrine
Q11578590	Unebiyamaguchi Shrine
Q11579592	Hakusan Shrine
Q11579597	Hakusan Shrine
Q11579831	Okera-sai
Q11580592	Shiratori Shrine (Toyama)
Q11580599	Shiratori Shrine
Q11581011	Kōtai Jingū
Q11581127	Tsutsumi Shrine
Q11581207	Yaku Shrine
Q11581351	Morioka Hachimangū
Q11581944	Ainame Festival
Q11582899	Manai Shrine
Q11583922	Yahagi Shrine, Yao
Q11584115	Yagawa Shrine
Q11584205	Yata ni Imasu Kushitamahiko Shrine
Q11584639	Chiryū Shrine
Q11584766	Isonokamifutsumitama Shrine
Q11585161	Ishizukuri Shrine
Q11585189	Ishikiri Tsurugiya Shrine
Q11585337	Iwazononiimasu Takumushitama Shrine
Q11586369	Ishikawa Gokoku Shrine
Q11586490	Ishimaki Shrine
Q11586510	Ihakurano Shrine
Q11586814	Iwashimizu-sai
Q11587134	Iwa Shrine
Q11587231	Isobe Shrine
Q11587232	Isobe Shrine
Q11587235	Iwatsutsukowake Shrine
Q11587853	Iwai Shrine
Q11588442	Gion shrine
Q11588450	Gion-zukuri
Q11588751	shinzō
Q11588802	Kanbara Shrine
Q11589488	Jingu Museum
Q11589490	Jingū Bunko
Q11589654	Kōzaki Shrine
Q11590317	Shinmei Shrine
Q11590334	Kamuhatori Shrine
Q11590647	Kanda Shrine
Q11590703	Jinja-cho
Q11590885	Kandani Shrine
Q11591025	shinkai
Q11591046	Kamitakatsuki Shrine
Q11591085	Saishu (Ise Shrine)
Q11591715	Fukui Shrine
Q11593728	Fukushima Gokoku Shrine
Q11595542	Akita Gokoku Shrine
Q11595950	Shinaga Shrine
Q11596454	Inasa Shrine
Q11596691	Inage Shrine
Q11596799	Inada Shrine
Q11597109	Hotaka Shrine
Q11597137	Tsugawa Shrine
Q11597229	Anashi-Nimasu Hyōzu Shrine
Q11597743	Kamayama Shrine
Q11597744	Kamado Shrine
Q11599927	Kasamatsu Prefecture
Q11602290	Second Shō Dynasty
Q11602724	Tomi Shrine
Q11602727	Toba Shrine
Q11602831	Chikuma Prefecture
Q11602835	Chikuma Shrine (Maibara)
Q11602876	Tsukubasan Shrine
Q11602932	Chikushi Shrine
Q11603300	Yakyū Inari Shrine
Q11603763	Shinokura Shrine
Q11603933	Komori Katte Shrine
Q11604472	Iibo Nimasu Amaterasu Shrine
Q11604560	Awai Shrine
Q11604651	Awaga Shrine
Q11604966	Kii district
Q11605050	Kishū Kaidō
Q11605710	Shibi Shrine
Q11605711	Shibi Shrine
Q11605965	Hosokawa Shrine
Q11606619	Yūki Shrine
Q11606829	Statistics Japan
Q11607305	Ayatokunaka Shrine
Q11608132	Agatanushi Shrine (Minokamo)
Q11608231	Orihata Shrine
Q11608777	Migukurumitama Shrine
Q11608847	Miwa Shrine (Higashisue, Setouchi)
Q11608848	Miwa Shrine
Q11608850	Miwa Shrine, Fuefuki
Q11608851	Miwa Shrine
Q11609908	Gunma Gokoku Shrine
Q11610064	Hakui Shrine
Q11610638	Oio Shrine
Q11610732	Miminashi Yamaguchi Shrine
Q11611103	Hijiri Shrine
Q11612065	Noki Shrine
Q11612128	Wakiko-hachimangū
Q11612891	Sakatoke Shrine
Q11613316	Yodo Shrine
Q11613317	Yodohime Shrine
Q11613492	Furufu Shrine
Q11613979	Funai Shrine
Q11615718	Hananagashimo Shrine
Q11616108	Kusano Shrine
Q11616123	Namura Shrine
Q11616187	Nyakuichi Ōji Shrine
Q11616546	Waguri Shrine
Q11616586	Wakae Shrine
Q11616983	Aga Shrine
Q11617261	Akanabe Shrine
Q11617516	Ibaraki Gokoku Shrine
Q11617924	Ibaraki Shrine
Q11618229	Kusanagi Shrine
Q11618386	Arai Shrine (Nantan)
Q11618425	Araki Shrine
Q11619171	Sugawara Tenmangū
Q11619342	Sugō Isobe Shrine
Q11619344	Sugo Shrine
Q11620885	Katsuragi Hitokotonushi Shrine
Q11620952	Katsuragi Futakami Shrine
Q11620954	Katsuraki ni Imasu Honoikaduchi Shrine
Q11620955	Katsuragi Mitoshi Shrine
Q11621139	Ashiinaba Shrine
Q11623214	Fujiwara no Yamakage
Q11623368	Fujiwara no Nagate
Q11623940	Fujishima Shrine
Q11625202	Sogahime Shrine
Q11625386	Mushika Shrine
Q11625493	Kogaikuni Shrine
Q11626127	Gyōkyō
Q11631218	Kohata Shrine
Q11631426	Konda Hachimangū
Q11631781	Tsuki Shrine
Q11631810	Uketa Shrine
Q11632102	Morosugi Shrine
Q11632526	Goō Shrine
Q11632552	Sanuki Shrine
Q11632782	Yachi Hachimangū
Q11633343	Toyōke Daijingū
Q11634943	Kamo Wake-ikazuchi
Q11634952	Kamo Shrine
Q11635096	Meta Shrine
Q11635898	Akabo Shrine
Q11636084	Hashiriochi Shrine
Q11637069	Ashitaka Shrine
Q11639721	Hayatani Shrine
Q11642725	Namesa Shrine
Q11642755	Nahaka Shrine
Q11643470	Tsukubusuma Shrine
Q11643869	Tsutsukowake Shrine
Q11644289	Sakatsura Isosaki Shrine
Q11644305	Sakatare Shrine
Q11644372	Sakemi Shrine
Q11646130	Nomi Shrine
Q11646210	Noma Shrine
Q11646520	Kongō-ji Temple
Q11647032	Kinbō Shrine
Q11647043	Kanegasaki-gū
Q11647974	Kanasana Shrine
Q11648178	Haritsuna Shrine
Q11649828	Erehiko Shrine
Q11650775	Kuwayama Shrine
Q11653283	Nagahama Hachimangū
Q11653682	Hasedera (Nagano)
Q11654831	Nagano Gokoku Shrine
Q11655187	Aguchi Shrine
Q11656182	Seki Semimaru Shrine
Q11657135	Akuto Shrine
Q11657213	Akiru Shrine
Q11657364	Abushina Shrine
Q11657481	Ahita Shrine
Q11657490	Awawa Shrine
Q11657523	Awayamanoueno Shrine
Q11657591	Ai Shrine
Q11657607	Aki Shrine
Q11657681	Azusami Tenjinsha
Q11657682	Azura Shrine
Q11657692	Aga Shrine
Q11657712	Achihayao Shrine
Q11657713	Ajika Shrine
Q11657965	Abeno Shrine
Q11658015	Amamikoso Shrine
Q11658473	Suearata Shrine
Q11659204	Oyama Shrine
Q11659237	Ogami Shrine (Tonami City)
Q11659243	Yugun Shrine
Q11660718	Ryōzen Shrine
Q11663648	Shizu Shrine
Q11663686	Shizuoka Gokoku Shrine
Q11664501	Susa Shrine
Q11664502	Susa Shrine
Q11664504	Sube Shrine
Q11664606	Suhama Shrine (Daito, Osaka)
Q11664846	Suzu Shrine
Q11665959	Asuka-ni-imasu Shrine
Q11665970	Asukabe Shrine
Q11665977	Asukada Shrine
Q11666643	Ii Shrine
Q11666826	Yagi Shrine
Q11666856	Yabu Shrine
Q11667602	Kawara Shrine
Q11667717	Karasu Shrine
Q11668076	Umajiisobe Shrine
Q11668370	Komagata Shrine
Q11669105	Takamefu Shrine
Q11669186	Takabe Shrine
Q11669904	Takakura Shrine
Q11669906	Takakuramusubimiko Shrine
Q11670742	Takahashi Shrine
Q11671904	Takataki Shrine
Q11671973	Takase Shrine
Q11672161	Takadahasagi Shrine
Q11672588	Takashino Shrine
Q11672660	Takasu Shrine
Q11673295	Takakamo Shrine
Q11674000	Uonuma Shrine
Q11674156	Ayukai-hachimangū
Q11675030	Chōkai Gassan Ryōsho-gu
Q11675600	Kamo Shrine (Sakaide)
Q11675602	Kamo Shrine
Q11675603	Kamonaraita Shrine
Q11675614	Kamotsuba Shrine
Q11675698	Usaka Shrine
Q11676981	Kagoshima Shrine (Tarumizu City)
Q11676983	Kagoshima Shrine
Q11677110	Kashima Amatarashi Wake Shrine
Q11677124	Kashima Miko Shrine
Q11677253	Rokuon Shrine
Q11678192	Kuroshima Shrine
Q11679017	Hanabushi Shrine
Q11753321	Wikimedia navigational template
Q11801374	sign
Q11920728	left
Q11946202	butterfly
Q12021746	interrogative
Q12056846	national seal
Q12139612	list
Q12617225	religious literature
Q12734727	continuous pluperfect
Q12738495	present perfect continuous
Q12743436	future continuous
Q12847814	Embassy of Japan, Baku
Q12859294	Pakistani English
Q12893838	order
Q13219454	Library of Congress Authorities
Q13361017	Template:Infobox Shinto shrine
Q13382529	WikiProject Human rights
Q13406463	Wikimedia list article
Q13414913	Simplified Chinese
Q13414953	religious denomination
Q13423964	names of Japan
Q13426199	Republic of China
Q13579879	Kadono district
Q13635410	Project:Accounts
Q13733566	irreversibility
Q14191166	Template:Infobox literary work
Q14352895	Template:JapanEmpireNavbox
Q14360537	Wikipedia:Text of the GNU Free Documentation License, version 1.2
Q14398409	Template:Rikkokushi
Q14399019	Template:Shinto
Q14552828	member of the House of Councillors
Q14946043	Creative Commons Attribution-ShareAlike 3.0 Unported
Q14946528	conflation
Q15138389	Wikimedia article page
Q15140392	founding member
Q15229227	Consulate-General of Japan, Detroit
Q15407973	Wikimedia disambiguation category
Q15530181	Chrysanthemum morifolium
Q15554355	Japan–Laos relations
Q15623926	Wikimedia set index article
Q15633578	MediaWiki.org
Q15633587	MediaWiki main namespace page
Q15647814	Wikimedia administration category
Q15720608	Wikidata qualifier
Q15727301	Japan 2010 Census
Q15732177	Ingles
Q15732187	Englisch
Q15884604	WikiProject Anthroponymy
Q15884900	WikiProject Shinto
Q15942181	Japan–Paraguay relations
Q15944624	Japan–Uruguay relations
Q15948896	Japan–New Zealand relations
Q15949017	Bhutan–Japan relations
Q15949091	Brunei–Japan relations
Q15987490	1922 Encyclopædia Britannica
Q16082057	The New Student's Reference Work
Q16136913	signified and signifier
Q16482760	125 Shrines of Ise
Q16537202	list of literary works
Q16583225	Nuovo soggettario
Q16639816	The Signpost
Q16835196	Empire of Japan–Russian Empire relations
Q16859884	Q16859884
Q16868672	whole
Q16889133	class
Q16958215	iNaturalist
Q16960686	Dictionary.com
Q17191063	Akita Suwa-gū
Q17191186	Asakuma Shrine
Q17191190	Asakura Shrine
Q17191305	Ashihara Shrine
Q17191369	Asō Shrine
Q17191533	Ato Shrine
Q17191844	Amenohohinomikoto Shrine
Q17191921	Arata Shrine
Q17192448	Awamiko Shrine
Q17192747	Iina Shrine
Q17193235	Ichitani Munakata Shrine
Q17194134	Usunono Shrine
Q17208829	1991 Japanese Recession
Q17209196	Naru Shrine
Q17209205	Saminaga Shrine
Q17209206	Kawara Shrine
Q17209232	Kawarabuchi Shrine
Q17209329	Twenty-five Sacred Sites of Sugawara no Michizane
Q17211507	Tatenui Shrine (Miho, Ibaraki)
Q17211721	Mike Shrine
Q17212120	Tanoe and Tanoe-Mimae Shrines
Q17212285	Shitomi Shrine
Q17212913	Shima Shrine
Q17214144	Kugutsuhime Shrine
Q17214615	Mifune Shrine
Q17214737	Kunitsumioya Shrine
Q17215982	Tsunaga Shrine
Q17216581	Wakarai Shrine
Q17216962	Shigariwake Shrine
Q17216999	Utari Shrine
Q17217272	Munakata Shrine (Kita-ku, Okayama)
Q17217329	Utsumochi Shrine
Q17217367	Unakorowake Shrine
Q17218056	Hokura Shrine
Q17218111	Mountain Day
Q17218394	Ino Tenshō Kōtai Jingū
Q17218865	Sugihara Shrine
Q17218974	Awa-no-Mikoto Shrine
Q17218980	Kushi iwamado Shrine
Q17219569	Mononobe Shrine
Q17220808	Keta Shrine
Q17220848	Karai Shrine
Q17220856	Shidori Shrine (Isesaki)
Q17221549	Okuni Shrine
Q17221560	Yashirogi Shrine
Q17222452	Oda Shrine (Ibaraki)
Q17222702	Otsuchi Mioya Shrine
Q17223392	Ōmizu Shrine
Q17223476	Kazama Shrine
Q17223513	Yamazue Shrine
Q17223553	Kashimamiko Shrine
Q17224057	Hikino Shrine
Q17224770	Sakatekunari Shrine
Q17225577	Himi Shrine
Q17225745	Kano Shrine
Q17225818	Yuta Shrine
Q17225876	Sasutahiko Shrine
Q17225914	Takaoshihime Shrine
Q17225921	Ono Shrine
Q17225978	Obata Shrine
Q17225991	Satakunari Shrine
Q17226082	Hiyoshi Sannō-sai
Q17226111	Ohari Shrine
Q17226307	Takatsumi Shrine
Q17226760	Kamoshimo Shrine
Q17226771	Kamo Shrine (Tamaki)
Q17226795	Sana Shrine
Q17226924	Kai Shrine (Yamatokoriyama)
Q17227113	Nagahatabe Shrine
Q17228003	Ojiharina Mawakahime Shrine
Q17228197	Kawara Shrine
Q17228263	Gifu Kenmin no Uta
Q17228323	Kusanagi Shrine
Q17228379	Kuronuma Shrine
Q17229062	Takihara Shrine
Q17229063	Takimatsurinokami
Q17229120	Tanoe-Ōmizu Shrine
Q17229202	Tsurugitachi Iwato Kowake No Mikoto Shrine
Q17229311	Toga Shrine
Q17229499	Nagusa Shrine
Q17229533	Kuchira Shrine
Q17229562	Niu Shrine
Q17308006	island of Japan
Q17334923	physical location
Q17351725	China–Japan border
Q17351791	Japan–Philippines border
Q17351792	Japan–South Korea border
Q17351793	Japan–Taiwan border
Q17351794	Japan–United States border
Q17442446	Wikimedia internal item
Q17489659	group of works
Q17506823	member of the House of Representatives of Japan
Q17781833	destruction
Q17988632	Iinotakamiya-kouyama Shrine
Q18020976	East Timor–Japan relations
Q18054963	The 25 Shrines of Rakuyo Tenmangu
Q18130932	Traditional Chinese
Q18199165	Creative Commons Attribution-ShareAlike 4.0 International
Q18336371	BBC Things
Q18336610	E Shrine
Q18337174	Sonai Shrine
Q18377941	Japan–Mexico relations
Q18457625	Mount Yoshida
Q18700952	Onmae Street
Q18728808	Category:Shikinaisha in Mimasaka Province
Q18728857	Category:Shikinaisha in Mino Province
Q18737499	Category:Shikinaisha in Hizen Province
Q18737502	Category:Shikinaisha in Higo Province
Q18737552	Category:Shikinaisha in Noto Province
Q18737997	Category:Shikinaisha in Wakasa Province
Q18738392	Category:Shikinaisha in Satsuma Province
Q18739268	Category:Shikinaisha in Sanuki Province
Q18739312	Category:Shikinaisha in Buzen Province
Q18739370	Category:Shikinaisha in Bungo Province
Q18739554	Category:Kifune-jinja
Q18739678	Category:Shikinaisha in Etchū Province
Q18739682	Category:Shikinaisha in Echizen Province
Q18739707	Category:Shikinaisha in Echigo Province
Q18739987	Category:Shikinaisha in Ōmi Province
Q18740386	Category:Shikinaisha in Tōtōmi Province
Q18741757	Category:Shikinaisha in Nagato Province
Q18742068	Category:Shikinaisha in Awa Province (Tokushima)
Q18742150	Category:Shikinaisha in Mutsu Province
Q18742175	Category:Shikinaisha in Oki Province
Q18742911	Category:Shikinaisha in Hida Province
Q18743296	Category:Shikinaisha in Suruga Province
Q18920730	Japan–Sweden relations
Q18989938	Asamine Shrine
Q18991294	Ono Shrine (Nankoku)
Q18991452	Kasoyama Shrine
Q18991490	Katsurakio Shrine
Q19047539	Collier's New Encyclopedia, 1921
Q19077875	The American Cyclopædia
Q19180675	Small Brockhaus and Efron Encyclopedic Dictionary
Q19219752	Meyers Konversations-Lexikon, 4th edition (1885–1890)
Q19376100	Embassy of Japan, Oslo
Q19478619	metaclass
Q19483216	organizational behavior studies
Q19798642	Wikibase value
Q19826574	English Wikivoyage
Q19841356	Housono Shrine
Q19938912	BnF authorities
Q20024816	Japan–Peru relations
Q20042053	foundation of Japan
Q20042898	Akaba Shrine
Q20043474	Omura Shrine
Q20043641	Kashima Amatarashiwake Shrine
Q20044233	Korizu Shrine
Q20078554	Great Soviet Encyclopedia (1926–1947)
Q20162172	human language
Q20472817	future perfect continuous
Q20923490	multiple languages
Q20991545	Q20991545
Q20991546	Q20991546
Q21019665	Osake Shrine
Q21019704	Yamaguni Shrine
Q21027609	source of statements in Wikidata
Q21094424	Atlas of Japan
Q21146257	type
Q21167586	gray–green orthographic projections maps
Q21441764	withdrawn identifier value
Q21480582	Japan–Monaco relations
Q21484471	Wikimedia article covering multiple topics
Q21540096	World Bank Open Data
Q21654507	Futagami-yama Shrine (Tottori Prefecture)
Q21655259	Odai Agata Shrine
Q21655261	Yama Shrine
Q21655262	Tono Shrine
Q21655264	Ikazuchi Shrine
Q21655266	Wakaikaho Shrine
Q21829890	WikiProject East Asia
Q22001659	Q22001659
Q22075476	active user
Q22099166	Q22099166
Q22117831	Ionoi Shrine
Q22117854	Isagawa Shrine
Q22117916	Inasaki Shrine
Q22118078	Ōga Shrine
Q22118306	Katsuragi Mikumari Shrine
Q22119431	hikida Shrine
Q22119448	Tsuge Mikumari Shrine
Q22119690	Toyooka Kami Tenjinsha
Q22119789	Nagara Shrine
Q22119986	Hachita Shrine
Q22120157	Fūhaku Shrine
Q22120305	Homori Shrine
Q22120898	Wakeoe Shrine
Q22733887	Template:Religious books
Q22808320	Wikimedia human name disambiguation page
Q22828397	Q22828397
Q22961440	Volume 322 of History of Ming
Q22981376	Help:Disambiguation
Q23014481	English
Q23038436	Category:Chinese Wikipedia
Q23038502	Q23038502
Q23301814	Archaeology & Language
Q23580217	European English
Q23586020	Japan–Malta relations
Q23663136	past perfect
Q23902480	Japan 2015 Census
Q23958852	variable-order class
Q23959932	fixed-order class
Q23986557	Wikipedia: The Missing Manual
Q24005632	descriptive page and disambiguation page have to be in different items
Q24017465	third-order class
Q24288454	NEMA 1-15
Q24288456	NEMA 5-15
Q24358975	Q24358975
Q24469027	Q24469027
Q24469030	Q24469030
Q24469034	Q24469034
Q24469039	Q24469039
Q24469044	Q24469044
Q24469057	Q24469057
Q24469060	Q24469060
Q24469066	Q24469066
Q24469070	Q24469070
Q24469073	Q24469073
Q24469078	Q24469078
Q24511007	Q24511007
Q24733132	Q24733132
Q24736964	Q24736964
Q24755546	Q24755546
Q24817459	Template:Set category
Q24861732	Category:Sumiyoshi-taisha
Q24862411	Yōgō no Matsu
Q24863642	Ame-no-Toyotarashikara-hime-no-mikoto Shrine
Q24864064	Kushirokahime Shrine
Q24864985	Oiso Shrine
Q24865035	Umamioka Watamuki Shrine
Q24865198	Kasuga utsushi
Q24870457	Yabuta Shrine
Q24870597	Anaishi Shrine
Q24871075	Sasa Shrine
Q24871378	Iwaki Jinja
Q24874608	Kamisumuji Shrine
Q24876134	Shimada Shrine
Q24876393	Mioya Shrine
Q24895931	Gifu prefectural government
Q24898358	Yoshida Shrine
Q24923851	Q24923851
Q25376781	Q25376781
Q25394028	reversibility
Q25648823	110
Q26214163	all days of the week
Q26458772	Japan–Syria relations
Q27909237	Engelsk
Q27909397	Ängelsk
Q28378282	verified account or profile
Q28415786	Three Greats
Q28527677	Open ISNI for Organizations
Q28532411	Japan–Solomon Islands relations
Q28682729	Kisa Shrine
Q28682730	Akunami Shrine
Q28682737	Nahe Shrine
Q28682738	Kataoka Shrine
Q28684010	Hyōsu Shrine
Q28685016	Shitori Shrine
Q28685121	Uneotsutamoto Shrine
Q28688501	Kenuki-gata tachi at Ise Shrine
Q28690058	Kasumekentou Shrine
Q28690200	Atsuwa Shrine
Q28691797	Ibe Iwakura Shrine
Q28693031	Shizuhi Shrine
Q28693184	Wakae Kagami Shrine
Q28719439	Japan–Norway relations
Q28959682	The Chicago Manual of Style (15th edition)
Q28962310	rarely
Q28962312	often
Q29051543	0 International
Q29428439	hexad
Q29509043	official
Q29584283	Shinto (Infobase Publishing)
Q29841191	Ōharano
Q29868931	Embassy of Japan, Beijing
Q29933858	territorial claim
Q29950498	Q29950498
Q30450179	Wiktionary:About English
Q30511862	Template:categorize
Q30834580	Historic Site of Japan
Q30925534	Ikan Shrine
Q30925653	Taimasan Shrine
Q30933141	Fukakusa
Q30935892	Onikirimaru
Q31967286	Name
Q32803935	Category:English-language animated films
Q33002955	knowledge graph
Q34630090	exit
Q34651138	Q34651138
Q34908331	Takami River
Q35487342	Kibune River
Q36509592	wiki with script conversion
Q37866906	information resource
Q38278473	Hahime Shrine
Q38278496	Kagamitsukuri Nimasu Amateru Mitama Shrine
Q38278497	Musanimasu Shrine
Q39893449	exact match
Q40426579	SVG locator maps with red and pink scheme
Q40665586	Titul
Q42104522	Wikimedia category (disambiguation)
Q42722531	Wikimedia REST API
Q43113623	part of UNESCO World Heritage Site
Q43594535	Ōmi Kunitama Shrine
Q43594557	Kunigami Shrine
Q43594590	Ikenimasu Asagiri Kihatahime Shrine
Q43594603	Yamato Onchi Shrine
Q43594607	Kagamitsukurimake Shrine
Q43594611	Hobata Shrine
Q43594637	Inashironimasu Shrine
Q43594646	Takechino Miagata Shrine
Q43594654	Hahō Shrine
Q43594663	Ōnamochi Shrine
Q43594869	Hime Shrine (Nanto City)
Q43594910	Iwakura Shrine
Q43594918	Kataoka Shrine
Q43594929	Katayama Shrine
Q44080056	Q44080056
Q44475767	Consulate-General of Japan in Vladivostok
Q44770661	Embassy of Japan, Madrid
Q45123628	Consulate-General of Japan, Barcelona
Q47005769	national estimation
Q47005776	UIS estimation
Q47008743	SVG locator maps (globe location map scheme)
Q47013110	Embassy of Japan, Brasília
Q47018901	calendar month
Q47068479	Consulate-General of Japan, São Paulo
Q47088290	masculine singular
Q47088292	masculine plural
Q47088293	feminine singular
Q47088295	feminine plural
Q47183836	Draft History of Qing, volume 158
Q47303831	Project:Discord
Q47461344	written work
Q48552277	Commons Institution page
Q48707863	Embassy of Japan, Ankara
Q48754475	Iwato Wake Shrine
Q48755655	Kokuwakura Shrine
Q48757073	Tada Shrine (Tabuto Shrine)
Q48758315	Hanoura Shrine
Q48758325	Okanoue Shrine
Q48758380	Hayasame Shrine
Q48758383	Toyokuni Shrine
Q48758430	Yahoko Shrine
Q48758503	Kotoshironushi Shrine
Q48759389	Mimatsuhiko Shrine
Q48759404	Takeminatomi Shrine
Q48762570	Karakuni Shrine
Q48763696	Oshisaka Yamaguchi Numasu Shrine
Q48763725	Minushi Shrine
Q48842611	Japan–Poland relations
Q48937186	word or phrase
Q49387431	Q49387431
Q50081413	Wikipedia article page
Q50423863	copyrighted
Q50897150	Dicionario da Real Academia Galega (ed.dixital 2012)
Q51103327	Thousand Torii Gates
Q51199690	governor of Gifu Prefecture
Q51929218	first-person singular
Q51929290	first-person plural
Q51929369	second-person singular
Q51929403	second-person plural
Q51929517	third-person plural
Q52269333	literary hexalogy
Q52431955	third-person masculine singular
Q52431970	third-person feminine singular
Q52433289	third-person neuter singular
Q53409818	MediaWiki Action API
Q53540235	four main islands of Japan
Q54153253	Onsen Shrine
Q54153260	Takachiniimasu Shrine
Q54153261	Kamo Shrine
Q54153262	Mizushi Shrine
Q54153263	Tsukiyomi Shrine
Q54153264	Tanakurahiko Shrine
Q54153270	Mitsue Shrine
Q54153271	Kushitamanomikoto Shrine
Q54153272	Amenotakechi Shrine
Q54153274	Oshisaka Nimai Sukune Shrine
Q54153276	Karukomuranimasu Shrine
Q54153279	Kitashita Shrine
Q54506313	GND ID
Q54760023	Media Arts Database
Q54856619	ASC Leiden Thesaurus dataset of 5 June 2018
Q55522429	Idedera-ato
Q55532282	Saguri Shrine
Q55532347	Tonoki Shrine
Q55533377	Hakken-gū
Q55536799	Ikaga Shikoo
Q55540317	Ōmunaji Shrine
Q55540540	Shidori Shrine
Q55541642	Sato Shrine (Hitachiota)
Q55587924	Q55587924
Q55810762	06:00
Q55811413	09:00
Q55811431	07:00
Q55811883	17:00
Q55811949	18:00
Q55812694	20:00
Q56005592	Wikimedia help page
Q56259222	Category:Iwashimizu Hachimangu
Q56273160	Typhoon Jebi
Q56352076	Sawawachigi Shrine
Q56352306	alternative spelling
Q56650537	past continuous
Q56650909	Hong Kong Chinese Authority Name
Q58370623	private account
Q58439442	misreading of source
Q59282584	Nagakura Shrine
Q59282586	Shikinai Tatehara Shrine
Q59282622	Awa Shrine (Oyama)
Q59282636	Hokotsuki Shrine
Q59282644	Takagi Shrine
Q59541917	Wikimedia topic category
Q60005226	WikiProject Ontology
Q60024037	Lingua Libre
Q60988165	Hazu Shrine
Q60988459	Kamo Yamaguchi Shrine
Q60994492	amatsukami
Q60995523	kunitsukami
Q61058050	Omiashi Shrine
Q61941037	e-Stat
Q62024871	UDC: Universal Decimal Classification. Standard edition. Volume 1 - Systematic tables
Q62056170	Arei Shrine
Q62104270	Q62104270
Q62338567	Japan Search
Q63147912	Ubushina Shrine
Q63147962	Sumiyoshi Shrine
Q63147976	Samakumine Shrine
Q63147989	Futamata Shrine
Q63148006	Ogura Shrine
Q63284758	Desktop Encyclopedic Dictionary
Q63285941	Asia/Tokyo
Q63346110	New History of Yuan, Vol.250
Q63411600	Bibliography of the History of the Czech Lands
Q63860166	creator who is not dead
Q63891076	Ogura Shrine
Q63891125	Amayukawata Shrine
Q63981812	Shiki no Miagata Nimasu Shrine
Q64139102	KBpedia
Q64159407	Aligned ISNI and Ringgold identifiers for institutions
Q64549097	category
Q64589704	Tuishi
Q64969614	Futami Okitama Shrine
Q65199218	borders of Japan
Q65257824	Tour of the Seven Lucky Fortunes and Eight Treasures of Yamato
Q65259139	Iwafune Shrine, Konan
Q65277311	Hata no Irogu
Q65277444	Tateyama Shrine
Q65278999	Hazukashi Shrine
Q65281634	Three Hachiman Shrines of Gyōkyō
Q65498694	Yanahime Shrine
Q65733117	Category:French Wikipedia
Q66085126	Hanashiyama Shrine
Q66085127	Kamo-Ōkami-miko-kami-nushi-tama Shrine
Q66088085	Kasuga-Taisha and Kasugayama Primeval Forest
Q66105394	Obusuma Shrine
Q66386517	Small Soviet Encyclopedia
Q66480449	Wikimedia surname disambiguation page
Q66481470	Q66481470
Q66606845	shamusho
Q66661745	group of artificial physical objects
Q66724591	non-English
Q66890725	Tenjin faith
Q67060607	Japan
Q67125514	deprecated identifier value
Q67151552	default
Q67200466	Iko-no-hayamitama Hime-no Shrine
Q67989816	Araho Shrine
Q68537489	Mika Shrine (Misato town, Saitama)
Q69344711	Kawawa Shrine (Misato town, Saitama)
Q69870042	health facility design and construction
Q70203929	Kuwabara Shrine
Q71016606	Golden
Q71533355	most recent value
Q71536244	currently valid value
Q71538638	most frequent value
Q72727981	Nagahatabe Shrine
Q74834637	adjective-noun
Q75488338	Language
Q76630151	WorldCat Identities
Q79370444	Sumiyoshi
Q80096233	Wikimedia information list
Q81661634	Gazetteer
Q83230308	hereditary office
Q83745292	entrance
Q83886404	Karakawa Shrine
Q84087675	Dizionario di Storia
Q84646722	1911 Encyclopædia Britannica/Name
Q84647692	1911 Encyclopædia Britannica/Hierarchy
Q84665032	1911 Encyclopædia Britannica/Japan
Q84690498	1911 Encyclopædia Britannica/English Language
Q84969419	Category:English pronunciation
Q85413430	Q85413430
Q85418882	Q85418882
Q85418884	New Book of Tang, Vol.220
Q85435774	History of Yuan, Vol.208
Q85593661	Hyōzu Shrine
Q85878469	keidai-sessha
Q85878507	Sumisaka Shrine
Q85878781	Oyamada Shrine
Q85879982	Kawaai Shrine
Q85881759	Higanotome Shrine
Q85881839	Q85881839
Q85882705	Iwai Shrine
Q85882964	Inatori Shrine
Q85884332	Aguma Shrine
Q85884553	Akitomi Shrine
Q85940254	unclaimed Trustpilot business
Q86851716	Q86851716
Q87333663	Q87333663
Q87337597	Q87337597
Q87433102	Niwata Shrine
Q87853305	Ii Shrine
Q88535800	Uchi Shrine
Q88743768	Category:Rikkokushi
Q89345680	YSO-Wikidata mapping project
Q89410507	name without diacritical marks
Q90177495	does not always apply
Q90405608	FactGrid
Q92056121	migration of website from HTTP to HTTPS
Q92443788	Heda Shrine
Q92451762	Tsurugi Shrine (Hofu)
Q92656496	Hata no Tori
Q92754822	Template:Shinto2
Q95449814	CC 6
Q95932360	Futaarayama Shrine
Q96036107	tourism slogan
Q96401497	religious precinct
Q96584302	alternative
Q96594976	Q96594976
Q96599316	Q96599316
Q97153912	data.go.jp
Q97206855	Ozu Shrine
Q97220447	Heguri Shrine
Q97276772	Yamadai Shrine
Q97361976	fictional kami
Q99018632	group of geographic locations
Q99196082	court rank in Japan
Q99221192	Catholic Encyclopedia (1913)/Japan
Q99469810	type of fixed-size set or group
Q100464312	Naka Shrine (Matsuzaki)
Q100551246	Taku Shrine
Q100863548	economy of Gifu prefecture
Q101069514	embassy of Japan, Budapest
Q101314624	Lean Logic
Q101608434	dark-on-light color scheme
Q104061132	Kamitani-tachi-no-Miya
Q104086571	first-order class
Q104236688	Category:Views of Japan from above
Q104660635	Kannabi Shrine (Fuchu city, Hiroshima)
Q105264748	2020 Democracy Index
Q105265074	canonical tag
Q105631494	bad Mix'n'match match
Q105691438	Minamo
Q105769095	conventional date
Q105770631	English Wikipedia article
Q105771507	inferred from language in work
Q105849251	Sarashina Shrine
Q106388142	Araya Yama Shrine
Q106509962	National Library of Israel Names and Subjects Authority File
Q106727050	Metropolitan Museum of Art Tagging Vocabulary
Q106852481	Sakaki Shrine
Q106852498	Shikinagayoshi Shrine
Q106852596	Okada Shrine
Q106852645	Nagakura Shrine
Q107016745	Japanese Database of National Cultural Properties
Q107020405	Main Shrine, Nishi-hongū, Hiyoshi Taisha
Q107020407	Main Shrine, Higashi-hongū, Hiyoshi Taisha
Q107020415	Sumiyoshi-taisha Daiyon-honden
Q107020416	Sumiyoshi-taisha Daiichi-honden
Q107020417	Sumiyoshi-taisha Daini-honden
Q107020418	Sumiyoshi-taisha Daisan-honden
Q107020439	Haiden, Izumo Takeo Shrine, Isonokami Shrine
Q107020440	Haiden, Isonokami Shrine
Q107020449	Q107020449
Q107020450	Q107020450
Q107020468	Q107020468
Q107020469	Q107020469
Q107020553	Q107020553
Q107020554	Q107020554
Q107020555	Q107020555
Q107020556	Q107020556
Q107020557	Q107020557
Q107020558	Q107020558
Q107020559	Q107020559
Q107020560	Q107020560
Q107020561	Q107020561
Q107020562	Q107020562
Q107020571	Main Shrine, Kitano-tenmangu
Q107020629	Yasaka Shrine Honden
Q107026784	Kotenseki
Q107046845	Jōkyū-bon
Q107240613	Jingushicho
Q107297935	Himesaka Kanachiana Shrine
Q107306769	Amino Shrine
Q107316855	additional tag
Q107356532	obsolete
Q107507571	OpenAlex
Q107523790	The Chicago Manual of Style (17th edition)
Q107569025	MediaWiki REST API
Q107664337	Takano Shrine (Kyotango)
Q107765431	Template:2257
Q108004008	1922 Encyclopædia Britannica/Japan
Q108109790	Govdirectory
Q108172170	no diacritics in source
Q108704490	polytheistic religion
Q109110299	Q109110299
Q109288410	Yoshihide Esaki
Q109527829	Gendai Kanazugai
Q109527857	kokuji
Q109569797	Category:English Wikipedia
Q109665899	Uhashi Shrine
Q110169000	type of literary work
Q110484020	writing
Q110646418	wrong property
Q110879013	2021 Democracy Index
Q110915761	Inane Shrine
Q111076400	Nasu Yuzen Shrine
Q111269921	Hinatano Shrine
Q111333730	Ootomo Shrine
Q111374476	Ikama Shrine
Q111386419	Q111386419
Q111475732	Japan 2020 Census
Q111495856	Uwato Shrine
Q111541459	Category:Kitano Tenman-gū
Q111674494	Shidori Shrine (Nirasaki)
Q111678803	state-affiliated X account
Q111911970	Belizean English
Q111972893	type of structure
Q112258758	GF WordNet
Q112619903	non-standard format
Q112669601	English Wikipedia community
Q112779246	Q112779246
Q112953068	Maruko Shrine Sengen Shrine
Q114352780	Q114352780
Q114352821	Q114352821
Q114567052	Shinto studies
Q114785038	official member page
Q114796497	Q114796497
Q115123216	Open Culture / GLAM Glossary
Q115519772	Taga Shrine (Atami)
Q115539084	Historika Wiki
Q115740129	Ikomayamaguchi Shrine
Q115748481	Kudo Shrine
Q115920372	CiNii Research
Q116474095	type of work of art
Q116658403	religious book
Q116694076	Morokuchi Shrine
Q116763049	Submission
Q116908814	Q116908814
Q117091796	Ugusu Shrine
Q117097275	Taniya Shrine
Q117138364	Araki Shrine (Izunokuni)
Q117351898	ordinary local public entity
Q117848511	Akaruhimenomikoto Shrine
Q117955056	NDL Search
Q118105171	Toshi Shrine
Q118134102	not all instances of the item are instances of the value class
Q118179251	Q118179251
Q118521146	Project:Disambiguation
Q118555179	MediaWiki non-main namespace page
Q118559258	MediaWiki category namespace
Q118645058	inferred by common MeSH mappings on source and on Wikidata
Q118645236	UMLS 2023
Q119929432	Takebuyama Shrine
Q119929573	Hikokorozashi Shrine (Hokuto)
Q119929616	Hamana Sōsha-shinmeigū
Q119929619	Karuno Shrine
Q119929626	Toi Shrine
Q119929629	Hamamatsu Hachimangu
Q119929663	Hegurinoiwatoko Shrine
Q119929664	Unkanjiniimasunaramoto Shrine
Q119929665	Funayama Shrine
Q119929666	Igami Shrine
Q119929667	Mikushi Shrine
Q120077179	ema hall
Q120324086	Araki Shrine (Uchi district)
Q120367107	1911 Encyclopædia Britannica/Titles of Honour
Q120768597	comedic pronunciation
Q123110205	Category:Kasuga-taisha
Q123115222	Ichihara Shrine
Q123118271	Tenjintakuzudama Shrine
Q123144581	Kasugataisha Museum
Q123179471	Sawa Shrine
Q123407493	MediaWiki instance
Q123560817	Armenian Soviet Encyclopedia, vol. 1
Q123562959	redirected to GRE portal
Q123694075	NADD Wikidata project
Q123911807	The American Cyclopædia (1879)/Japan
Q124007594	1911 Encyclopædia Britannica/Title
Q124012281	The New Student's Reference Work/Japan
Q124355710	Category:Fushimi Inari-taisha
Q124357345	Category:Hiyoshi Taisha
Q124453846	Digital Scriptorium Catalog
Q124466120	Category:Matsunoo Taisha
Q124496786	Iwafune Shrine
Q124496790	Mishima Shrine
Q124737633	Armenian Soviet Encyclopedia, vol. 6
Q125316983	Kasuga shrine (worship)
Q125324170	Yasaka shrine
Q125339990	Sannō shrine
Q125340012	Hiyoshi shrine
Q125471262	nationwide forecast area
Q126004612	noh stage
Q126285710	Koutari Shrine
Q126709405	Kunitsuhiko-no-Mikoto Shrine
Q127385116	conflation of cause or process and effect
Q127588655	Kitano Tenmangū Hōmotsuden
Q127783765	Amasashihikonomikoto Shrine
Q128243238	Category:Hirota Shrine
Q128866991	Isekuruma Shrine
Q130467017	aratama
Q130689009	Tomari Shrine
Q130751856	Wikipedia article
Q130958401	Shintō Encyclopedia
Q131227053	Ono Shrine
Q131308401	Countries (K-samsök/GeoNames)
Q131385616	Felo
Q131456780	Tomi Shrine
Q131924351	Mishimada Shrine
Q131925942	Hihayo Tenjin Shrine
Q131932258	Kumaku Shrine
Q133449656	type of work
Q133871968	Heguri Shrine
Q133940165	Hinamajihimemikoto Shrine
Q134887071	Nireyama Shrine
Q134888232	Sugata Shrine
Q134888243	Kushitama-hime-no-Mikoto Shrine
Q134888252	Mishima Shrine
Q134888891	Kushitamahime-no-Mikoto Shrine
Q134888898	Kai Shrine (Kinokawa)
Q134893088	Takanawa Shrine
Q134893097	Sugatahime Shrine
Q134893134	Inakami Shrine
Q134893135	Hayatamawakenomikoto Shrine
Q134893136	Ishifu Shrine
Q134893137	Kunihashiramikoto Shrine
Q134893138	Tago Shrine
Q134923781	Niiharu Shrine
Q134926154	Ubaihoumei Shrine
Q134926216	Mishima Shrine
Q134926458	Hatsuhime Shrine
Q134926697	Miwa Shrine (Fujieda)
Q134926700	Azusawakenomikoto Shrine
Q134926805	Tachi Shrine
Q134926816	Ita Shrine
Q134926830	Ikamashi Shrine
Q134926847	Nagahama Shrine
Q134926921	Nagoya Shrine
Q134926963	Himemiya Shrine
Q134926975	Ikeda Shrine
Q134927674	Hachiman Shrine (Otoi)
Q134927823	Nyūkawa Shrine
Q134928492	Takahashi Shrine
Q134928573	Minowa Shrine
Q134928574	Kuwato Shrine
Q134928597	Ogawaizumisui Shrine
Q134928802	Awabitamashiratama-hime-no-Mikoto Shrine
Q134928901	Komagata-Ōshige Shrine
Q134930277	Ninomiya Shrine
Q134930376	Hajikama Shrine
Q134930396	Tamatsukuri Shrine
Q134930702	Kunitama Shrine
Q134930718	Ogushi Shrine
Q134930730	Sengen Shrine (Shimoda)
Q134930739	Shizuma Shrine
Q134930744	Mishima Shrine (Shimoda)
Q134953958	Q134953958
Q134954039	Q134954039
Q134972145	Wikimedia article covering two opposite properties or topics
Q134986912	Kifune shrine
Q134986940	Miwa shrines
Q134987079	shrine dedicated to Empress Jingū
Q135009906	massha
Q135018062	Engishiki seat
Q135019513	Ama-no-Iwato-wake no Kami Shrine
Q135019813	Ikushima no Mikannaki-no-matsuru-kami Shrine
Q135020545	Sono Shrine
Q135020550	Kara Shrine
Q135021836	Miketsuno Shrine
Q135021838	Honoikatsuchino Shrine
Q135021839	Takabeno Shrine
Q135021840	Ohomiyahiheno Shrine
Q135021842	Sakatonono Shrine
Q135021843	Narukamino Shrine
Q135021845	Futonotonomikotono Shrine
Q135021846	Kushimachinomikotono Shrine
Q135021848	Hayabusa Shrine
Q135022834	Engishiki subshrine
Q135022904	Shikinai Ronsha
Q135022918	Shikinai Successor
Q135024354	Otokuni-nimasuo Hoikatsuchino Shrine
Q135027310	Niwabi no kami Shrine
Q135027312	Ama no iwa to wake no kami Shrine
Q135037878	Kokugakuin University Shrine database (old)
Q135038739	Ishitsukurino Shrine
Q135038740	Hashiritano Shrine
Q135038741	Mitanino Shrine
Q135038745	Ohotoshino Shrine
Q135038747	Matano Shrine
Q135038751	Ihaino Shrine
Q135038752	Kamukahano Shrine
Q135038753	Kogano Shrine
Q135038755	Suharano Shrine
Q135038756	Irino Shrine
Q135038757	Wochikahano Ochikaha Shrine
Q135038767	Fukakahano Shrine
Q135038768	Ochikaha-no-Mikami-no Shrine
Q135038769	Amatsu-ihatowakewaka-himeno Shrine
Q135038770	Tomouchino Shrine
Q135038772	Izumo-no-winoheno Shrine
Q135038773	Izumotakanono Shrine
Q135038774	Kamoyamaguchino Shrine
Q135038775	Kamonohanino Shrine
Q135038776	Wono Shrine
Q135038778	Matono Shrine
Q135038780	Suhano Shrine
Q135038781	Itatano Shrine
Q135038782	Kamonokahāhini Shrine
Q135038783	Kamowokamotono Shrine
Q135038784	Mitsuno Shrine
Q135038785	Ohoshihano Shrine
Q135038786	Shinmei-sha
Q135038787	Katayamanomikono Shrine
Q135038788	Ohokurano Shrine
Q135038790	Asukatano Shrine
Q135038791	Mahatakino Shrine
Q135038792	Uchino Shrine
Q135038794	Amanohohinomikotono Shrine
Q135038795	Uchikuwochikatano Shrine
Q135038797	Ihatano Shrine
Q135038798	Aramino Shrine
Q135038799	Isetano Shrine
Q135038800	Murokino Shrine
Q135038801	Suchino Shrine
Q135038802	Kuhiwokano Shrine
Q135038803	Takano Shrine
Q135038804	Ahano Shrine
Q135038805	Sagano Shrine
Q135038806	Sakayano Shrine
Q135038807	Kannahino Shrine
Q135038808	Tenjin-sha
Q135038809	Chigi Shrine
Q135038810	Wakinoni- Shrine
Q135038811	Kamuharano- Shrine
Q135038812	Sakarakano Shrine
Q135038813	Wokatanokuno Shrine
Q135038814	Sawokano Shrine
Q135038815	Unatarinimasutakamihino Shrine
Q135038816	Waninimasu Akasakahiko Shrine
Q135038817	Anafukino Shrine
Q135038818	Wanishimono Shrine
Q135038836	Naratsuhiko Shrine
Q135038837	Kamuhatano Shrine
Q135038838	Taka- Shrine
Q135038839	Mori Shrine
Q135038840	Ihefuseno Shrine
Q135038841	Yakifu- Shrine
Q135038842	Misakiharanoiwatachinomikoto Shrine
Q135038843	Amenoihasuhino Shrine
Q135038844	Ihotachino Shrine
Q135038845	Tsufunomiakata- Shrine
Q135038846	Sakino Shrine
Q135038847	Tatsutahiko & Tatsutahimeno Shrine
Q135038931	Kanwokano Shrine
Q135038947	Honoikatsuchino Shrine
Q135038948	Uheno Shrine
Q135038949	Tatano Shrine
Q135038950	Kosenoyamakuchino Shrine
Q135038951	Ooanamochino Shrine
Q135038952	Ohokura- Shrine
Q135038953	Katsuragi-shitori-niimasuameno-hatsuchino-mikoto Shrine
Q135038954	Kanamurano Shrine
Q135038955	Katsuragimiagatano Shrine
Q135038956	Fukamisono Shrine
Q135038957	Shitsumino Shrine
Q135038958	Taimayamaguchi Shrine
Q135038959	Taimayamakuchino Shrine
Q135038960	Ohosakanoyamakuchi Shrine
Q135038961	Ishino Shrine
Q135038962	Atahimeno Shrine
Q135038964	Futamino Shrine
Q135038965	Miyasakinonarukamino Shrine
Q135038966	Honoikatsuchino Shrine
Q135038967	Takamakishino Shrine
Q135038968	Wochisomano Shrine
Q135038969	Takamanoyamasatawono Shrine
Q135038970	Hitowoseno Shrine
Q135038971	Yoshinonoyamakuchino Shrine
Q135038972	Niukawakami Shrine
Q135038973	Takahokono Shrine
Q135038974	Kahakamikashihono Shrine
Q135038975	Ihatano Shrine
Q135038977	Utamikomarino Shrine
Q135038978	Katono- Shrine
Q135038979	Nifuno Shrine
Q135038980	Mukumotono Shrine
Q135038981	Takatsunono Shrine
Q135038982	Umasakahimeno Shrine
Q135038983	Miino Shrine
Q135038984	Okada-no-ohatame Shrine
Q135038985	Miwanomikomimusuhime- Shrine
Q135038986	Sakuramino Shrine
Q135038987	Tsurukinushino Shrine
Q135038988	Murofunoriuketsuno Shrine
Q135038989	Tsukanakino Shrine
Q135038990	Makimuku- Shrine
Q135038991	Wosata- Shrine
Q135038992	Hase-Yamaguchi-Niimasu Shrine
Q135038993	Ekurino Shrine
Q135038994	Minakuchino Shrine
Q135038995	Kuhauchino Shrine
Q135038996	Hikitano Shrine
Q135038997	Utayorino- Shrine
Q135038998	Inashirono Shrine
Q135038999	Wakasakurano Shrine
Q135039000	Nabekurano Shrine
Q135039001	Takayaaheno Shrine
Q135039002	Chishirono Shrine
Q135039003	Himekuhano Shrine
Q135039005	Futsuno Shrine
Q135039006	Itowino Shrine
Q135039007	Kakamitsukuriitano Shrine
Q135039008	Kosenoyama-ihakura- Shrine
Q135039009	Sakinosuno Shrine
Q135039010	Harutano Shrine
Q135039011	Kayanarumino Shrine
Q135039012	Asuka Kawakami-ni-Imasu Usutakihime-no-Mikoto Shrine
Q135039013	Higashiohotanihimenomikoto Shrine
Q135039015	Kuretsuhikono Shrine
Q135039016	Kahamatano Shrine
Q135039017	Ketsuwakino Shrine
Q135039018	Ohotoshino Shrine
Q135039019	Hatano Shrine
Q135039020	Mitoshino Shrine
Q135039021	Torisakano Shrine
Q135039022	Takinomotono Shrine
Q135039023	Kosetsuhiko-no-Mikoto Shrine
Q135039024	Amatsuihatowakeno Shrine
Q135039025	Hatamikawino Shrine
Q135039026	Ifukiikatsuchi- Shrine
Q135039027	Meharano- Shrine
Q135039028	Ihareyamakuchino Shrine
Q135039029	Unehino- Shrine
Q135039030	Taketano Shrine
Q135039031	Sakatono Shrine
Q135039032	Koheno Shrine
Q135039033	Amanokakoyamano- Shrine
Q135039034	Shitawi Shrine
Q135039035	Yamahenomiakatano- Shrine
Q135039036	Shiratsutsumino Shrine
Q135039037	Yafukino Shrine
Q135039038	Tsukenoyamakuchino Shrine
Q135039044	Hafuritano Shrine
Q135039045	Ihakamiichino Shrine
Q135039046	Shimobeno Shrine
Q135039047	Itsumotakewono Shrine
Q135039099	Komamakurataka Misanusubi Shrine
Q135039105	Karai Shrine (Yamato Province)
Q135039106	Hokkederaza Shrine
Q135039108	Tokarino Shrine
Q135039109	Takayano Shrine
Q135039111	Morimotono Shrine
Q135039112	Hakutahikono Shrine
Q135039113	Hakutahimeno Shrine
Q135039114	Kanayamahikono Shrine
Q135039115	Kanayamahimeno Shrine
Q135039116	Ohokomano Shrine
Q135039117	Wakayamatohimeno- Shrine
Q135039118	Wakayamatohimeno- Shrine
Q135039119	Tsufukumino Shrine
Q135039120	Tsuharano Shrine
Q135039121	Kashinashino Shrine
Q135039122	Ohotsuno Shrine
Q135039123	Kuriharano Shrine
Q135039124	Mitsukuweno Shrine
Q135039125	Takamiyano Shrine
Q135039126	Takamiyaohomorino Shrine
Q135039127	Kunakano Shrine
Q135039129	Tsushimabeno Shrine
Q135039130	Hosoyano Shrine
Q135039131	Sakahino Shrine
Q135039132	Ihatano Shrine
Q135039133	Kahamatano Shrine
Q135039134	Yukeno Shrine
Q135039135	Tsuruyumishimano Shrine
Q135039136	Okiheno Shrine
Q135039138	Uhano Shrine
Q135039139	Katsurano Shrine
Q135039140	Nakamurano Shrine
Q135039141	Kamotakatano Shrine
Q135039142	Hamukosono Shrine
Q135039143	Michiheno Shrine
Q135039144	Komano Shrine
Q135039145	Tsurumino Shrine
Q135039146	Shikiakatanushino Shrine
Q135039147	Nakanono Shrine
Q135039148	Shikino Shrine
Q135039149	Kurotano Shrine
Q135039150	Makimotono Shrine
Q135039152	Tachibino Shrine
Q135039153	Ichiimotono Shrine
Q135039154	Tawino Shrine
Q135039155	Mikafutsunomikoto Shrine
Q135039156	Hikosajifutsunomikoto Shrine
Q135039157	Yamanowino Shrine
Q135039158	Ohotorino Shrine
Q135039159	Woshihakeno Shrine
Q135039160	Ikukunino Shrine
Q135039161	Kaden Shrine
Q135039162	Ihatsutano- Shrine
Q135039163	Kunino Shrine
Q135039165	Kamo Shrine
Q135039167	Ohotorimihahino Shrine
Q135039168	Ohotoriwiseno Shrine
Q135039169	Ohamano Shrine
Q135039170	Sakanouheno Shrine
Q135039171	Ohotoshino Shrine
Q135039172	Hakatano Shrine
Q135039173	Ahano Shrine
Q135039174	Soneno Shrine
Q135039175	Arihono Shrine
Q135039177	Hokurano Shrine
Q135039180	Itsumino Shrine
Q135039181	Kusumotono Shrine
Q135039182	Ahachino Shrine
Q135039185	Hatano Shrine
Q135039186	Marokasa Shrine
Q135039188	Wokamino Shrine
Q135039190	Kamusakino Shrine
Q135039191	Hihashiri Shrine
Q135039192	Kakitano Shrine
Q135039193	Hatano Shrine
Q135039194	Kutamano Shrine
Q135039195	Okamino Shrine
Q135039196	Himekamino Shrine
Q135039197	Kusatsuohotoshino Shrine
Q135039198	Nakatomisumuchino Shrine
Q135039200	Sumuchisoneno Shrine
Q135039202	Himekosono Shrine
Q135039208	Nihiyano- Shrine
Q135039210	Sukukuno Shrine
Q135039214	Hashiriochino Shrine
Q135039216	Mishimakamono Shrine
Q135039217	Isanakino Shrine
Q135039219	Iketano Shrine
Q135039221	Iwashitsuno Shrine
Q135039222	Wokatano Shrine
Q135039223	Ohokuninushino Shrine
Q135039225	Kineno Shrine
Q135039227	Kusasa Shrine
Q135039228	Nomano Shrine
Q135039229	Utsukano Shrine
Q135039231	Hatakino Shrine
Q135039234	Suchiarakino Shrine
Q135039235	Makiyamano Shrine
Q135039237	Womiyano Shrine
Q135039241	Tosakano Shrine
Q135039244	Ahano Shrine
Q135039245	Ashino Shrine
Q135039247	Kineno Shrine
Q135039249	Tamorino Shrine
Q135039250	Hichino Shrine
Q135039251	Hihikino Shrine
Q135039252	Hishikino Shrine
Q135039254	Ida Shrine
Q135039255	Witano Shrine
Q135039256	Womi- Shrine
Q135039257	Takaseno Shrine
Q135039258	Sakatono Shrine
Q135039259	Nawino Shrine
Q135039260	Unanenofushimino Shrine
Q135039261	Isanakino Shrine
Q135039262	Tsukiyomino Shrine
Q135039263	Iso Shrine
Q135039264	Naraharano Shrine
Q135039265	Ohokunitamahimeno Shrine
Q135039266	Kaharano- Shrine
Q135039267	Kamusakino Shrine
Q135039268	Wemurano Shrine
Q135039269	Kiyonowihano Shrine
Q135039270	Raiden Shrine
Q135039271	Kansha Shrine
Q135039272	Kasuyano Shrine
Q135039274	Take Shrine
Q135039275	Nakano Shrine
Q135039276	Womino Shrine
Q135039277	Afukamuyamano Shrine
Q135039278	Nanamino Shrine
Q135039279	Iwoumino Shrine
Q135039280	Hayashino Shrine
Q135039281	Afukano- Shrine
Q135039282	Moruyamano Shrine
Q135039283	Unisakurano Shrine
Q135039284	Unino Shrine
Q135039285	Amatamitsu- Shrine
Q135039287	Afukakotano- Shrine
Q135039288	Kishino Shrine
Q135039289	Urufutsuno Shrine
Q135039290	Amanokagoyamano Shrine
Q135039291	Anashino Shrine
Q135039292	Nakaretano Shrine
Q135039294	Hatada Shrine
Q135039295	Ihatano Shrine
Q135039296	Hichino Shrine
Q135039297	Sakikurusuno Shrine co-EnShrinement
Q135039298	Takeohoyotono Shrine
Q135039299	Takesasafueno Shrine
Q135039300	Oikurano Shrine
Q135039301	Isawano Shrine
Q135039302	Mureno Shrine
Q135039303	Unino Shrine
Q135039304	Kunarino Shrine
Q135039305	Ohokunitamano Shrine
Q135039306	Ohowakeno Shrine
Q135039307	Hitsukurano Shrine
Q135039308	Isonokamino Shrine
Q135039309	Ironouheno Shrine
Q135039310	Ohokushino Shrine
Q135039311	Ohitano Shrine
Q135039312	Ihasakino Shrine
Q135039313	Kamukakino Shrine
Q135039314	Tachinono Shrine
Q135039315	Ohomuwano Shrine Co-Enshrinement
Q135039316	Mononoheno Shrine Co-Enshrinement
Q135039317	Kasechino Shrine
Q135039319	Nifunonakano Shrine
Q135039320	Horisakano Shrine Co-Enshrinement
Q135039321	Kunitsuno Shrine
Q135039322	Hatano Shrine
Q135039323	Mononoheno Shrine
Q135039324	Inahano Shrine
Q135039325	Sukano Shrine
Q135039326	Asakano Shrine
Q135039327	Hateno Shrine
Q135039328	Wokahano Shrine
Q135039329	Iyamano Shrine
Q135039330	Kahaahino Shrine
Q135039332	Toshitano Shrine
Q135039333	Okisomeno Shrine
Q135039334	Ohoichino Shrine
Q135039335	Shifumino Shrine
Q135039337	Wonino Shrine
Q135039338	Minoyano Shrine
Q135039339	Ayutano Shrine
Q135039340	Wokahachino Shrine
Q135039341	Hisatsuchino Shrine
Q135039342	Karahino Shrine
Q135039343	Funayamano Shrine
Q135039344	Inō Jinja
Q135039345	Kawarano Shrine
Q135039346	Tawino Shrine
Q135039347	Ohonokosono Shrine
Q135039348	Kotoimino Shrine
Q135039349	Sakawino Shrine
Q135039351	Wosakino Shrine
Q135039352	Hisatsuchino Shrine
Q135039353	Ihatsumino Shrine
Q135039354	Minefurino Shrine
Q135039355	Hatorino Shrine
Q135039356	Yokomichino- Shrine
Q135039357	Kurumano Shrine
Q135039358	Kahamatano Shrine
Q135039361	Makiwono Shrine
Q135039362	Shihakakino Shrine
Q135039363	Amenohitokuhatano Shrine
Q135039364	Wokishino- Shrine
Q135039365	Ohowino Shrine
Q135039366	Miyakeno Shrine
Q135039367	Eno Shrine
Q135039368	Fukeno Shrine
Q135039370	Nakaseno Shrine
Q135039371	Oshiyamano Shrine
Q135039372	Mimukono Shrine
Q135039374	Takaichino Shrine
Q135039375	Mitsukakino Shrine
Q135039376	Kishino Shrine
Q135039377	Onitano Shrine
Q135039378	Kahano Shrine
Q135039379	Yagino Shrine
Q135039380	Okabuto Shrine
Q135039381	Wokahano Shrine
Q135039382	Ihinono Shrine
Q135039383	Kukushimino Shrine
Q135039385	Takawokano Shrine
Q135039387	Ohokino Shrine
Q135039388	Ashikano Shrine
Q135039389	Yafutano Shrine
Q135039390	Sukino Shrine
Q135039391	Fukatano Shrine
Q135039392	Hashino Shrine
Q135039393	Ohokano- Shrine
Q135039394	Etano Shrine
Q135039395	Kafuno Shrine
Q135039396	Kamusakino Shrine
Q135039397	Wokosono Shrine
Q135039398	Ashimitano Shrine
Q135039399	Tsuhakikishino Shrine
Q135039400	Ikarukano Shrine
Q135039401	Noharano Shrine
Q135039403	Kirutano Shrine
Q135039404	Isoheno Shrine
Q135039405	Usakikamino Shrine
Q135039406	Ohowano Shrine
Q135039407	Tahikano Shrine
Q135039411	Toriiteno Shrine
Q135039414	Yasotsuminokurano Shrine
Q135039415	Shiteno Shrine
Q135039416	Mimitoshino Shrine
Q135039418	Mimitsuneno Shrine
Q135039419	Utsushitano Shrine
Q135039420	Kushitano Shrine
Q135039423	Ide Shrine
Q135039424	Uekurino Shrine
Q135039425	Fushino Shrine
Q135039426	Hotsumino Shrine
Q135039427	Sakurano Shrine
Q135039428	Wishirino Shrine
Q135039429	Nakakurano Shrine
Q135039430	Nahashirono Shrine
Q135039431	Haseno Shrine
Q135039432	Kamono Shrine
Q135039433	Ishino Shrine
Q135039434	Tanaheno Shrine
Q135039435	Winaheno Shrine
Q135039436	Totorinoyamatano Shrine
Q135039437	Totorino Shrine
Q135039438	Ohotanino Shrine
Q135039440	Kamono Shrine
Q135039441	Hoshikahano Shrine
Q135039442	Kuhanano Shrine
Q135039443	Sanofuno Shrine
Q135039444	Wotsuno Shrine
Q135039445	Woyamano Shrine
Q135039446	Noshirino Shrine
Q135039448	Wonono Shrine
Q135039449	Fukaeno Shrine
Q135039450	Nukatano Shrine
Q135039451	Uga Shrine
Q135039452	Nakatomino Shrine
Q135039453	Haseno Shrine
Q135039454	Tatsusaka Shrine
Q135039455	Ahashimano-isahano Shrine
Q135039456	Morokuhano Shrine
Q135039457	Kunitamano Shrine
Q135039458	Fuchishimano Shrine
Q135039459	Utashino Shrine
Q135039460	Yunokino Shrine
Q135039461	Ikuhano Shrine
Q135039462	Okamuno Shrine
Q135039463	Sakateno Shrine
Q135039464	Minuno Shrine
Q135039465	Hasokino Shrine
Q135039466	Harikumano Shrine
Q135039467	Nomino Shrine
Q135039469	Mokuhino Shrine
Q135039470	Chichihayano Shrine
Q135039471	Ihatono Shrine
Q135039473	Muroharano Shrine
Q135039474	Ohokuchino Shrine
Q135039475	Himefuno Shrine
Q135039476	Kahawano Shrine
Q135039477	Asawino Shrine
Q135039478	Kutano Shrine
Q135039479	Tsutsumiharino Shrine
Q135039480	Ishitsukurino Shrine
Q135039481	Chinono Shrine
Q135039482	Shihoeno Shrine
Q135039483	Fuchino Shrine
Q135039484	Tomoeno Shrine
Q135039491	Anahoheno Shrine
Q135039492	Ufusunano Shrine
Q135039494	Kahashimano Shrine
Q135039497	Inakino Shrine
Q135039498	Ishitsukurino Shrine
Q135039499	Ikakaharano Shrine
Q135039500	Yamanano Shrine
Q135039501	Morokuhano Shrine
Q135039503	Ikutano Shrine
Q135039505	Takumino Shrine
Q135039506	Narumi- Shrine
Q135039507	Ketsurikurino Shrine
Q135039508	Takumino Shrine
Q135039512	Tachinono Shrine
Q135039513	Witeno Shrine
Q135039514	Wokuchino Shrine
Q135039515	Shihomichino Shrine
Q135039516	Hitano Shrine
Q135039517	Ueno Shrine
Q135039518	Toyamano Shrine
Q135039520	Katayamano Shrine
Q135039521	Kuniharano Shrine
Q135039522	Mutsushino Shrine
Q135039524	Takamuno Shrine
Q135039526	Takeno Shrine
Q135039527	Katayamano Shrine
Q135039528	Ohomeno Shrine
Q135039529	Hitsushino Shrine
Q135039530	Kahashimano Shrine
Q135039531	Wokuchino Shrine
Q135039533	Kaneno Shrine
Q135039534	Wanirano Shrine
Q135039536	Tanahatano Shrine
Q135039537	Watano Shrine
Q135039538	Shifukahano Shrine
Q135039539	Ohonokino Shrine
Q135039540	Woharino Shrine
Q135039541	Oi Shrine
Q135039542	Sakanihano Shrine
Q135039543	Wohariheno Shrine
Q135039545	Ishitsukurino Shrine
Q135039546	Kamutsuchikamano Shrine
Q135039548	Shimotsuchikamano Shrine
Q135039551	Mitano Shrine
Q135039552	Takamuno Shrine
Q135039553	Kaharano Shrine
Q135039554	Harinano Shrine
Q135039555	Ifuno Shrine
Q135039556	Mononoheno Shrine
Q135039558	Hikowakamikono Shrine
Q135039559	Irumino Shrine
Q135039560	Akuhino Shrine
Q135039562	Hatsuno Shrine
Q135039563	Nomino Shrine
Q135039564	Nogami Shrine
Q135039565	Hyōzu Shrine
Q135039568	Ihono Shrine
Q135039570	Hirosahano Shrine
Q135039571	Hahiho Shrine
Q135039572	Washitorino Shrine
Q135039573	Sakamutono Shrine
Q135039574	Hinakano Shrine
Q135039575	Hisono Shrine
Q135039576	Kataharano Shrine
Q135039577	Mitsuno Shrine
Q135039578	Akahikono Shrine
Q135039579	Ashino Shrine
Q135039580	Tadaki Shinmeigu
Q135039581	Wihanano Shrine
Q135039582	Oomuwano Shrine
Q135039583	Tsunosakuhikono Shrine
Q135039584	Tsumorino Shrine
Q135039586	Okino Shrine
Q135039587	Sokonomitachino Shrine
Q135039588	Kakuruno Shrine
Q135039590	Wotsuno Shrine
Q135039591	Ninomiya Shrine
Q135039592	Hachisakino Shrine
Q135039593	Ohosechino Shrine
Q135039594	Orono Shrine
Q135039595	Takane Shrine
Q135039596	Rokusho Shrine
Q135039597	Wakayamatono Shrine
Q135039598	Nakanono Shrine
Q135039599	Ohomikano Shrine
Q135039600	Torokuno Shrine
Q135039601	Inari Shrine
Q135039602	Ohoseno Shrine
Q135039603	Hatorino Shrine
Q135039604	Asahihatakano Shrine
Q135039605	Kokura Shrine
Q135039607	Irumino Shrine
Q135039608	Tanakano Shrine
Q135039609	Mioyano Shrine
Q135039610	Mikonokamino Shrine
Q135039612	Hakiharano- Shrine
Q135039614	Wokunino Shrine
Q135039616	Mumanushino Shrine
Q135039617	Yamanano Shrine
Q135039618	Koneno Shrine
Q135039619	Shimanano Shrine
Q135039620	Kohoriheno Shrine
Q135039621	Masakuno Shrine
Q135039622	Narano Shrine
Q135039623	Ohokusuno Shrine
Q135039624	Hatoritano Shrine
Q135039625	Ihitsusawano Shrine
Q135039626	Ashitsukino Shrine
Q135039628	Takehono Shrine
Q135039629	Nakatsu Shrine
Q135039630	Shirasahano Shrine
Q135039631	Toyotsumino Shrine
Q135039633	Fujino Shrine
Q135039635	Momosaha Shrine
Q135039636	Hafuhimeno- Shrine
Q135039637	Ikamuhimeno- Shrine
Q135039638	Sakitamahimeno- Shrine
Q135039639	Takemikakano- Shrine
Q135039641	Ihare- Shrine
Q135039642	Hayashino- Shrine
Q135039644	Katasukano- Shrine
Q135039645	Yasuno- Shrine
Q135039647	Nakichi- Shrine
Q135039648	Kamino- Shrine
Q135039649	Terano- Shrine
Q135039651	Takeishitsukino- Shrine
Q135039653	Ihanohimeno- Shrine
Q135039654	Sukihoko- Shrine
Q135039655	Ihakurawakeno- Shrine
Q135039656	Shiritakino Shrine
Q135039658	Minamikono Shrine
Q135039659	Achiko Shrine
Q135039660	Ihatewakeno- Shrine
Q135039661	Hotsusakeno- Shrine
Q135039662	Ohotsunoyukino- Shrine
Q135039663	Fusawokino Shrine
Q135039664	Sasaharahime- Shrine
Q135039666	Takama Shrine
Q135039667	Kamono Shrine
Q135039668	Fumunashino Shrine
Q135039669	Kutsumino Shrine
Q135039670	Ihatokono Shrine
Q135039671	Hiroseno Shrine
Q135039672	Ohoasano Shrine
Q135039673	Yanakihara Shrine
Q135039674	Homusuhino- Shrine
Q135039675	Hikitachikarano- Shrine
Q135039676	Ametsuseno- Shrine
Q135039677	Nakaohotoshino Shrine
Q135039678	Shinmei Shrine
Q135039679	Inamiyano- Shrine
Q135039681	Sengen Shrine (Ihakurano- Shrine)
Q135039683	Shinmei Shrine
Q135039684	Kamuheno Shrine
Q135039685	Mononoheno Shrine
Q135039687	Kahinano Shrine
Q135039688	Kurotonano Shrine
Q135039689	Kanasakurano Shrine
Q135039690	Matsunowono Shrine
Q135039691	Tamamorono Shrine
Q135039692	Ohowimatano Shrine
Q135039693	Yamanashiwokano Shrine
Q135039697	Kamuheno Shrine
Q135039702	Homino Shrine
Q135039703	Kasayano Shrine
Q135039704	Sakuno Shrine
Q135039705	Yukeno Shrine
Q135039706	Uhetono Shrine
Q135039708	Asamano Shrine
Q135039709	Nakawono Shrine
Q135039710	Hokotsukino Shrine
Q135039711	Hinokimine Shrine
Q135039713	Funagata Shrine
Q135039714	Kenoka Shrine
Q135039716	Toubu Shrine
Q135039717	Suwa Shrine
Q135039718	Suwa Shrine (Hirono Shrine)
Q135039719	Shirane Shrine
Q135039720	Takaheyano Shrine
Q135039721	Hihitano Shrine
Q135039722	Ohohano Shrine
Q135039724	Ihatatewono Shrine
Q135039725	Hietano Shrine
Q135039726	Sukiyamano Shrine
Q135039727	Wono Shrine
Q135039728	Ohomatonotsuno- Shrine
Q135039729	Anasahano- Shrine
Q135039730	Torakashiwa Shrine
Q135039731	Awowino Shrine
Q135039732	Atachino Shrine
Q135039733	Takehimeno Shrine
Q135039735	Yokomino Shrine
Q135039736	Takefuhikono Shrine
Q135039737	Ihahino Shrine
Q135039738	Itsumono- Shrine
Q135039739	Nakahikahano Shrine
Q135039740	Miyameno Shrine
Q135039741	Itsumonoihahino Shrine
Q135039742	Inanohimeno Shrine
Q135039743	Shirakamino Shrine
Q135039744	Tanakano Shrine
Q135039745	Narano Shrine
Q135039746	Imakiawoyasakainamino Shrine
Q135039747	Imakiawosakanoinamiaramitamano Shrine
Q135039748	Imakiawosakainaminoikekamino Shrine
Q135039749	Mukuno Shrine
Q135039750	Kumeda Shrine
Q135039751	Mimeno-amehirinohimeno- Shrine
Q135039752	Nakoshinoyamano Shrine
Q135039756	Samukaha Shrine
Q135039757	Makatano Shrine
Q135039758	Morono Shrine
Q135039759	Mitsuchino Shrine
Q135039760	Amino Shrine
Q135039761	Amenohayatamahimeno- Shrine
Q135039762	Inamurano Shrine
Q135039763	Tachinono Shrine
Q135039764	Oi Shrine
Q135039765	Aoyama Shrine
Q135039766	Fuchiuchino Shrine
Q135039767	Ihafuneno Shrine
Q135039768	Sashinono Shrine
Q135039769	Iharino Shrine
Q135039770	Nushiishino Shrine
Q135039774	Higonen Shrine
Q135039776	Kokutokamigami Shrine
Q135039779	Kawai Shrine (Hitachiota)
Q135039780	Sashinou Shrine (Ishioka)
Q135039781	Kumoimiyasatozou Shrine
Q135039783	Sugatami Shrine
Q135039785	Shitorino Shrine
Q135039789	Kantano Shrine
Q135039791	Wonono Shrine
Q135039792	Ifukino Shrine
Q135039794	Takanono Shrine
Q135039795	Ishihenokashiki- Shrine
Q135039796	Kahatano Shrine
Q135039797	Ihimichino Shrine
Q135039798	Kahakareno Shrine
Q135039799	Shimonifukahano Shrine
Q135039800	Hiritano Shrine
Q135039802	Kaminifukahano Shrine
Q135039803	Isoheno Shrine
Q135039806	Ohoyano Shrine
Q135039807	Sukatano Shrine
Q135039808	Oitsushimano Shrine
Q135039810	Kahaketano Shrine
Q135039811	Karonono Shrine
Q135039812	Isoheno Shrine
Q135039813	Ashikino Shrine
Q135039816	Tsuweno Shrine
Q135039817	Yamatano Shrine
Q135039818	Yamatano Shrine
Q135039819	Hinateno Shrine
Q135039820	Ifukino Shrine
Q135039821	Wokano Shrine
Q135039822	Shihotsuno Shrine
Q135039823	Yutsukino Shrine
Q135039824	Woeno Shrine
Q135039825	Yaahino Shrine
Q135039826	Wokamotono Shrine
Q135039827	Katayamano Shrine
Q135039828	Hikitarino Shrine
Q135039829	Masotano Shrine
Q135039830	Ohohano Shrine
Q135039831	Kansaki Shrine
Q135039832	Ohosahano Shrine
Q135039833	Ameyahotsurano Shrine
Q135039834	Ashisakino Shrine
Q135039835	Kurumitano Shrine
Q135039836	Himetano Shrine
Q135039837	Ohaheno Shrine
Q135039839	Akahono Shrine
Q135039840	Sakuraichino Shrine
Q135039841	Yokoyama Shrine
Q135039842	Ohotano Shrine
Q135039843	Hyōzu Shrine
Q135039844	Akamino Shrine
Q135039845	Hamino Shrine
Q135039846	Sakuragi Shrine
Q135039847	Ichihisakino Shrine
Q135039848	Samino Shrine
Q135039849	Tsuhakino Shrine
Q135039850	Sahakatono Shrine
Q135039851	Ikagosakano Shrine
Q135039852	Yoshirono Shrine
Q135039853	Fuseno- Shrine
Q135039854	Nokitano Shrine
Q135039855	Ofufurano Shrine
Q135039858	Ihatakino Shrine
Q135039859	Takanono Shrine
Q135039860	Ohokurano Shrine
Q135039861	Kurotano Shrine
Q135039863	Nifuno Shrine
Q135039864	Amenoihatowakenotono Shrine
Q135039865	Amahibiki-no-Mikoto Shrine
Q135039866	Kusawokano Shrine
Q135039867	Otano Shrine
Q135039868	Ohoamino Shrine
Q135039869	Ohomitsuwakeno Shrine
Q135039870	Amatsukahano- Shrine
Q135039871	Ashitsumino Shrine
Q135039872	Yorokino Shrine
Q135039873	Taheno Shrine
Q135039874	Kumano Shrine
Q135039875	Ohokahano Shrine
Q135039876	Wonono Shrine
Q135039877	Hie Shrine
Q135039878	Ichiharano Shrine
Q135039879	Ohotano Shrine
Q135039880	Tomoyuhino Shrine
Q135039881	Tsunono Shrine
Q135039882	Ohoarahikono Shrine
Q135039883	Ohosakino Shrine
Q135039884	Sakamoto Shrine
Q135039885	Yama Shrine
Q135039886	Shiroshino Shrine
Q135039888	Ohomitsuwakeno Shrine
Q135039889	Ohonono Shrine
Q135039890	Woumino Shrine
Q135039891	Ohoneno Shrine
Q135039892	Arakurano Shrine
Q135039893	Miefuno Shrine
Q135039894	Tsukino Shrine
Q135039895	Nakatano Shrine
Q135039896	Ukitano Shrine
Q135039897	Uhatono Shrine
Q135039898	Arakatano Shrine
Q135039899	Hananakano Shrine
Q135039902	Kataakatatsuno Shrine
Q135039903	Hinamorino Shrine
Q135039904	Murakunino Shrine
Q135039905	Ohoyamano Shrine
Q135039906	Tabu Shrine
Q135039907	Nakayamano Shrine
Q135039908	Sakamotono Shrine
Q135039909	Enano Shrine
Q135039910	Ohotsuno Shrine
Q135039911	Takatano Shrine
Q135039912	Atayutano Shrine
Q135039913	Achino Shrine
Q135039917	Fuseno Shrine
Q135039918	Haheshinano Shrine
Q135039919	Tanishinano Shrine
Q135039920	Hiokino Shrine
Q135039921	Shimitsuno Shrine
Q135039924	Ikeno Shrine
Q135039925	Hatano Shrine
Q135039926	Takemitsu- Shrine
Q135039927	Itsumono Shrine
Q135039928	Wokahano Shrine
Q135039929	Moritano Shrine
Q135039930	Ahanono Shrine
Q135039931	Shiratamatarihono- Shrine
Q135039934	Wochino Shrine
Q135039935	Wouchino Shrine
Q135039936	Kasaharano Shrine
Q135039937	Wosakano Shrine
Q135039938	Takamori Shrine
Q135039939	Ahasano Shrine
Q135039940	Nakamurano Shrine
Q135039942	Tamayorihimeno- Shrine
Q135039943	Hafurino Shrine
Q135039944	Yamaihe Shrine
Q135039945	Shihonono Shrine
Q135039946	Komayuminono Shrine
Q135039947	Etano Shrine
Q135039948	Umasei Shrine
Q135039949	Shutsusoku Shrine
Q135039950	Utooru Shrine
Q135039951	Hachikushi Shrine
Q135039952	Nadachi Shrine
Q135039953	Aizuhime Shrine
Q135039954	Umasakebu Shrine
Q135039955	Azusasuijin Shrine
Q135039956	Susukigisui Shrine
Q135039957	Hachikensukune-no-Mikoto Shrine
Q135039958	Waseda Shrine
Q135039959	Tateshina Shrine
Q135039960	Ikenama Shrine
Q135039961	Kiriharaoomoto Shrine
Q135039962	Tsukiiizumi-no-kami Shrine
Q135039963	Ikahono Shrine
Q135039964	Kahasukuneno Shrine
Q135039965	Akagi Shrine
Q135039966	Odaka Shrine
Q135039967	Nyū Shrine
Q135039968	Inekugutsu Shrine
Q135039969	Ohomuwano Shrine
Q135039970	Ohosakino Shrine
Q135039971	Murahino Shrine
Q135039974	Arakashi Shrine
Q135039975	Munakatano Shrine
Q135039976	Imon Shrine
Q135039977	Kasosan Shrine
Q135039978	Akiraishigami Shrine
Q135039980	Shirakahano Shrine
Q135039981	Yamiso- Shrine
Q135039982	Ihitoyohimeno Shrine
Q135039983	Karitamineno Shrine
Q135039984	Takano Shrine
Q135039986	Sukino Shrine
Q135039987	Ihakami- Shrine
Q135039988	Yukuno Shrine
Q135039989	Ihitoyono Shrine
Q135039990	Kamiishino Shrine
Q135039991	Onsen Shrine
Q135039992	Arawokahano Shrine
Q135039993	Yunoishino Shrine
Q135039994	Kashima-Itsunohikeno Shrine
Q135039995	Kashimawonatano Shrine
Q135039996	Kashima Shrine
Q135039997	Atsumayakunino Shrine
Q135039998	Shirawaseno Shrine
Q135039999	Shikitamahayamitamano Shrine
Q135040000	Kashima Shrine
Q135040001	Hitsushisakino Shrine
Q135040002	Katoriitsuno- Shrine
Q135040003	Isarihayawakeno- Shrine
Q135040004	Sohano Shrine
Q135040005	Wokamiheshino Shrine
Q135040006	Toriya Shrine
Q135040007	Ohoshima Shrine
Q135040008	Kusuhinano Shrine
Q135040009	Kesemano Shrine
Q135040010	Ihinoyamano Shrine
Q135040011	Hitakamino Shrine
Q135040012	Futamatano Shrine
Q135040013	Ishikamino Shrine
Q135040014	Kesemaohoshimano Shrine
Q135040015	Wotono Shrine
Q135040017	Himatsurino Shrine
Q135040018	Sakamineno Shrine
Q135040019	Masutamineno Shrine
Q135040020	Takano Shrine
Q135040021	Oshiwono Shrine
Q135040022	Uhatono Shrine
Q135040023	Shihahime Shrine
Q135040024	Wotono Shrine
Q135040026	Komakataneno Shrine
Q135040027	Wakano Shrine
Q135040028	Katoshimikokamino Shrine
Q135040029	Worushiwake- Shrine
Q135040032	Ihano Shrine
Q135040033	Wakaetokono Shrine
Q135040036	Ihatewino Shrine
Q135040037	Isahakahano Shrine
Q135040038	Totowino Shrine
Q135040039	Oroheshino Shrine
Q135040040	Komatsuno Shrine
Q135040041	Kokaneyamano Shrine
Q135040042	Ihahashino Shrine
Q135040043	Rikukotano Shrine
Q135040044	Tona- Shrine
Q135040045	Kinutateno Shrine
Q135040046	Ihitoyo- Shrine
Q135040047	Okitsushimano Shrine
Q135040048	Toriyamineno Shrine
Q135040049	Haishiwano Shrine
Q135040050	Mahikusano Shrine
Q135040051	Chinoka Shrine
Q135040052	Womonoimino Shrine
Q135040053	Tsukiyama Shrine
Q135040054	Wokano Shrine
Q135040055	Sohikahano Shrine
Q135040056	Tatano Shrine
Q135040057	Wakasahikono Shrine
Q135040059	Woamino Shrine
Q135040060	Ihakura- Shrine
Q135040061	Ihakurahimeno Shrine
Q135040062	Shihimurano Shrine
Q135040063	Hakono Shrine
Q135040064	Kusuyano Shrine
Q135040065	Miwano Shrine
Q135040066	Nifuno Shrine
Q135040067	Anashino Shrine
Q135040068	Sohino Shrine
Q135040069	Kohakino Shrine
Q135040070	Karitahikono Shrine
Q135040071	Karitahimeno Shrine
Q135040072	Awoumino Shrine
Q135040073	Isanakino Shrine
Q135040075	Kagoyamano Shrine
Q135040076	Shizushino Shrine
Q135040077	Hiokino Shrine
Q135040078	Ohoihino Shrine
Q135040079	Sasachino Shrine
Q135040081	Sukamano Shrine
Q135040082	Mikatano Shrine
Q135040083	Imoino Shrine
Q135040084	Tayuhino Shrine
Q135040085	Nifuno Shrine
Q135040086	Oritano Shrine
Q135040087	Hiyoshi Shrine
Q135040088	Sakino Shrine
Q135040089	Takanamino Shrine
Q135040090	Nifuno Shrine
Q135040091	Subeno Shrine
Q135040092	Konono Shrine
Q135040093	Mimino Shrine
Q135040094	Oseno Shrine
Q135040095	Tsuneno Shrine
Q135040096	Notono Shrine
Q135040097	Kurami Shrine
Q135040098	Yamatsutano Shrine
Q135040099	Kahiruno Shrine
Q135040101	Tsurukino Shrine
Q135040103	Nifuno Shrine
Q135040105	Tayuhino Shrine
Q135040107	Kutsumino Shrine
Q135040110	Nosakano Shrine
Q135040112	Shihisakino Shrine
Q135040114	Ohokurano Shrine
Q135040115	Washisakino Shrine
Q135040117	Ichifurino Shrine
Q135040118	Atago Shrine
Q135040119	Inohatano Shrine
Q135040120	Asomurano- Shrine
Q135040123	Shirakino Shrine
Q135040124	Yokokurano Shrine
Q135040125	Kasuga Shrine
Q135040126	Yokoyamano Shrine
Q135040127	Chihamura- Shrine
Q135040128	Kahiruno Shrine
Q135040130	Takawokano Shrine
Q135040133	Kahirutanokuchino Shrine
Q135040136	Misakino Shrine
Q135040137	Oritano Shrine
Q135040138	Ihatano Shrine
Q135040139	Ameyahoyorotsu- Shrine
Q135040140	Amekunitsuhikono Shrine
Q135040141	Amekunihimeno Shrine
Q135040142	Shirokihikono Shrine
Q135040143	Anikono Shrine
Q135040144	Amayono Shrine
Q135040145	Tofuno Shrine
Q135040148	Nakawokano Shrine
Q135040149	Makeno Shrine
Q135040151	Hirawiteno Shrine
Q135040152	Ohoyamamitano Shrine
Q135040154	Sasamushino Shrine
Q135040155	Ikazuchi Shrine
Q135040156	Hoyamano Shrine
Q135040157	Kuninakano Shrine
Q135040158	Isoheno Shrine
Q135040159	Wokamotono Shrine
Q135040160	Suhaasuki Shrine
Q135040161	Nitsuno Shrine
Q135040162	Tonano Shrine
Q135040166	Woyamatano Shrine
Q135040169	Ukamu Shrine
Q135040171	Katashihano Shrine
Q135040176	Shikiyamano Shrine
Q135040181	Sukimorino- Shrine
Q135040186	Tsuchinowano Shrine
Q135040188	Nahonono Shrine
Q135040194	Make Shrine
Q135040199	Tochiwino Shrine
Q135040203	Shihisakino Shrine
Q135040205	Yosunano Shrine
Q135040206	Yamakatano Shrine
Q135040207	Mikatono Shrine
Q135040209	Wakeno Shrine
Q135040210	Kamusohino Shrine
Q135040212	Uheno Shrine
Q135040213	Asuhano Shrine
Q135040214	Ihakurano Shrine
Q135040215	Kamuhano Shrine
Q135040217	Daitsukiiwakura Shrine
Q135040218	Sakatohitokotono Shrine
Q135040219	Kasahayano Shrine
Q135040220	Kuninariohonono Shrine
Q135040221	Takaoihakurano Shrine
Q135040222	Arashimano Shrine
Q135040223	Fukurono Shrine
Q135040224	Sakanawino Shrine
Q135040225	Misaki Shrine
Q135040226	Tsunakoshino Shrine
Q135040227	Taneno Shrine
Q135040228	Kumetano Shrine
Q135040229	Okami Shrine
Q135040230	Ajiwase Shrine
Q135040231	Wikuchi Shrine
Q135040232	Yanakiseno Shrine
Q135040234	Konosumino Shrine
Q135040235	Katakishino Shrine
Q135040236	Ohomisono Shrine
Q135040237	Hikonano Shrine
Q135040239	Heitano Shrine
Q135040240	Kiheno Shrine
Q135040242	Hirawoka Shrine
Q135040243	Ketanino Shrine
Q135040244	Shihano Shrine
Q135040245	Etano Shrine
Q135040246	Ukusono Shrine
Q135040247	Ikino Shrine
Q135040248	Hosorokino Shrine
Q135040249	Yokoyamano Shrine
Q135040250	Mikunino Shrine
Q135040251	Ihatano Shrine
Q135040252	Misakano Shrine
Q135040253	Takamukuno Shrine
Q135040254	Kasamano Shrine
Q135040255	Ihetsuno Shrine
Q135040257	Ohominatono Shrine
Q135040258	Itosakino Shrine
Q135040259	Kanayamahiko Shrine (Tsuruga)
Q135040260	Suisaki-no-kami Shrine
Q135040261	Shinoharano Shrine
Q135040262	Tokarino Shrine
Q135040264	Mikino Shrine
Q135040265	Miyamuraisoheno Shrine
Q135040266	Hatorino Shrine
Q135040267	Imunamino Shrine
Q135040268	Hiokino Shrine
Q135040269	Ketamikono Shrine
Q135040270	Shihotsuno Shrine
Q135040272	Tatano Shrine
Q135040273	Kasukamino Shrine
Q135040274	Hatasakano Shrine
Q135040275	Takinamino Shrine
Q135040276	Kumatano Shrine
Q135040277	Motomurawino Shrine
Q135040278	Nukahikashino Shrine
Q135040279	Nukanishino Shrine
Q135040281	Mimano Shrine
Q135040282	Sakino Shrine
Q135040283	Naramotono Shrine
Q135040284	Kasamano Shrine
Q135040285	Michino Shrine
Q135040286	Kamutano Shrine
Q135040288	Wohamano Shrine
Q135040289	Nomano Shrine
Q135040290	Miwa Shrine
Q135040291	Kamo Shrine
Q135040292	Kantano Shrine
Q135040293	Shimonomano Shrine
Q135040294	Kumukeno Shrine
Q135040295	Sukino Shrine
Q135040297	Notsuchino Shrine
Q135040298	Noka Shrine
Q135040299	Kasanono Shrine
Q135040300	Ahimino Shrine
Q135040301	Shiwono Shrine
Q135040302	Kanshiro Shrine
Q135040303	Setohikono Shrine
Q135040304	Tehayahimeno Shrine
Q135040305	Shihishihano- Shrine
Q135040306	Natsumihimeno Shrine
Q135040307	Morowoka- Shrine
Q135040308	Momonuhikono Shrine
Q135040309	Kumakafutsuarakashihikono Shrine
Q135040310	Fuchitsuhikono Shrine
Q135040311	Ohonamochinokamikataishino Shrine
Q135040313	Notohime Shrine
Q135040314	Fuchiharahikono Shrine
Q135040315	Sukaoshihimeno Shrine
Q135040316	Kafutohikono Shrine
Q135040317	Amehikake- Shrine
Q135040318	Toriyahikono Shrine
Q135040319	Araiso- Shrine
Q135040320	Kutehikono Shrine
Q135040321	Shirahikono Shrine
Q135040322	Yokihikono Shrine
Q135040323	Arakashi- Shrine
Q135040324	Kushiinatakino Shrine
Q135040325	Iyahimeno Shrine
Q135040326	Mikatonushino- Shrine
Q135040327	Sukunahikonokamikata- Shrine
Q135040328	Fukeshihikono Shrine
Q135040329	Ihasehikono Shrine
Q135040330	Kamusukinoitsumuhimeno Shrine
Q135040331	Ihakura- Shrine
Q135040332	Mimanahikono Shrine
Q135040333	Mimanahimeno Shrine
Q135040334	Kamumeitsukino- Shrine
Q135040335	Okutsuhimeno Shrine
Q135040336	Hetsuhimeno Shrine
Q135040338	Komashi- Shrine
Q135040339	Kashihara- Shrine
Q135040340	Nakawokano Shrine
Q135040352	Hayashino Shrine
Q135040354	Kuharano Shrine
Q135040356	Asawino Shrine
Q135040358	Michino Shrine
Q135040361	Mononoheno Shrine
Q135040363	Kakumino Shrine
Q135040366	Kumeno Shrine
Q135040368	Fuseno Shrine
Q135040370	Hayakahano Shrine
Q135040373	Isoheno Shrine
Q135040376	Yashiro Shrine
Q135040378	Kusaoka Shrine
Q135040380	Anekura- Shrine
Q135040381	Hayahoshino Shrine
Q135040382	Kumano Shrine
Q135040383	Kamutono Shrine
Q135040386	Takeihakatsuno Shrine
Q135040394	Hiokino Shrine
Q135040396	Fuseno Shrine
Q135040398	Ishitakeo Shrine
Q135040399	Tatehoko Shrine
Q135040400	Onda Shrine
Q135040401	Miyazuhachimanguu
Q135040402	Tamuke Shrine
Q135040406	Usaka Shrine
Q135040408	Itahachimanguu
Q135040414	Nunakahano Shrine
Q135040416	Ohomuwano Shrine
Q135040419	Ahitano Shrine
Q135040421	Sata Shrine
Q135040424	Mononoheno Shrine
Q135040426	Mizushimaisobe Shrine
Q135040428	Sugawara Shrine
Q135040430	Isokimi Shrine
Q135040432	Eno Shrine
Q135040434	Awomino Shrine
Q135040436	Matotano Shrine
Q135040438	Miyakeno Shrine
Q135040440	Kiriharano Shrine
Q135040443	Tsuno Shrine
Q135040445	Wonifu Shrine
Q135040447	Unakushino Shrine
Q135040450	Mishimanoisobeno Shrine
Q135040451	Ukahano Shrine
Q135040452	Tatano Shrine
Q135040453	Ihawino Shrine
Q135040454	Ohosakino Shrine
Q135040455	Sakamotono Shrine
Q135040456	Awomino Shrine
Q135040457	Utsurahashino Shrine
Q135040458	Ikureno Shrine
Q135040459	Tsukitano Shrine
Q135040460	Wofuseno Shrine
Q135040461	Ikarashino Shrine
Q135040462	Iyahikono Shrine
Q135040463	Nakaseno Shrine
Q135040464	Nakayamano Shrine
Q135040466	Asaihinono Shrine
Q135040467	Funaeno Shrine
Q135040468	Tsuchifutano Shrine
Q135040469	Ichikahano Shrine
Q135040470	Ishiwino Shrine
Q135040471	Mikuri Shrine
Q135040472	Kahaahino Shrine
Q135040473	Kamaharano Shrine
Q135040474	Nishinamino Shrine
Q135040475	Arakahano Shrine
Q135040476	Taki Shrine
Q135040477	Urushiyama Shrine
Q135040478	Momokahano Shrine
Q135040479	Minatono Shrine
Q135040480	Ohomeno Shrine
Q135040483	Hikitaheno Shrine
Q135040484	Mononoheno Shrine
Q135040485	Mikeno Shrine
Q135040486	Ihimochino Shrine
Q135040487	Woshikino Shrine
Q135040488	Ohohatano Shrine
Q135040490	Atsukushihikono Shrine
Q135040491	Itsumono Shrine
Q135040492	Kuhatano Shrine
Q135040493	Kamunono Shrine
Q135040494	Atagono Shrine
Q135040495	Obata Shrine
Q135040496	Hashiritano Shrine
Q135040497	Matsuo Shrine
Q135040498	Date Shrine
Q135040499	Yonono Shrine
Q135040500	Takino Shrine
Q135040501	Hietanono Shrine
Q135040502	Shitahino Shrine
Q135040503	Itsushinokanoisoheno Shrine
Q135040504	Shihakano Shrine
Q135040505	Henakino Shrine
Q135040506	Sakachishino Shrine
Q135040507	Kamutano Shrine
Q135040508	Kahachitatanuhino Shrine
Q135040509	Ohohimeno Shrine
Q135040510	Sasaha Shrine
Q135040511	Futamurano Shrine
Q135040512	Kumakurano Shrine
Q135040513	Takakurano Shrine
Q135040514	Samiyano Shrine
Q135040515	Karinono Shrine
Q135040516	Chinono Shrine
Q135040517	Ineno Shrine
Q135040518	Sachino Shrine
Q135040519	Atawokano Shrine
Q135040520	Tatenuhino Shrine
Q135040521	Seritano Shrine
Q135040522	Nihiwino Shrine
Q135040523	Nunukino Shrine
Q135040524	Ashii Shrine
Q135040525	Kawarano Shrine
Q135040526	Itsukino Shrine
Q135040528	Kamuno Shrine
Q135040529	Ikunono Shrine
Q135040530	Amukano Shrine
Q135040531	Amaterutamano- Shrine
Q135040532	Arakino Shrine
Q135040533	Suhakiheno Shrine
Q135040534	Ahichino Shrine
Q135040535	Asusukino Shrine
Q135040536	Mitetsukino Shrine
Q135040537	Satano Shrine
Q135040542	Kamunahino Shrine
Q135040543	Iyano Shrine
Q135040544	Akakunino Shrine
Q135040545	Takakurano Shrine
Q135040546	Sasukano Shrine
Q135040547	Shimamano Shrine
Q135040548	Fukutano Shrine
Q135040549	Kinosaki Shrine
Q135040550	Ichifuseno Shrine
Q135040551	Iyakaki Shrine
Q135040552	Shitorino Shrine
Q135040553	Takatano Shrine
Q135040554	Arasuno Shrine
Q135040555	Yaharano Shrine
Q135040556	Maratano Shrine
Q135040557	Miyakeno Shrine
Q135040558	Hiharano Shrine
Q135040559	Mononoheno Shrine
Q135040560	Iyatono Shrine
Q135040561	Sushirono Shrine
Q135040562	Fukafu Shrine
Q135040563	Utsukino Shrine
Q135040564	Kuritano Shrine
Q135040565	Tayuno Shrine
Q135040566	Urano Shrine
Q135040567	Yataheno Shrine
Q135040568	Achiheisoheno Shrine
Q135040569	Miheno Shrine
Q135040570	Kotsumino Shrine
Q135040572	Itatsurano Shrine
Q135040573	Sukisuweno Shrine
Q135040574	Wakanono Shrine
Q135040575	Kuhiwokano Shrine
Q135040576	Hamino Shrine
Q135040578	Inashirono Shrine
Q135040579	Nakino Shrine
Q135040580	Yatano Shrine
Q135040581	Ohoukano Shrine
Q135040582	Nakuno Shrine
Q135040583	Misotanino Shrine
Q135040584	Kuniharano Shrine
Q135040586	Echino Shrine
Q135040587	Ohonono Shrine
Q135040589	Ikuwauheno Shrine
Q135040590	Shifuhino Shrine
Q135040591	Fukataheno Shrine
Q135040592	Yukawono Shrine
Q135040593	Karatachi Shrine
Q135040594	Himefuno Shrine
Q135040595	Kumano Shrine
Q135040596	Ifukino Shrine
Q135040598	Itsushimino Shrine
Q135040599	Yatano Shrine
Q135040600	Marotano Shrine
Q135040601	Himefuno Shrine
Q135040602	Moroyoshino Shrine
Q135040603	Murawokano Shrine
Q135040604	Kikiheno Shrine
Q135040605	Asakonoisobeno Shrine
Q135040606	Tokano- Shrine
Q135040607	Hiyausuno Shrine
Q135040608	Akafuchino Shrine
Q135040609	Iyuno Shrine
Q135040610	Shitorino Shrine
Q135040611	Ashikano Shrine
Q135040612	Sanano Shrine
Q135040613	Uruhano Shrine
Q135040614	Asamano Shrine
Q135040615	Yawokano Shrine
Q135040616	Ikutono Shrine
Q135040617	Tatenuhino Shrine
Q135040618	Hyōzu Shrine
Q135040619	Wosakano Shrine
Q135040620	Sakitsuhiko- Shrine
Q135040621	Winoheno Shrine
Q135040622	Tetanino Shrine
Q135040623	Sakakino Shrine
Q135040624	Honamano Shrine
Q135040625	Kutsuno Shrine
Q135040626	Ohoyohino Shrine
Q135040627	Kiriharano Shrine
Q135040628	Mitsuwokano Shrine
Q135040629	Saraki- Shrine
Q135040630	Miwino Shrine
Q135040631	Moriuchino Shrine
Q135040632	Wanamino Shrine
Q135040633	Yama‑no‑Kami Shrine
Q135040634	Mitsushino Shrine
Q135040635	Kirinono Shrine
Q135040636	Suruno Shrine
Q135040637	Sasakino Shrine
Q135040638	Hiteno Shrine
Q135040640	Sukino Shrine
Q135040641	Wono Shrine
Q135040643	Tetanino Shrine
Q135040644	Ohofuhe- Shrine
Q135040645	Amukano Shrine
Q135040646	Hichino Shrine
Q135040647	Wosakano Shrine
Q135040648	Tamarakino Shrine
Q135040649	Ashitano Shrine
Q135040650	Minono Shrine
Q135040651	Himefuno Shrine
Q135040653	Takanukino Shrine
Q135040654	Kutowa- Shrine
Q135040655	Hiokino Shrine
Q135040657	Tatenuhino Shrine
Q135040658	Witano Shrine
Q135040659	Omohiyarino Shrine
Q135040660	Miwino Shrine
Q135040661	Takafuno Shrine
Q135040662	Sakuno Shrine
Q135040663	Kamutono Shrine
Q135040664	Ichino Shrine
Q135040665	Sutanino Shrine
Q135040666	Karakuni Shrine
Q135040667	Kumano Shrine
Q135040668	Anamekino Shrine
Q135040670	Meshirono Shrine
Q135040676	Yosakino Shrine
Q135040679	Fukuhino Shrine
Q135040681	Woeno Shrine
Q135040683	Mimiwino Shrine
Q135040684	Momoshimano Shrine
Q135040685	Hyōzu Shrine
Q135040686	Fukasaka Shrine
Q135040688	Hyōzu Shrine
Q135040689	Kehi Shrine
Q135040690	Kuruhi Shrine
Q135040691	Omonami Shrine
Q135040692	Nishitono Shrine
Q135040693	Amano Shrine
Q135040694	Saukeno Shrine
Q135040695	Takanono Shrine
Q135040696	Isakino Shrine
Q135040697	Norihano Shrine
Q135040698	Miino Shrine
Q135040699	Kurahashino Shrine
Q135040700	Akotanino Shrine
Q135040701	Kuhaharano Shrine
Q135040702	Irokino Shrine
Q135040703	Nifuno Shrine
Q135040704	Futakata Shrine
Q135040705	Ohoiheno Shrine
Q135040707	Ohotoshi Shrine
Q135040708	Menuno Shrine
Q135040709	Suga Shrine
Q135040710	Tatano Shrine
Q135040711	Woshirono Shrine
Q135040712	Shitsumino Shrine
Q135040713	Isofuno Shrine
Q135040714	Toyono Shrine
Q135040715	Takasaka Shrine
Q135040716	Kuronono Shrine
Q135040717	Harukino Shrine
Q135040718	Oshirono Shrine
Q135040719	Ohomuwano Shrine
Q135040720	Samino- Shrine
Q135040721	Takanono Shrine
Q135040723	Koyano- Shrine
Q135040724	Hinono Shrine
Q135040725	Kamurono Shrine
Q135040726	Takonouheno Shrine
Q135040727	Ikamu Shrine
Q135040728	Tsukiwori Shrine
Q135040729	Arasaka Shrine
Q135040730	Temino Shrine
Q135040731	Hatori Shrine
Q135040732	Mitanino Shrine
Q135040733	Ohoeno Shrine
Q135040734	Tsuhakichino- Shrine
Q135040735	Shihonono- Shrine
Q135040736	Tsuhanamino Shrine
Q135040737	Isononosakino Shrine
Q135040738	Takamukuno Shrine
Q135040739	Himenuno Shrine
Q135040740	Watarino Shrine
Q135040742	Kutamino Shrine
Q135040743	Furutachino Shrine
Q135040744	Mitekuranuno Shrine
Q135040745	Nakatomitakatakeno Shrine
Q135040746	Iwano Shrine
Q135040747	Amahinatorino- Shrine
Q135040748	Atakatsutakemikumano Shrine
Q135040749	Ohowasamino- Shrine
Q135040750	Ohonomino- Shrine
Q135040751	Hayakahano Shrine
Q135040752	Hatawino Shrine
Q135040753	Kachimino Shrine
Q135040755	Itawi Shrine
Q135040756	Shikanuno Shrine
Q135040757	Gatsuyu Shrine
Q135040758	Shitorino Shrine
Q135040759	Kusakano Shrine
Q135040760	Munakatano Shrine
Q135040761	Sakino Shrine
Q135040762	Noritono Shrine
Q135040763	Tanakano Shrine
Q135040764	Tatewino Shrine
Q135040766	Hayatamano Shrine
Q135040767	Fukomino Shrine
Q135040768	Ihasakano Shrine
Q135040769	Sakusano Shrine
Q135040770	Takahino Shrine
Q135040771	Yamashirono Shrine
Q135040773	Himetsukino Shrine
Q135040774	Noshirono Shrine
Q135040775	Fujina Ōanamochi Shrine
Q135040776	Fushifuno Shrine
Q135040777	Kutamino Shrine
Q135040778	Nimasukarakuniitateno Shrine
Q135040779	Kimachino Shrine
Q135040780	Sawino Shrine
Q135040781	Sawitakamochino Shrine
Q135040782	Shishichino Shrine
Q135040783	Urufuno Shrine
Q135040784	Sutano Shrine
Q135040786	Karakuniitateno Shrine
Q135040787	Chikuya Shrine
Q135040900	Hayatsumushiwakeno Shrine
Q135040901	Yamasano Shrine
Q135040902	Kushimikenono Shrine
Q135040903	Fuheno Shrine
Q135040904	Tsuheshirono Shrine
Q135040905	Ohonamochi Shrine
Q135040906	Ohonamochimiko Shrine
Q135040907	Sakutano Shrine
Q135040909	Shihomino Shrine
Q135040910	Itakino Shrine
Q135040911	Miwosano Shrine
Q135040912	Ichiharano Shrine
Q135040913	Yukino Shrine
Q135040914	Kachihino Shrine
Q135040915	Kachihinotakamori Shrine
Q135040916	Tawomoteno Shrine
Q135040917	Kumeno Shrine
Q135040918	Fushikimino Shrine
Q135040919	Takeno Shrine
Q135040921	Kuramino Shrine
Q135040922	Hayatsumushino Shrine
Q135040923	Kahakamino Shrine
Q135040924	Nakamino Shrine
Q135040925	Kadoeno Shrine
Q135040926	Yokotano Shrine
Q135040927	Nisano Shrine
Q135040928	Nisanokashinowino Shrine
Q135040930	Ikumano Shrine
Q135040932	Oi Shrine
Q135040933	Hitano Shrine
Q135040934	Miwino Shrine
Q135040935	Uchino Shrine
Q135040936	Tarumino Shrine
Q135040937	Wetomono Shrine
Q135040938	Kososhino Shrine
Q135040939	Ohonotsuno Shrine
Q135040940	Kutamino Shrine
Q135040941	Sakano Shrine
Q135040942	Umino Shrine
Q135040943	Takuno Shrine
Q135040944	Mitsuno Shrine
Q135040946	Noroshino Shrine
Q135040947	Kotsuno Shrine
Q135040948	Motomame Shrine
Q135040949	Suijin Shrine
Q135040950	Ohonamochino Shrine
Q135040951	Ohokamiookisakino Shrine
Q135040952	Inochihimeno Shrine
Q135040953	Kantamamikono Shrine
Q135040954	Kantamainochinushino Shrine
Q135040955	Kamuohonamochimikono Shrine
Q135040956	Inasehagino Shrine
Q135040958	Oanamochi Miko Tamae Shrine Shrine
Q135040959	Asukino Shrine
Q135040960	Karakuniitateno Shrine
Q135040961	Amewakahikono Shrine
Q135040962	Susanowono Shrine
Q135040964	Kantamaihotoshino Shrine
Q135040965	Kanasukino Shrine
Q135040966	Kanisanakino Shrine
Q135040967	Amanohinatorino Shrine
Q135040968	Isakano Shrine
Q135040969	Achisukino Shrine
Q135040970	Amewakahikono Shrine
Q135040971	Inasano Shrine
Q135040972	Kusakano Shrine
Q135040973	Amashirohikono Shrine
Q135040974	Amashirohimeno Shrine
Q135040975	Inuno Shrine
Q135040976	Kantamaitsunohimeno Shrine
Q135040977	Kantamano Shrine
Q135040979	Hikosawakeno Shrine
Q135040983	Ifukino Shrine
Q135040990	Tsukarino Shrine
Q135040992	Isahano Shrine
Q135041000	Mitamino Shrine
Q135041002	Himechino Shrine
Q135041010	Akatano Shrine
Q135041013	Wakafutsunushino Shrine
Q135041022	Ihano Shrine
Q135041024	Tsumushino Shrine
Q135041032	Ukano Shrine
Q135041036	Minumano Shrine
Q135041037	Fuseno Shrine
Q135041040	Ohomino Shrine
Q135041043	Itsumono Shrine
Q135041044	Karakuniitateno Shrine
Q135041045	Hishirono Shrine
Q135041046	Karakamano Shrine
Q135041048	Toriyano Shrine
Q135041049	Kanshirono Shrine
Q135041050	Sokinoyano Shrine
Q135041051	Karakuniitatematsuruno Shrine
Q135041052	Isakano Shrine
Q135041053	Kumuno Shrine
Q135041054	Kamori Shrine
Q135041055	Ijinno Shrine
Q135041056	Hachino Shrine
Q135041057	Tachimushino Shrine
Q135041060	Akono Shrine
Q135041061	Yakukano Shrine
Q135041062	Aneno Shrine
Q135041064	Sashimuno Shrine
Q135041065	Takikino Shrine
Q135041066	Takino Shrine
Q135041067	Oanamochi Shrine
Q135041069	Kunimurano Shrine
Q135041070	Wakasuserihimeno Shrine
Q135041071	Saeki Shrine
Q135041072	Chiino Shrine
Q135041073	Hifuchino Shrine
Q135041074	Kantamakotsunotama Shrine
Q135041075	Arino Shrine
Q135041076	Zakarihimeno Shrine
Q135041077	Yanono Shrine
Q135041078	Ohoyamano Shrine
Q135041079	Kunawino Shrine
Q135041080	Yamuyano Shrine
Q135041081	Honokano Shrine
Q135041082	Yamuyahikono Shrine
Q135041083	Yamuyahikomayumino Shrine
Q135041084	Hinano Shrine
Q135041086	Asurino Shrine
Q135041087	Kanmusuhitamano- Shrine
Q135041089	Yamuya- Shrine (Co-Enshrinement)
Q135041090	Mitoyano Shrine
Q135041091	Taheno Shrine
Q135041092	Ihishi Shrine
Q135041093	Kahaheno Shrine
Q135041094	Ikatakeno Shrine
Q135041095	Misahano Shrine
Q135041096	Unochino Shrine
Q135041097	Sumineno Shrine
Q135041098	Yakuchino Shrine
Q135041099	Mishirono Shrine
Q135041100	Fusuno Shrine
Q135041101	Kisukino Shrine
Q135041102	Katano Shrine
Q135041103	Saseno Shrine
Q135041104	Seritano Shrine
Q135041105	Ushiwono Shrine
Q135041106	Amanohohino- Shrine
Q135041107	Kamutano Shrine
Q135041108	Sasuka Shrine
Q135041110	Asakurahiko-no-Mikoto Shrine
Q135041111	Nihikusohimeno- Shrine
Q135041112	Nihehimeno Shrine
Q135041114	Sahime- Shrine
Q135041115	Nowino Shrine
Q135041116	Kamubeno Shrine
Q135041118	Kikamino Shrine
Q135041119	Yamanohenoyashirohime- Shrine
Q135041120	Hiyakurakuno Shrine
Q135041122	Minokamino Shrine
Q135041124	Kokubunjihiyakurakuno Shrine
Q135041125	Tahatono Shrine
Q135041126	Tsutono Shrine
Q135041127	Oomatsuriamaihakatohikono Shrine
Q135041128	Ohiihikono- Shrine
Q135041129	Kushiro-kokeka- Shrine
Q135041130	Ohotoshino Shrine
Q135041131	Yamaheno Shrine
Q135041132	Yasuno Shrine
Q135041133	Amatsuno Shrine
Q135041135	Tatatakehorineno- Shrine
Q135041136	Ohoharano Shrine
Q135041137	Sukanonoamenotakarawakakono- Shrine
Q135041138	Shimihaamaihakatsuno- Shrine
Q135041139	Wonono-azuwake- Shrine
Q135041140	Make-no-Mikoto Shrine
Q135041141	Nakirahimeno- Shrine
Q135041142	Kamonahino Shrine
Q135041143	Wakenosu Shrine
Q135041144	Amatakekanakaya Shrine
Q135041146	Kasuga Shrine
Q135041147	Mononoheno Shrine
Q135041148	Mikatatano Shrine
Q135041149	Iwatsuhimeno Shrine
Q135041150	Shirakunino Shrine
Q135041151	Takamikura Shrine
Q135041152	Hafuritano Shrine
Q135041153	Nakatomiitateno Shrine
Q135041154	Yahirano Shrine
Q135041155	Iheshimano Shrine
Q135041156	Yahono Shrine
Q135041157	Kurawokino Shrine
Q135041158	Amakohino Shrine
Q135041159	Yohino Shrine
Q135041161	Ohoyamatonokotoshironushino Shrine
Q135041162	Nishino Shrine
Q135041163	Sayotsuhimeno Shrine
Q135041164	Ten'ichi Shrine
Q135041165	Nihitsukino Shrine
Q135041166	Takahano Shrine
Q135041167	Aratano Shrine
Q135041168	Konawino Shrine
Q135041169	Katsurano- Shrine
Q135041170	Ootsu Shrine
Q135041171	Amemahitotsunono Shrine
Q135041172	Takatakeno Shrine
Q135041174	Isoheno Shrine
Q135041175	Sakahino Shrine
Q135041176	Sumiyoshi Shrine
Q135041177	Sukatano Shrine
Q135041178	Konashino Shrine
Q135041179	Kakitano Shrine
Q135041180	Wokiharano Shrine
Q135041181	Saharano Shrine
Q135041182	Kataheno Shrine
Q135041183	Ichiahano Shrine
Q135041184	Yokomino Shrine
Q135041185	Kutono Shrine
Q135041187	Usakamino Shrine
Q135041188	Nakatano Shrine
Q135041189	Kakuyano Shrine
Q135041190	Ameihatowakeno Shrine
Q135041191	Daku Shrine
Q135041192	Osasa Shrine
Q135041193	Ta Shrine
Q135041195	Kyuukenshin Shrine
Q135041196	Okamogami Shrine
Q135041197	Kamono Shrine
Q135041198	Munakatano Shrine
Q135041199	Fuse Shrine
Q135041202	Kamineno Shrine
Q135041204	Ihatowakeno Shrine
Q135041207	Tenjin-sha
Q135041208	Ise Shrine
Q135041209	Amahakarino Shrine
Q135041210	Kunitsu Shrine
Q135041212	Sekimonbetsu Shrine
Q135041213	Kamono Shrine
Q135041214	Kamono Shrine
Q135041215	Tatsuchiurano- Shrine
Q135041216	Momoiyamano Shrine
Q135041218	Sukafuno Shrine
Q135041219	Furukohorino Shrine
Q135041221	Nomatano Shrine
Q135041222	Ihatatamino Shrine
Q135041225	Miwa Shrine
Q135041227	Masakino Shrine
Q135041228	Anatono- Shrine
Q135041229	Aritano Shrine
Q135041231	Kamishimano Shrine
Q135041234	Ueno Shrine
Q135041237	Antsukino- Shrine
Q135041238	Widono- Shrine
Q135041240	Takeinatakisayafutsuno Shrine
Q135041241	Susanowonono Shrine
Q135041242	Nihitsuhimeno Shrine
Q135041244	Takamorono Shrine
Q135041245	Hikosasukino Shrine
Q135041246	Tarihirino Shrine
Q135041247	Kunitakayorihikono Shrine
Q135041248	Okamino Shrine
Q135041249	Sorahikono Shrine
Q135041250	Takao- Shrine
Q135041251	Warihimeno Shrine
Q135041252	Chihayahikono Shrine
Q135041253	Chihayahimeno Shrine
Q135041254	Kumakeno Shrine
Q135041258	Itsumono Shrine
Q135041263	Misakano Shrine
Q135041265	Futamatano Shrine
Q135041266	Kuroyamahachimanguu
Q135041267	Kumanomiya
Q135041268	Akada Shrine
Q135041269	Murayano Shrine
Q135041270	Mibu Shrine
Q135041271	Yutaka Shrine
Q135041272	Takechi-Ishiuchi-no-Mikoto Shrine
Q135041273	Wotano Shrine
Q135041275	Kunikakasuno Shrine
Q135041276	Tsumatsuhimeno Shrine
Q135041277	Ikuhimeno Shrine
Q135041278	Tsuwada Tenman-gu Shrine
Q135041279	Takatsumihimeno Shrine
Q135041280	Katamaneno Shrine
Q135041281	Amano Shrine
Q135041283	Ametachikarawono Shrine
Q135041285	Ihayano Shrine
Q135041287	Tsukisano Shrine
Q135041288	Kamo Shrine
Q135041289	Yuranominatono Shrine
Q135041290	Shichikuno Shrine
Q135041292	Kishikahano Shrine
Q135041293	Kahakamino Shrine
Q135041294	Yaharano Shrine
Q135041299	Minakuchino Shrine
Q135041300	Kutono Shrine
Q135041301	Kaehimeno Shrine
Q135041302	Ushihiko Shrine
Q135041304	Takefutsuno Shrine
Q135041305	Kamono Shrine
Q135041306	Tawano Shrine
Q135041307	Yokotano Shrine
Q135041308	Isanamino Shrine
Q135041309	Takeno Shrine
Q135041311	Ameyoritateno Shrine
Q135041313	Amatsukasahikono Shrine
Q135041314	Yasokono Shrine
Q135041315	Mitsuhanomeno Shrine
Q135041316	Haniyamano- Shrine
Q135041319	Yamatoookuni- Shrine
Q135041321	Imuheno Shrine
Q135041330	Amamurakumono Shrine
Q135041333	Amatsunumahikono Shrine
Q135041341	Hihameno- Shrine
Q135041343	Iwatowakeyakurahimeno Shrine
Q135041351	Ama-no-iwato-wake-toyotamahimeno Shrine
Q135041358	Mano- Shrine
Q135041365	Watatsumitoyotamahimeno Shrine
Q135041369	Kotoshironushino Shrine
Q135041371	Yamakatano- Shrine
Q135041372	Unawino Shrine
Q135041373	Wanasaifusono Shrine
Q135041374	Murohimeno Shrine
Q135041375	Take- Shrine
Q135041377	Kashihahimeno Shrine
Q135041378	Shitori Shrine (ishiimachi)
Q135041379	Ibiryou Shrine
Q135041380	Funejin Shrine
Q135041381	Shiratori Shrine (Ishiimachi)
Q135041382	Shitaharino Shrine
Q135041383	Fuseno Shrine
Q135041384	Kamusakino Shrine
Q135041385	Tawano Shrine
Q135041386	Ohominohikono Shrine
Q135041387	Wanikaha Shrine
Q135041389	Uhei Shrine
Q135041390	Kushinashino Shrine
Q135041391	Kamunono Shrine
Q135041392	Ohoasano Shrine
Q135041393	Kumokeno Shrine
Q135041394	Takayano Shrine
Q135041395	Yamatano Shrine
Q135041396	Kamarano Shrine
Q135041397	Uheno shrine
Q135041398	Kuroshimano shrine
Q135041400	Kajishuu Shrine
Q135041401	Amakawa Shrine
Q135041402	Kabiratsu Shrine
Q135041403	Kouke Shrine
Q135041404	Matsui Shrine
Q135041407	Funayama Shrine
Q135041410	Iwata Shrine
Q135041411	Sasakuno Shrine
Q135041412	Futsuno Shrine
Q135041413	Sufuno Shrine
Q135041414	Ohosukino Shrine
Q135041422	Himesakano Shrine
Q135041423	Makimoto Shrine
Q135041427	Ajimino Shrine
Q135041429	Iyono Shrine
Q135041435	Isonono Shrine
Q135041437	Iyotsuhikono- Shrine
Q135041438	Ayaen Shrine
Q135041440	Ikari Shrine
Q135041443	Ikawa Shrine
Q135041444	Tokui Shrine
Q135041445	Ōhama Hachiman Daijin Shrine
Q135041446	Uwatsuhiko Shrine
Q135041447	Murotsuno Shrine
Q135041448	Take Shrine
Q135041449	Sakamotono Shrine
Q135041450	Komatsuno Shrine
Q135041451	Fukafuchino Shrine
Q135041452	Uwetano Shrine
Q135041453	Ihatsuchi Shrine
Q135041454	Amanoihatowakenoyasukunitama- Shrine
Q135041455	Itsutano Shrine
Q135041457	Kinen Shrine
Q135041458	Minehonnin Shrine
Q135041460	Kannachigi Shrine
Q135041461	Soga Shrine
Q135041462	Ootani Shrine
Q135041463	Ise Shrine
Q135041465	Uga Shrine
Q135041468	Sekiryuu Shrine
Q135041469	Shitono Shrine
Q135041470	Materafuno Shrine
Q135041471	Minagino Shrine
Q135041472	Wohonamuchino Shrine
Q135041474	Iseamaterasumioyano Shrine
Q135041475	Toyohimeno Shrine
Q135041476	Miseno- Shrine
Q135041477	Himekami Shrine
Q135041478	Ohotarashihimeno- Shrine
Q135041482	Oshihoneno Shrine
Q135041483	Toyohimeno- Shrine
Q135041484	Takewoshimokorihikono Shrine
Q135041485	Sasamutano Shrine
Q135041486	Aso-Hime Shrine
Q135041487	Kirishimano Shrine
Q135041488	Karakunino- Shrine
Q135041489	Mitsuno Shrine
Q135041490	Atamino Shrine
Q135041491	Hyōzu Shrine
Q135041492	Tsukuyomi Shrine
Q135041494	Kunikatanushino Shrine
Q135041498	Takamioyano Shrine
Q135041500	Tenakahimeno Shrine
Q135041502	Sashifutsuno Shrine
Q135041503	Dousashifutsu Shrine
Q135041504	Nakatsu Shrine
Q135041505	Tsunoheno Shrine
Q135041506	Ame-no-Tanakawono Shrine
Q135041507	Ameno-tanakahimeno Shrine
Q135041508	Misakitono Shrine
Q135041511	Kunitsukami Shrine
Q135041512	Amano Shrine
Q135041514	Tsuno Shrine
Q135041515	Yono Shrine
Q135041518	Ohokutamano Shrine
Q135041520	Nijino Shrine
Q135041521	Minoheno Shrine
Q135041522	Kutsuokamino Shrine
Q135041523	Mononoheno- Shrine
Q135041526	Watatsumi Shrine (Engishiki)
Q135041527	Shimaohokunitamano Shrine
Q135041528	Noritono Shrine
Q135041529	Amenomorohanomikoto Shrine
Q135041531	Unutono Shrine
Q135041532	Wohirano- Shrine
Q135041533	Nasukaminokanenomikono Shrine
Q135041534	Inakuhino Shrine
Q135041535	Yukiahino Shrine
Q135041536	Watamiyakobimiko Shrine
Q135041537	Korokuno Shrine
Q135041538	Korokuno- Shrine
Q135041540	Shimaohokunitamano- Shrine
Q135041542	Ohoshimano Shrine
Q135041543	Harahano Shrine
Q135041544	Takamitamano Shrine
Q135041546	Shirokane- Shrine
Q135041547	Ikatsuchino- Shrine
Q135041548	Watatsumino Shrine
Q135041549	Amateruno Shrine
Q135041550	Sumiyoshi Shrine
Q135041552	Watatsumino Shrine
Q135041554	Tahirano Shrine
Q135041555	Shikishimano Shrine
Q135041556	Tsutsuchino Shrine
Q135041557	Kanayamano Shrine
Q135041558	Okido Shrine
Q135041559	Hirano Shrine
Q135052815	The Oxford Style Manual (1st edition)
Q135098105	Nomino Shrine
Q135098229	Womino Shrine
Q135098806	Mimorono Shrine
Q135098813	Kahawinotsuki Shrine
Q135098815	Naruikatsuchino Shrine
Q135098820	Isagawa Awa Shrine
Q135098821	Hongu Shrine Yohaisho of Kasuga-taisha
Q135098825	Himukahino Shrine
Q135098830	Sai Shrine
Q135098832	Tamatsurano Shrine
Q135098833	Tsunakoshino Shrine
Q135098834	Anashinoohohiyauzuno Shrine
Q135098838	Hatorino Shrine
Q135098841	Murayano Shrine
Q135098844	Kususumino Shrine
Q135098850	Asukanoyamakuchino Shrine
Q135098855	Miko- Shrine
Q135098858	Hime- Shrine
Q135098861	Womori- Shrine
Q135098863	Yatsuki- Shrine
Q135098868	Kankosahino Shrine
Q135098871	Nutehikono Shrine
Q135098873	Nutehimeno Shrine
Q135098877	Mioyano Shrine
Q135098878	Kamono Shrine
Q135098881	Kasukaheno-Mikono Shrine
Q135098886	Nakarano Shrine
Q135098887	Sayamatsutsumino Shrine
Q135098895	Ame-no-Mikumari-toyoura Shrine
Q135098896	Nunotahimeno- Shrine
Q135098897	Tameno Shrine
Q135098901	Funadamano Shrine
Q135098903	Mitekurano Shrine
Q135098906	Natsukino Shrine
Q135098908	Ohomano- Shrine
Q135098911	Ohokahachino Shrine
Q135098912	Sumaromeno Shrine
Q135098916	Hatorinoitomano Shrine
Q135098921	Hatorinomatokata Shrine
Q135098926	Nakaretanouheno Shrine
Q135098932	Kuninomi Shrine
Q135098936	Kushitatsukimotono Shrine
Q135098940	Ushinihano Shrine
Q135098950	Nakushirino Shrine
Q135098951	Akatanushino Shrine
Q135098954	Ihano Shrine
Q135098955	Nakatono Shrine
Q135098956	Tsuhakino Shrine
Q135098958	Munakatano Shrine
Q135098960	Ohomitamano Shrine
Q135098962	Hisakino- Shrine
Q135098964	Awofusuma Shrine
Q135098968	Toyoikatsuchino- Shrine
Q135098970	Kaminari Mihashira Shrine
Q135098971	Ikuikatsuchi- Shrine
Q135098973	Amenomikono- Shrine
Q135098974	Sunami Wakamiko Shrine
Q135098975	Kamuheno Shrine
Q135098977	Ohotoshi- Shrine
Q135098979	Koshikino- Shrine
Q135098982	Kuniwichino- Shrine
Q135098983	Ishitsukurino Shrine
Q135098985	Tamatsukurino Shrine
Q135098987	Tsurukano Shrine
Q135098988	Ohomuwanoshimosakino Shrine
Q135098990	Ametotsurukino Shrine
Q135098991	Amehimewakamikono Shrine
Q135098992	Isanahikono Shrine
Q135098994	Amesusuno Shrine
Q135098997	Tamasasarahikono Shrine
Q135099001	Womushino Shrine
Q135099002	Achieno Shrine
Q135099006	Utakino Shrine
Q135099008	Hiinohayahikono Shrine
Q135099012	Kagutsuchino Shrine
Q135099013	Izumowokano Shrine
Q135099017	Katsurakihimeno Shrine
Q135099507	Kusumi Shrine
Q135100459	Shikinai Subshrine
Q135103456	Hibara Shrine
Q135105679	Dazai no Kami Shrine
Q135112892	Ōmuroyama Sengen Shrine
Q135159299	Kokugakuin University Shrine database
Q135178095	Tomouchi-sha (Kitano Tenmangu Setsumatsusha)
Q135179865	Kifune Shrine former site
Q135184979	Tatsutahiko and Tatsutahime Shrines
Q135185797	Iwashizu Shrine
Q135193486	Hiyoshi Taisha okumiya
Q135195104	Kahahino Shrine
Q135195212	Isobe Shrine (Miwakare Park)
Q135222033	Okada Shrine
Q135224352	Special:Random
Q135229657	Ahachino Shrine
Q135236640	Enumeration of 21
Q135236643	Enumeration of 23
Q135270415	Isonokami Co-enshrinement
Q135274477	Group of 22
Q135288221	Ohotoshino Shrine
Q135288413	The New International Encyclopædia/Shintō
Q135288499	The New International Encyclopædia/Japan
Q135288594	Itsunahimeno Shrine
Q135288774	Inashimono Shrine
Q135405803	Himukai Shrine
Q135419779	Shikinai Supershrine
Q135658911	English Romanization of Japanese
Q135783850	BS 4812:1972
Q135919429	website of Agency for Cultural Affairs
Q135922169	Q135922169
Q135932838	ALA-LC romanization of Japanese
Q136204043	IdRef corporation or conference record
Q136204045	Q136204045
Q136511631	Collier's New Encyclopedia (1921)/Japan
Q137248883	Shokan-sha
Q137357524	Noh stage, Yasaka Jinja
Q137361066	subjective expression of frequency
Q137421410	Q137421410
Q137640533	Kamo shrine
Q137863868	Meyer’s Universum, Einundzwanzigster Band
Q137864053	Japan
Q137988706	Category:Isonokami Shrine
Q138717185	disambiguation page
Q138824136	Q138824136
Q139676795	Q139676795
Q139816217	Seibidō's dictionary of linguistics (1st edition)
Q139986313	Nupedia wiki
Q140274352	Matsunoo Taisha Shinzōkan
Q140274367	Matsunoo Taisha Sake Museum
Q140317540	Tajihi no Ayako
Q140317573	Miwa no Yoshitane
Q140317590	Saichin
Q140329490	Q140329490
