Q17	Japan
Q328	English Wikipedia
Q1860	English
Q8447	French Wikipedia
Q29682	Sumiyoshi Shrine
Q30239	Chinese Wikipedia
Q31478	Ōchi district
Q31671	Ono district
Q32422	Hiraoka Shrine
Q39351	Samukawa district
Q44438	Mino district
Q44439	Toyota district
Q44611	Kawachi district
Q48183	German Wikipedia
Q48744	Samukawa Shrine
Q52048	Tsushima
Q60581	Tagata Shrine
Q63471	Omura Shrine
Q65320	Iwa Shrine
Q82799	name
Q84008	Hiroshima Gokoku Shrine
Q84028	Suwa Shrine
Q94317	Kikuchi Shrine
Q94760	Kotohira-gū
Q115768	Sendai Tōshō-gū
Q116140	Tado Taisha
Q131277	Gifu Prefecture
Q133753	Shiogama Shrine
Q135732	Ōagata Shrine
Q137707	Katō Shrine
Q167136	Kengun Shrine
Q167146	Fujisaki Hachimangū
Q172253	Amatsu Shrine
Q172382	Watatsu Shrine
Q172417	Kota Shrine
Q177837	Japanese Wikipedia
Q179461	religious text
Q188619	hierarchy
Q188712	Empire of Japan
Q191763	Itsukushima Shrine
Q195684	Yahiko Shrine
Q195714	Sasamuta Shrine
Q195715	Yusuhara Hachimangū
Q199699	Tsurumine Hachiman Shrine
Q211522	Sannō Shrine
Q216353	title
Q218813	Suwa taisha
Q218828	Togakushi Shrine
Q242803	Yasukuni Shrine
Q245731	Ōyamato Shrine
Q245734	Shitori Shrine
Q245830	Tottori Tōshō-gū
Q245834	Nawa Shrine
Q246370	Niukawakami Shrine
Q246447	Ube Shrine
Q246455	Tatsuta Shrine
Q246463	Kamochi Shrine
Q246469	Wakasa Shrine
Q246479	Ikoma Shrine
Q246667	Hakuto Shrine
Q251156	Tōzan Shrine
Q251160	Ōgamiyama Shrine
Q251682	Yūtoku Inari Shrine
Q259705	Higo Province
Q266830	Noma district
Q276779	Kifune Shrine
Q276781	Umenomiya Taisha
Q276831	Mitami Shrine
Q278828	Suzuka district
Q283483	Kanō Tenmangū
Q287165	Meiji Jingū
Q288248	Tokorozawa Shinmei Shrine
Q288312	Kumano Shrine
Q289250	Shinano Province
Q335606	Yushima Tenmangū
Q335612	Nezu Shrine
Q335618	Kumano Hayatama Taisha
Q372380	Katori Jingū
Q376858	Otokuni district
Q384971	Oi district
Q385141	Heian Jingū
Q385402	Ōmi district
Q385407	Ōmi Jingū
Q385793	Ōsaka Tenmangū
Q402091	Taga Taisha
Q402368	Takeda Shrine
Q403338	Takebe taisha
Q421597	Okuni Shrine (Mori)
Q464291	Kamiyuge Shrine
Q482062	Atsumi district
Q482065	Atsuta Jingū
Q488618	Tanzan Shrine
Q488935	Chōsen Jingū
Q498698	Mekari Shrine
Q500368	Shizuoka Sengen Shrine
Q500413	Akihasan Hongū Akiha Shrine
Q500763	Kibitsuhiko Shrine
Q500955	Imamiya Shrine
Q501266	Nonomiya Shrine
Q513737	Hyūga Province
Q514506	Owari Province
Q521316	Fuwa district
Q521319	Takekoma Inari Shrine
Q522936	Hazu district
Q524158	kami
Q531886	Kitami Province
Q545397	Mita Hachiman Shrine
Q546197	Ōmiwa Shrine
Q552687	Aichi district
Q564302	Tamasaki Shrine
Q582846	Izumo Province
Q583589	Ujigami Shrine
Q607770	Kushiro Province
Q611108	Washinomiya Shrine
Q611460	Izusan Shrine
Q611678	Ōkunitama Shrine
Q631373	Kashii-gū
Q650253	Takamahiko Shrine
Q650772	Mishima Taisha
Q653180	Fujisan Hongū Sengen Taisha
Q654417	Tomioka Hachiman Shrine
Q656451	Hiyoshi Taisha
Q661395	Nagata Shrine
Q662176	Kitano Tenmangū
Q666514	Echigo Province
Q667475	Satsuma Province
Q670049	Asakusa Shrine
Q674313	Shinmeisha Shrine
Q677245	Inba district
Q685886	Ama district
Q687168	Ise Jingū
Q692714	Yasaka Shrine
Q696362	Izumo Taisha
Q696641	Nikkō Tōshō-gū
Q698078	Ana Hachimangū
Q700448	Kamigamo Shrine
Q701403	Tsurugaoka Hachimangū
Q701414	Inaba Shrine
Q701620	Shimogamo Shrine
Q701927	Futarasan Shrine
Q702042	Hie Shrine
Q703633	Hikawa Shrine
Q703904	Oyamazumi Shrine
Q704219	Terukuni Shrine
Q704430	Udo Jingū
Q704622	Kirishima Jingū
Q704636	Naminoue Shrine
Q704686	Miyazaki Jingū
Q704695	Kagoshima Jingū
Q704702	Shirayama Hime Shrine
Q704855	Hōkoku Shrine
Q704865	Hida Ichinomiya Minashi Shrine
Q704876	Kasama Inari Shrine
Q704890	Tosa Shrine
Q704898	Hōfu Tenmangū
Q704962	Munakata Taisha
Q704967	Nangū Taisha
Q705035	Kumano Hongū Taisha
Q705121	Minase Jingū
Q705126	Kono Shrine
Q705136	Tsushima Shrine
Q705151	Ōtori Taisha
Q705154	Niutsuhime Shrine
Q705281	Hirose Shrine
Q705297	Nishinomiya Shrine
Q705303	Shirahige Shrine
Q705310	Hakone Shrine
Q705542	Ōmiwa Shrine
Q705547	Awa Shrine
Q705635	Shiramine Jingū
Q705916	Masumida Shrine
Q705949	Sumiyoshi Taisha
Q706499	Kashima Jingū
Q708550	Ueno Tōshō-gū
Q708859	Isonokami Jingū
Q708921	Taiwan Grand Shrine
Q709822	Toyokuni Shrine
Q710086	Ikuta Shrine
Q710098	Iwashimizu Hachimangū
Q710302	Matsunoo Taisha
Q710333	Kashihara Jingū
Q710351	Kamakura-gū
Q710359	Kumano Nachi Taisha
Q710786	Dazaifu Tenmangū
Q710826	Hokkaidō Jingū
Q712162	Kunōzan Tōshō-gū
Q712617	Akama Jingū
Q712824	Kibitsu Shrine
Q712958	Nan'yō Shrine
Q713021	Atago Shrine
Q713177	Yoshida Shrine
Q713188	Minatogawa Shrine
Q714559	Kasuga-taisha
Q714742	Hakozaki Shrine
Q714828	Fushimi Inari-taisha
Q715632	Usa Jingū
Q715639	Aso Shrine
Q715647	Kōra Taisha
Q717682	Kanda-myōjin
Q723417	Ōasahiko Shrine
Q726661	Hanishina district
Q733727	Semboku district
Q738971	Hirano Shrine
Q749276	Yamashiro Province
Q766445	Okinawa Prefecture
Q767312	Chita district
Q768158	Mikawa Province
Q780284	Katori district
Q780420	Nakashima district
Q787290	Nukata district
Q812767	Shinto
Q843882	Ōmi Province
Q845945	Shinto shrine
Q857330	Tosa Province
Q858076	Kai Province
Q860928	Izu Province
Q864053	Kii Province
Q864148	Bungo Province
Q864156	Mino Province
Q864159	Chikugo Province
Q864163	Settsu Province
Q864166	Ise Province
Q864170	Suruga Province
Q865650	Ōhara district
Q865839	Kushida Shrine
Q870911	Gifu Gokoku Shrine
Q871375	Iwakiyama Shrine
Q874428	Ōsaki Hachimangū
Q876032	Dewa Province
Q888184	Hinokuma Jingū
Q906899	Etchū Province
Q906926	Hizen Province
Q907382	Nagato Province
Q907389	Mutsu Province
Q907398	Musashi Province
Q907457	Awa Province
Q907469	Kaga Province
Q907495	Yamato Province
Q907829	Iyo Province
Q924766	Hoi district
Q924940	Umi Hachimangū
Q929682	Sanuki Province
Q931658	Gamo district
Q936036	Mimasaka Province
Q938038	Kodama district
Q940481	Aso district
Q954511	Tamba Province
Q961396	Toyokuni Shrine
Q961511	Kamo district
Q965029	Aki Province
Q981002	Ōsumi Province
Q988501	Ihara district
Q998709	Oyama Shrine
Q1006139	Uma district
Q1032507	Haguri district
Q1040184	Ezo
Q1042045	Kanzaki district
Q1042053	Kawabe district
Q1042060	Sayo district
Q1042066	Kako district
Q1042141	Ako district
Q1042150	Ibo district
Q1042243	Taka district
Q1042353	Ika district
Q1042360	Taki district
Q1042370	Hamana district
Q1042808	Kumage district
Q1043795	Izumi district
Q1043858	Hayami district
Q1043870	Soo district
Q1047117	Izumi Province
Q1047128	Iga Province
Q1047134	Buzen Province
Q1047144	Echizen Province
Q1047150	Kawachi Province
Q1047514	Bitchū Province
Q1047523	Harima Province
Q1047664	Chikuzen Province
Q1047671	Noto Province
Q1048864	Tōtōmi Province
Q1049113	Bingo Province
Q1049340	Saga district
Q1052938	Iki Province
Q1053037	Suō Province
Q1053044	Awa Province
Q1053688	Bizen Province
Q1053695	Shimōsa Province
Q1053699	Shimotsuke Province
Q1053703	Hōki Province
Q1053709	Iwami Province
Q1053713	Wakasa Province
Q1053717	Awaji Province
Q1053722	Shima Province
Q1053727	Tajima Province
Q1053732	Sagami Province
Q1054331	Tango Province
Q1054338	Inaba Province
Q1054838	Kōzuke Province
Q1054861	Tsushima Province
Q1055353	Hitachi Province
Q1055394	Kazusa Province
Q1056535	Hida Province
Q1062968	Naka district
Q1063829	Oki Province
Q1063844	Sado Province
Q1064306	Oshima Province
Q1072595	Chiisagata district
Q1075196	Osato district
Q1075201	Hiki district
Q1075212	Kuji district
Q1076972	Kuse district
Q1076986	Kanra district
Q1078639	Yosa district
Q1078679	Funai district
Q1093809	Naga district
Q1117901	Takaichi district
Q1119478	Katsuura district
Q1130739	Yamabe district
Q1130942	Kahoku district
Q1130953	Hakui district
Q1130973	Nomi district
Q1130983	Mie district
Q1131032	Watarai district
Q1131097	Echi district
Q1131103	Inukami district
Q1131181	Arida district
Q1131309	Ito district
Q1131315	Uda district
Q1131489	Kuwana district
Q1131499	Inabe district
Q1131751	Miyagi district
Q1131765	Watari district
Q1131771	Katta district
Q1131782	Kurokawa district
Q1131788	Shibata district
Q1131814	Oda district
Q1131876	Isawa district
Q1131906	Kesen district
Q1131921	Oshika district
Q1132017	Miyazaki district
Q1132123	Nagaoka district
Q1132134	Tosa district
Q1132141	Agawa district
Q1132169	Koyu district
Q1132241	Hata district
Q1132266	Aki district
Q1132375	Tamana district
Q1137365	entrance
Q1142552	historical kana orthography
Q1145581	Chichibu district
Q1151168	Rikkokushi
Q1153597	Awa district
Q1153801	Iruma district
Q1154558	Yoshino district
Q1154565	Yuki district
Q1154661	Soraku district
Q1154678	Tsuzuki district
Q1154841	Tagata district
Q1154962	Fuji district
Q1155124	Iwafune district
Q1155247	Sera district
Q1155355	Wake district
Q1155531	Igu district
Q1155548	Ishikawa district
Q1155567	Santō district
Q1155592	Akumi district
Q1155600	Kami district
Q1155934	Kagawa district
Q1156025	Itano district
Q1156353	Tagawa district
Q1156492	Naka district
Q1156496	Mima district
Q1192087	Haga district
Q1192262	Rikuchū Province
Q1197248	State Shinto
Q1202540	Ashigarakami district
Q1202776	Koza district
Q1202818	Aiko district
Q1203336	Haibara district
Q1203347	Nasu district
Q1204320	Anpachi district
Q1204530	Imadate district
Q1204551	Nyu district
Q1204696	Nita district
Q1205009	Ochi district
Q1205228	Yama district
Q1205501	Shuchi district
Q1206294	Kasuya district
Q1206427	Iyo district
Q1206502	Ochi district
Q1211272	signage
Q1278470	Ebara district
Q1306606	Kamo Shrine
Q1342448	Engishiki
Q1346952	Yaotsu
Q1347719	Niwa district
Q1348656	Kamo district
Q1349339	Iishi district
Q1351074	Aki district
Q1352523	Mikata district
Q1384780	Tōgō Shrine
Q1442984	hokora
Q1466105	Hirota Shrine
Q1515027	Onsen district
Q1619446	Hinomisaki Shrine
Q2264720	Jingi-kan
Q2324302	Seta district
Q2341285	Mino district
Q2402717	Nohi Gokoku Shrine
Q2572881	modern kana usage
Q2841005	Amanawa Shinmei Shrine
Q2841102	Amanoiwato Shrine
Q2857954	Aoba Shrine
Q2857960	Aoi Aso Shrine
Q2857985	Aoshima Shrine
Q2859485	Aramatsuri-no-miya
Q2868748	Atago Shrine
Q2963366	Chichibu Shrine
Q3030924	Ena district
Q3046830	Ebetsu Shrine
Q3047222	Eda Shrine
Q3049117	Egara Tenjinsha Shrine
Q3082076	Tenson Shrine
Q3090605	Fujishiro Ōji Shrine
Q3090870	Ōhi Shrine
Q3109957	Gokiso Hachiman-gū
Q3126680	Hanazono Shrine
Q3128007	Haruna Shrine
Q3128320	Hachiman Shrine
Q3135218	Hida Gokoku Shrine
Q3135503	Hikawa Shrine
Q3136198	Hirasaki Shrine
Q3140133	Honjō Shrine
Q3148421	Ikime Shrine
Q3149767	Inabane Ōji Shrine
Q3155126	Isaniwa Shrine
Q3155136	Isasumi Shrine
Q3155997	Itsukushima Shrine
Q3156394	Iwamizawa Shrine
Q3156511	Izushi Shrine
Q3192477	Kamosu Shrine
Q3192663	Kanbashira-gū
Q3193657	Kasai Shrine
Q3194327	Kawahara Shrine, Nagoya
Q3195151	Kenkun Shrine
Q3195586	Keta Wakamiya Shrine
Q3197197	Kinpu Shrine
Q3197362	Kirime Ōji Shrine
Q3198277	Kogane Shrine
Q3199052	Koshikiiwa Shrine
Q3199142	Kota Shrine
Q3199184	Kotohiki Hachimangū
Q3200625	Kurume Suitengū
Q3200650	Kushifuru Shrine
Q3201026	Kyoto Ryōzen-Gokoku Shrine
Q3205778	Nakata district
Q3205811	Oe district
Q3270651	Ōtori district
Q3304192	Mefu Shrine
Q3313076	Miho Shrine
Q3313142	Mikado Shrine
Q3317243	Miwa Shrine
Q3317296	Miyajidake Shrine
Q3335060	Nagara Tenjin Shrine
Q3335115	Nagoya Shrine
Q3335117	Nagoya Tōshō-gū
Q3335477	Namiyoke Inari Shrine
Q3342145	Nishina Shinmei Shrine
Q3342246	Niukanshōfu Shrine
Q3342690	Nogi Shrine
Q3356369	Orihime Shrine
Q3439900	Rokusho Shrine
Q3461072	Sada Shrine
Q3471781	list of Jingū
Q3472357	Sano Shrine
Q3473746	Saruka Shrine
Q3503320	Suitengū
Q3513683	Tada Shrine
Q3514126	Takachiho Shrine
Q3514339	Takijiri Ōji Shrine
Q3514709	Tamatsukuri Inari Shrine
Q3517214	Tejikarao Shrine
Q3529714	Yoshino Mikumari Shrine
Q3530344	Toga Shrine
Q3530470	Tokiwa Shrine
Q3541617	Tsubaki Grand Shrine
Q3541658	Tsuma Shrine
Q3541675	Tsuno Shrine
Q3547609	Ubagami Daijin-gū shrine
Q3547711	Uda Mikumari Shrine
Q3571285	Yaegaki Shrine
Q3571318	Yabo Tenmangū
Q3571342	Yaizu Shrine
Q3572667	Yoshimizu Shrine
Q3574291	Yōrō Shrine
Q3594020	Ōharano Shrine
Q3594036	Ōmiya Hachiman Shrine
Q3594054	Ōta Shrine
Q3695082	sign
Q3698846	Onbashira
Q3791906	Takase Shrine
Q3936229	Taichung Shrine
Q4167410	Wikimedia disambiguation page
Q4167836	Wikimedia category
Q4227244	Kōka district
Q4666382	Abe district
Q4696584	Aichi Gokoku Shrine
Q4740432	Amata district
Q4803324	Asago district
Q4803406	Asai district
Q4811958	Asuwa district
Q4829634	Awa district
Q4832118	Azai district
Q4837690	BabelNet
Q5095301	Chiba district
Q5097503	Chikuma district
Q5364460	Nose district
Q5367406	Kasugayama Primeval Forest
Q5368803	Hekikai district
Q5380885	Enuma district
Q5396738	Esashi district
Q5507254	Fugeshi district
Q5507355	Fuji Sengen Shrine, Nagoya
Q5617131	Gunma district
Q5760344	Hikami district
Q5768935	Hiraka district
Q5973791	Matsura district
Q6004195	Imizu district
Q6100753	Iwata district
Q6370171	Karenkō Shrine
Q6373931	Kasa district
Q6374307	Kashima district
Q6380771	Kazahaya district
Q6404042	Kibitsu Shrine
Q6414199	Kinosaki district
Q6426482	Kojima district
Q6446017	Kurihara district
Q6446084	Kurita district
Q6455248	Kōnu district
Q6540880	Gokōnomiya Shrine
Q6587276	Musashi Mitake Shrine
Q6738588	Makabe district
Q6845252	Mihara district
Q6868901	Minō district
Q6883192	Mitsugi district
Q6902060	Monou district
Q6935606	Munakata district
Q6936905	Taiwan Gokoku Shrine
Q6938811	Muro district
Q6939220	Shōka Shrine
Q6958481	Nagao Shrine
Q6960105	Naka district
Q6964536	Naoiri district
Q6980219	Natori district
Q6987940	Nei district
Q7007362	Awashima Shrine
Q7047488	Nogi district
Q7069042	Numakuma district
Q7082713	Oku district
Q7095206	Onyū district
Q7137401	Miyagawa Tadaoki
Q7395781	Saba district
Q7398293	Saeki district
Q7402764	Sakai district
Q7402853	Sakata district
Q7403130	Saku district
Q7423207	Sarashina district
Q7496121	Shida district
Q7496289	Shiga district
Q7496534	Shikama district
Q7499122	Shisō district
Q7553491	Soekami district
Q7651143	Suzu district
Q7667621	Sōsa district
Q7680960	Tamatsukuri District
Q7684357	Taoyuan Shrine
Q7725634	literary work
Q7830939	Toyoura district
Q7850069	Tsukiji Shrine
Q7850092	Tsukuba district
Q7850141	Tsuna district
Q7850232	Tsuno district
Q7901661	Usa district
Q8010918	Koxinga's Shrine
Q8047593	Yamada district
Q8049933	Yasu district
Q8081521	Ōita district
Q8081656	Ōno district
Q8192347	Shitsuki district
Q8192583	Yoshiki district
Q8192952	Kanzaki district
Q8193082	Nima district
Q8567049	Category:Jingū
Q8976949	Category:Ichinomiya
Q9507168	Twenty-Two Shrines
Q9540709	Category:Bekkaku Kanpeisha
Q9540732	Category:Beppyo shrines
Q9540901	Category:Shikinaisha in Mikawa Province
Q9543188	Category:Shikinaisha in Kazusa Province
Q9543387	Category:Shikinaisha in Kōzuke Province
Q9543692	Category:Shikinaisha in Shimōsa Province
Q9543731	Category:Shikinaisha in Shimotsuke Province
Q9550123	Category:Chokusaisha
Q9551091	Category:Shikinaisha in Tango Province
Q9551134	Category:Shikinaisha in Tanba Province
Q9563634	Category:Shikinaisha in Iyo Province
Q9563778	Category:Shikinaisha in Ise Province
Q9564254	Category:Shikinaisha in Izu Province
Q9564390	Category:Shikinaisha in Iga Province
Q9564903	Category:Shikinaisha in Hōki Province
Q9564980	Category:Shikinaisha in Tajima Province
Q9565883	Category:Shikinaisha in Sado Province
Q9567719	Category:Shikinaisha in Shinano Province
Q9568451	Category:Shikinaisha in Bitchū Province
Q9568470	Category:Shikinaisha in Bizen Province
Q9568487	Category:Shikinaisha in Bingo Province
Q9575983	Category:Shikinaisha in Dewa Province
Q9576036	Category:Shikinaisha in Izumo Province
Q9578530	Category:Shikinaisha in Kaga Province
Q9596022	Category:Myōjin Taisha
Q9596712	Category:Shikinaisha in Suo Province
Q9598066	Category:Shikinaisha in Izumi Province
Q9600351	Category:Shikinaisha in Inaba Province
Q9600677	Category:Kokushi genzaisha
Q9600896	Category:Kokuhei Chūsha
Q9600900	Category:Kokuhei Taisha
Q9600906	Category:Kokuhei Shōsha
Q9602616	Category:Shikinaisha in Tosa Province
Q9607557	Category:Shikinaisha in Iki Island
Q9610759	Category:Shikinaisha in Yamato Province
Q9613814	Category:Taisha
Q9616530	Category:Shikinaisha in Ōsumi Province
Q9623234	Category:Shikinaisha in Awa Province (Chiba)
Q9623369	Category:Shikinaisha in Aki Province
Q9623982	Category:Kanpei Chūsha
Q9623992	Category:Kanpei Taisha
Q9623999	Category:Kanpei Shōsha
Q9625679	Category:Shikinaisha in the Imperial Palace
Q9629863	Category:Shikinaisha in Tsushima
Q9632445	Category:Shikinaisha in Owari Province
Q9633685	Category:Shikinaisha in Yamashiro Province
Q9642276	Category:Shikinaisha in Hitachi Province
Q9646117	Category:Fuken-sha
Q9646923	Category:Shikinai Taisha
Q9646930	Category:Shikinai Shosha
Q9646940	Category:Shikinaisha
Q9646951	Category:Shikigesha
Q9649851	Category:Shikinaisha in Shima Province
Q9655939	Category:Shikinaisha in Settsu Province
Q9656021	Category:Shikinaisha in Harima Province
Q9661284	Category:Shikinaisha in Hyūga Province
Q9689671	Category:Son-sha
Q10090667	Category:Shikinaisha in Musashi Province
Q10119327	Category:Shikinaisha in Kawachi Province
Q10138763	Category:Shikinaisha in Awaji Province
Q10159526	Category:Unranked shrines
Q10190364	Category:Shikinaisha in Kai Province
Q10200159	Category:Shikinaisha in Sagami Province
Q10209549	Category:Shikinaisha in Iwami Province
Q10248848	Category:Shikinaisha in Chikuzen Province
Q10248992	Category:Shikinaisha in Chikugo Province
Q10253555	Category:Shikinaisha in Kii Province
Q10444029	shrine rank
Q10815051	Category:Sōja shrines
Q10855012	Kasuga Shrine
Q10855232	Keijō Shrine
Q10855289	Koma Shrine
Q10856403	Takateru Shrine
Q10863796	Ichinomiya Nukisaki Shrine
Q10865240	Mikami district
Q10866143	Miki district
Q10866228	Miyoshi district
Q10866905	Mitani district
Q10867299	Kamihabu district
Q10867428	Jōza district
Q10867478	Uesugi Shrine
Q10868208	Kamiagata district
Q10868278	Jōtō district
Q10868527	Geza district
Q10868678	Shimoagata district
Q10868734	Katō district
Q10870274	Higashinari district
Q10877366	Niukawakami Shrine Kamisha
Q10877367	Niukawakami Shrine Shimosha
Q10877702	Kume district
Q10884977	Izanagi Jingū
Q10885171	Izawa-no-miya
Q10885872	Sumiyoshi district
Q10885893	Sakuma Shrine
Q10891572	Jeonju Shrine
Q10891905	Yagami district
Q10893844	Kantō Jingū
Q10896675	Izumo-daijingū
Q10896679	Izumo district
Q10920245	Suki district
Q10921793	Hamhung Shrine
Q10921834	Honji district
Q10924131	Kagi Shrine
Q10925104	Shijōnawate Shrine
Q10927608	Tosa Kokubun-ji Temple
Q10928586	Ikasuri no Kami
Q10930388	Kii district
Q10931631	Iki district
Q10932605	Tado district
Q10933275	Yasu district
Q10934922	Ōmiya Hachiman Shrine
Q10935393	Ōba district
Q10946235	Uji district
Q10946254	Utsunomiya Futarayama Shrine
Q10946986	Ano district
Q10947253	Yasuna district
Q10949111	Yilan Shrine
Q10961321	Suda Hachiman Shrine
Q10965808	Shimakami district
Q10968332	Nishinari district
Q10969511	Category:Modern system of ranked Shinto shrines
Q10976940	Shimashimo district
Q10981345	Otagi district
Q10982247	Izumi district
Q11048799	Okayama Shrine
Q11048806	Okayama Shrine
Q11049025	Iwai district
Q11049290	Iwaya Shrine
Q11052337	Shimane district
Q11071138	Mii district
Q11071146	Mihara district
Q11071211	Mikasa district
Q11071226	Mino district
Q11072672	Ito district
Q11073095	Ikisu Shrine
Q11073469	Eso district
Q11073594	Ou district
Q11082347	Nii district
Q11084040	Hsinchu Shrine
Q11091827	Aimi district
Q11112846	Kuwabara district
Q11113058	Kuwamura district
Q11120028	Tatenui district
Q11124582	Category:Gō-sha
Q11129340	Keta Shrine
Q11129342	Keta district
Q11129346	Kehi Jingū
Q11139392	Okinawa Shrine
Q11142103	Kawamura district
Q11143673	Hōmi district
Q11146513	Tsudaka district
Q11151384	Amabe district
Q11153319	Fukatsu district
Q11173679	Chōkaisan Ōmonoimi Shrine
Q11173974	Utari district
Q11180716	Ryūtōsan Shrine
Q11239221	Matsue Gokoku Shrine
Q11242385	Miyoshino Shrine
Q11246131	Fuyo Jingū
Q11259219	Enoshima Shrine
Q11261436	Ogami Shrine
Q11275441	Hajikami Shrine
Q11282543	Furogu Shrine
Q11352355	Ichinomiya Shrine Yokohama
Q11352356	Ichinomiya Shrine
Q11352589	Ichinomiya Sengen Shrine
Q11352598	Ichinomiya Shrine
Q11352599	Ikku Shrine
Q11352600	Ichinomiya Shrine
Q11352601	Ikkyuu Shrine
Q11352893	Ichijo Shrine
Q11353282	Ichisuka Shrine
Q11353526	Nanakura Shrine
Q11353655	Shichihyaku Yosho Shrine
Q11353675	Shitsumi district
Q11354048	Sannomiya Shrine
Q11354358	Sandaiō Shrine
Q11354441	Sankō Inari Shrine
Q11354610	Miyoshi Shrine (Sapporo City)
Q11354664	Miwa Shrine
Q11354683	Misaki Inari Shrine
Q11354713	Mimeguri Shrine
Q11354793	Mikuni Shrine
Q11354833	Sandai Shrine
Q11354999	Miyake Hachimangū
Q11355073	Miyake Shrine
Q11355152	Sannomiya Shrine
Q11355207	Mitsumine Shrine
Q11355276	Mishima Shrine
Q11355277	Mishima Shrine
Q11355278	Mishima Shrine
Q11355280	Mitsushima Shrine
Q11355295	Mishima-Kamo Shrine
Q11356190	List of Shikinaisha in Mikawa Province
Q11356651	Mikumano Shrine
Q11356652	Mikumano Shrine
Q11356840	Mitsuishi Shrine
Q11356851	Sanja Shrine (Osaka)
Q11356937	Sangasugawara Shrine
Q11357253	Sanya Hachiman Shrine
Q11357405	Miwa Shrine
Q11357406	Miwa Shrine
Q11357407	Miwa Shrine
Q11357857	Mie Gokoku Shrine
Q11358370	Kaminoshima-Shinmei Shrine
Q11358379	Kamiichinomiya Ōawa Shrine
Q11358693	Kōsaka Shrine
Q11358789	Jōgū Tenmangū
Q11358960	Kamikawa Shrine
Q11359018	Kamigoryō Shrine
Q11359060	Kamishinden Tenjinsha
Q11359993	Hebikubo Shrine
Q11360032	List of Shikinaisha in Kazusa Province
Q11360119	Kamikoso Shrine
Q11360308	List of Shikinaisha in Kōzuke Province
Q11360309	Kōzuke-no-kuni Issha Hachimangū
Q11360548	Kamitakano Shrine
Q11360668	Shimohara-hachiman Shrine
Q11360748	Shimomasuda Shrine
Q11360904	Shimogoryō Shrine
Q11361253	Shimoshinmei Tenso Shrine
Q11361262	Shimotate Matsubara Shrine
Q11361283	List of Shikinaisha in Shimōsa Province
Q11361339	Shitaya Shrine
Q11361380	List of Shikinaisha in Shimotsuke Province
Q11361494	Shimodate Haguro Shrine
Q11361507	Shimotakaido Hamadayama Hachiman Shrine
Q11361528	Shimoshiotsu Shrine
Q11361819	Fuba-hachimangu
Q11362061	Setagaya Hachimangū
Q11362533	Serada Tōshō-gū
Q11362873	Nakanotake Shrine
Q11362944	Nakai Shrine
Q11364245	Nakayama Shrine
Q11364246	Nakayama Shrine
Q11364247	Nakayama Shrine
Q11364249	Nakayama Shrine
Q11364503	Nakajima-so Shrine
Q11364695	Nakashima Shrine
Q11364903	Nakagawakumano Shrine
Q11364920	Nakagawa Shrine
Q11365871	Nakamura Shrine
Q11366290	Nakashibetsu Shrine
Q11366320	Naka-Hikawa Shrine
Q11366632	Nakaōji Shrine
Q11367236	Naka district
Q11367549	Nakano Tenman Shrine
Q11367983	Marunouchi Warei Shrine
Q11368122	Maruo Shrine
Q11368256	Maruyama Shrine (Oita)
Q11368516	List of Shikinaisha in Tango Province
Q11368529	Inari Shrine (Misato)
Q11368538	Tajihinokōri district
Q11368560	List of Shikinaisha in Tanba Province
Q11368606	Nyuu Shrine
Q11368810	Nogita Shrine
Q11368831	Nogi Shrine
Q11368832	Nogi Shrine
Q11368833	Nogi Shrine
Q11368886	Kuge Inari Shrine
Q11368919	Kukumiohiko Shrine
Q11368920	Kukuhi Shrine
Q11368930	Hisaizu Shrine
Q11368944	Kusanagi Shrine
Q11369003	Kuboichi Ototsurugigū
Q11369149	Kubo Shrine
Q11369362	Kugayama Inari Shrine
Q11369376	Kuga Shrine
Q11369462	Kuzu-hachimangū
Q11369563	Kure-hachimangu
Q11369609	Kume no Miagata Shrine
Q11369798	Oka Shrine
Q11369800	Omi Shrine
Q11369925	Otomiya Shrine
Q11369926	Otomiya Shrine
Q11370718	Kamenomori-sumiyoshi Shrine
Q11370831	Kameyama Hachimangū
Q11370833	Kameyama-hachimangū
Q11370879	Kameyama Shrine
Q11370927	Kameoka Shrine
Q11370953	Kameido Tenjinsha
Q11371126	Kotoshironushi Shrine
Q11371148	Kotonomama Hachimangū
Q11371267	Futagami-Imizu Shrine
Q11371508	Ninomiya Shrine
Q11371509	Ninomiya Shrine
Q11371510	Ninomiya Shrine
Q11371511	Ninomiya Shrine
Q11371572	Nisho Yamada Shrine
Q11371575	Futakata district
Q11371776	Futabayama Shrine
Q11372294	Gonomiya Shrine
Q11372414	Gosho Shrine
Q11372507	Gojyonomiya
Q11372578	Gosha Shrine
Q11372580	Gosha Shrine (Kasugai)
Q11372582	Gosha & Suwa Shrine
Q11372699	Gorō Shrine
Q11373321	Iinoya-gū
Q11373596	Ide Shrine
Q11373608	Io Shrine
Q11373756	Igusa Hachimangū
Q11373834	Watari Shrine
Q11374034	Katanoamatsukami-no-yashiro
Q11374054	Katano district
Q11376337	Nikabe Shrine
Q11376803	Imahorihiyoshi Shrine
Q11376859	Imamiya Ebisu Shrine
Q11376860	Imamiya Sengen Shrine
Q11376891	Imao Shrine
Q11376985	Imado Shrine
Q11377082	Imamura-gu
Q11377238	Imaizumi Yasaka Shrine
Q11377299	Imazu Hie Shrine
Q11377317	Imakumano Shrine
Q11378135	Senba Tōshō-gū
Q11378221	Yoyogi Hachimangū
Q11378800	Ikuhime Shrine
Q11378813	List of Shikinaisha in Iyo Province
Q11378828	Iyo Shrine
Q11378870	Isagu Shrine
Q11378883	Isachisa Shrine
Q11378911	Ikagashi Shrine
Q11378912	Ikanashi Shrine
Q11378955	Isehara Daijingu
Q11378969	Isemikoto Shrine
Q11378973	List of Shikinaisha in Ise Province
Q11378990	Iseyama Koutai-jingu
Q11379009	Isesaki Shrine
Q11379181	Ikohayawake-no-Mikoto Shrine
Q11379183	Ikonahime no Mikoto Shrine
Q11379248	Iwashizu Shrine
Q11379249	Iwatsuhime Shrine
Q11379270	Itahato Shrine
Q11379271	Itakiso Shrine
Q11379315	Inu Shrine
Q11379320	Ifuribe Shrine
Q11379321	Ibuki Shrine
Q11379322	Izanagi Shrine
Q11379323	Izanagi Shrine
Q11379324	Izanagi Shrine
Q11379325	Izawa Shrine
Q11379327	Ikota Shrine
Q11379329	Ikeda Shrine
Q11379343	Ikawadani Sōja
Q11379365	Izanagi Shrine
Q11379396	Isono Shrine
Q11379658	Iwanonishi Shrine
Q11379707	Ime Shrine & Hachimangu
Q11379712	Imibetsugu Shrine
Q11379739	Imari Shrine
Q11380543	Izusahime Shrine
Q11380552	List of Shikinaisha in Izu Province
Q11380618	Iyo Inari Shrine
Q11380620	Iyozuhiko-no-Mikoto Shrine
Q11380641	Iga Hachimangū
Q11380647	List of Shikinaisha in Iga Province
Q11380682	Iga district
Q11380845	Date Shrine
Q11380847	Itate Shrine
Q11380848	Idate Shrine
Q11380911	Ina district
Q11380920	Izanagi Shrine
Q11380928	Izuta Shrine
Q11381009	Isurugihiko Shrine
Q11381016	Ikagu Shrine
Q11381283	Aizu district
Q11381490	List of Shikinaisha in Hōki Province
Q11381529	Tomobayashiuji Shrine
Q11381626	List of Shikinaisha in Tajima Province
Q11381803	Otaue Shinto Service
Q11381815	Sumiyoshi-taisha Jindaiki
Q11381858	Sumiyoshi Shrine
Q11381860	Sumiyoshi Shrine
Q11381861	Sumiyoshi Shrine
Q11381862	Sumiyoshi Shrine
Q11381863	Sumiyoshi Shrine
Q11381864	Sumiyoshi Shrine
Q11381865	Sumiyoshi Shrine
Q11381866	Sumiyoshi Shrine
Q11381867	Sumiyoshi Shrine
Q11381868	Sumiyoshi Shrine
Q11381869	Sumiyoshi Shrine
Q11381870	Sumiyoshi Shrine, Kawachinagano
Q11381871	Sumiyoshi Shrine
Q11381872	Sumiyoshi Shrine
Q11381878	Sumiyoshi Angū
Q11382602	Sakuta Shrine
Q11382603	Sakunado Shrine
Q11382916	Sai district
Q11382929	Sakae-no-yashiro
Q11382936	Saho Shrine
Q11383014	Saeno Shrine
Q11383015	Sabi Shrine
Q11383089	Sawaragi Shrine
Q11383096	Saga Shrine
Q11383110	Sanabe Shrine
Q11383230	Sahimeyama Shrine
Q11383282	List of Shikinaisha in Sado Province
Q11384878	Saga Gokoku Shrine
Q11385111	Saya district
Q11385133	Saka Shrine
Q11385140	Samatado Shrine
Q11385240	Ikaruga district
Q11385386	Sakura Shrine
Q11385699	Horowasan Haushiwake Shrine
Q11386029	Shinodanomori Kuzunoha Inari Shrine
Q11386034	Shida district
Q11386050	Shinobu district
Q11386164	List of Shikinaisha in Shinano Province
Q11386178	Shinano-shōkonsha
Q11387030	Heka-Kasuga Shrine
Q11387089	Shidori Shrine
Q11387216	Takeminakata & Minomikotohikokamiwake Shrine
Q11387218	Takeminakatatomi-no-Mikoto Hikokamiwake Shrine
Q11387225	Takeda Suga Shrine
Q11387238	Tatehaya Shrine (Takashima)
Q11387252	Sobataka Shrine
Q11387310	List of Shikinaisha in Bitchū Province
Q11387322	List of Shikinaisha in Bizen Province
Q11387324	Bizen-no-Kuni Sōjagū
Q11387367	List of Shikinaisha in Bingo Province
Q11387373	Bingo Gokoku Shrine
Q11388071	Motogō Hikawa Shrine
Q11388371	Gwangju Shrine
Q11388585	Terumo Shrine
Q11388642	Chigonokuchi-sha
Q11388747	Kodama Shrine (Shunan City)
Q11388748	Kodama Shrine
Q11388891	Iriyamase Sengen Shrine
Q11390512	Yatsushiro-gū
Q11390558	Yatsushiro Shrine
Q11390569	Yatsushiro district
Q11390577	Yakurahime Shrine
Q11390592	Yatsurugi Shrine (Ginan)
Q11390596	Yatsurugi Shrine
Q11390599	Yatsurugi Hachiman Shrine
Q11390601	Hakken Shrine
Q11390675	Yana district
Q11390679	Yatagarasu Shrine
Q11390695	Yasaka Shrine
Q11390696	Yasaka Shrine
Q11390697	Yasaka Shrine
Q11390698	Yasaka Shrine (Iki)
Q11390699	Yasaka Shrine
Q11390700	Osaka Yasaka Shrine
Q11390704	Yasaka Shrine
Q11390705	Kuma Yasaka Shrine
Q11390706	Yasaka Shrine
Q11390707	Yasaka Shrine
Q11390708	Usuki Yasaka Shrine
Q11390709	Yasaka Shrine
Q11390711	Yasaka Shrine
Q11390855	Yao Shrine
Q11390921	Hachiman-Yagumo Shrine
Q11390936	Hachiman Daijinja
Q11390937	Hachiman Daijinja
Q11390944	Hachimangū Kinomiya Shrine
Q11391001	Hachiman Asami Shrine
Q11391057	Hachiman‑sha
Q11391063	Hachiman Shrine
Q11391064	Hachiman Shrine (Kahoku)
Q11391065	Hachiman Shrine
Q11391067	Sakamoto Shrine & Hachimangu
Q11391068	Hachiman Shrine
Q11391070	Hachiman Shrine (Kakamigahara)
Q11391072	Hachiman Shrine
Q11391073	Sunomata Hachiman Shrine
Q11391075	Hachiman Shrine
Q11391076	Daianji-Hachiman Shrine (Nara)
Q11391077	Hachiman Shrine
Q11391078	Hachiman Shrine
Q11391079	Hachiman Shrine (Tokushima City)
Q11391080	Hachiman Shrine (Sugito)
Q11391081	Hachiman Shrine
Q11391082	Nishikubo Hachiman Jinja
Q11391083	Hachiman Shrine
Q11391084	Hatonomori Hachiman Jinja
Q11391085	Hachiman Shrine
Q11391087	Hachiman Shrine (mino)
Q11391088	Hachiman Shrine (Kasamatsu)
Q11391089	Hachiman Shrine
Q11391090	Ogu Hachiman Shrine
Q11391091	Hachiman Shrine
Q11391093	Hachiman Shrine
Q11391094	Kamagaya Hachiman shrine
Q11391095	Hachiman Shrine (Nagaoka)
Q11391097	Hachiman Shrine
Q11391118	Hachiman Tsuruichi Shrine
Q11391120	Yagokorōoichihiko Shrine
Q11391497	Yakushi Shrine
Q11391619	Hachiōji Shrine
Q11391709	Hasshinden
Q11391769	Yatabe district
Q11391824	Yasaka Shrine
Q11391825	Yasaka Shrine
Q11391826	Mameda Yasaka Shrine
Q11391848	Yakumo Shrine (Yakumo)
Q11391850	Yagumo Shrine
Q11392062	Kuchi Shrine
Q11392320	Rokusonnō Shrine
Q11392351	Rokusho Shrine
Q11392352	Rokusho Shrine, Oiso
Q11392353	Rokusho Shrine (Toyota)
Q11392354	Rokusho Shrine
Q11392407	Rokujo Hachiman Shrine
Q11392423	Rokuden Shrine
Q11392468	Mukoyama Shrine
Q11392795	Hyōzu Taisha
Q11392796	Hyōzu Shrine
Q11393652	Himeji Gokoku Shrine
Q11393653	Hyogo Kobe Gokoku Shrine
Q11393842	Utsutsu Shrine
Q11394400	Uchi Shrine
Q11395049	Sakamine Shrine
Q11395054	Kanei Shrine
Q11395055	Kanmuri Inari Shrine
Q11395081	Fuji Omuro Sengen Shrine
Q11395685	Izumi Shrine
Q11395687	Izumi Shrine
Q11395767	Izushi district
Q11395784	List of Shikinaisha in Dewa Province
Q11395802	Dewa Shrine
Q11395853	List of Shikinaisha in Izumo Province
Q11395952	Hakodate Hachiman Shrine
Q11396254	Kattamine Shrine
Q11396255	Kattamine Shrine
Q11396681	Bekku Ōyamazumi Shrine
Q11396682	Betsugū-hachimansha
Q11396790	Bessho Kotohira Shrine
Q11396924	Toshinaga Shrine
Q11396948	Tokari Shrine
Q11397050	Sakito Shrine
Q11397359	Sakitama Shrine
Q11397865	Sakitori Shrine
Q11397966	Soegawa Shrine
Q11397991	Tsurugi Shrine
Q11398386	Tsurugi Shrine (Echizen, Fukui)
Q11398387	Tsurugi Shrine (Nogata)
Q11398393	Rikishi Shrine
Q11398475	Kasado Shrine
Q11398477	Kasami Shrine
Q11398578	Kada Kasuga Shrine
Q11398661	Kamo Shrine
Q11398689	Kaji Shrine
Q11398694	Kabasan Saenazumi Shrine
Q11398697	Kabasan Shrine
Q11398753	Kanō Hachiman Shrine
Q11398800	Kashikuri Shrine
Q11398887	Kamo Shrine
Q11398902	Kamo district
Q11398904	Kamo district
Q11399659	List of Shikinaisha in Kaga Province
Q11399719	Kaka Shrine
Q11399720	Kaga Shrine (Tsubata)
Q11399932	chokusai
Q11400180	Shōri-Hachiman Shrine
Q11400187	Katsura Shrine
Q11400330	Katte Shrine
Q11400513	Katsube Shrine
Q11401286	Kitaguchi Hongū Fuji Sengen Shrine
Q11401505	Kitaoka Shrine
Q11401778	Hokutogū
Q11403068	Hokkaido Gokoku Shrine
Q11403863	Kitabatake Shrine
Q11403959	Kitadate Shrine
Q11404090	Kitaya Inari Shrine
Q11404272	Kitano Tenmangū (Kurume)
Q11404276	Kitano Tenjinsha
Q11404334	Kitakaname Shrine
Q11404351	Hokumon Shrine
Q11404772	Jūsansha Shrine
Q11404773	Jusan Shrine
Q11404815	Juuni Shrine
Q11404828	Jūgosha Shrine
Q11405029	Tōchi no Miagata Nimasu Shrine
Q11405036	Toichi district
Q11405077	Tōka-ebisu Shrine
Q11405353	Senju Shrine
Q11405387	Chikatsu Shrine (Kuki, Kamihayami)
Q11405388	Chikatsu Shrine (Kuki, Yoshiba)
Q11405390	Chikatsu Shrine (Kuki Honcho)
Q11405547	Chihaya Shrine
Q11405620	Chiriku Hachimangū
Q11405675	Chitose Shrine
Q11406700	Chiba Shrine
Q11406714	Chiba Gokoku Shrine
Q11407720	Nangū Otabi Shrine
Q11407881	Minamikata Shrine (Ibusuki)
Q11407882	Minami-kata Shrine
Q11407883	Minamikata Shrine
Q11408100	Nanshū Shrine
Q11408660	Nanto Kagami Shrine
Q11408695	Minaminagara
Q11409089	Ikishiro Shrine
Q11409129	Innyaku Shrine
Q11409326	Atsumi district
Q11409912	Harada Shrine
Q11410120	Izuhara Hachimangū Shrine
Q11410133	Itsukushima Shrine
Q11410134	Itsukushima Shrine
Q11410135	Itsukushima Shrine
Q11410136	Itsukushima Shrine
Q11410138	Itsukushima Shrine (Hagoromochō, Yokohama)
Q11410984	Koshiō Shrine
Q11411027	Komiya-hachimangū
Q11411239	Furuichi district
Q11411260	Koshi district
Q11411459	Furukuma Shrine
Q11411925	Taihoku Inari Shrine
Q11411931	Tainan Shrine
Q11412213	kanou Shrine
Q11412369	Kakami district
Q11412626	Yoshizumi Kumano Shrine
Q11412631	Kippo Hachiman Shrine
Q11412651	Kibitsuokakaraki Shrine
Q11412752	Yoshihime Shrine
Q11412946	Yoshikawa-hachimangū
Q11413129	Yoshimiko Shrine
Q11413133	Kishibe Shrine
Q11414032	Yoshida Shrine
Q11414206	Kisshoin Tenmangu
Q11414497	Yoshino Jingū
Q11415429	Nabari district
Q11415547	Nagusa district
Q11415986	Mukō Shrine
Q11416641	Azuma Shrine
Q11416958	List of Shikinaisha in Suo Province
Q11417025	Ajifu Shrine
Q11417035	Ajifu Shrine (Settsu)
Q11417040	Mashita-tenmangu
Q11417045	Ajima Shrine
Q11417191	Wagō Kasuga Shrine
Q11417736	Wake Shrine
Q11417778	List of Shikinaisha in Izumi Province
Q11417869	Wanikawa Shrine
Q11418084	Wada Shrine
Q11418170	Wachi Hachiman Shrine
Q11418237	Warei Shrine
Q11418296	Kanko Shrine
Q11418419	Shinagawa Shrine
Q11418537	Karasaki Shrine
Q11418605	Karasawayama Shrine
Q11418639	Karatsu Shrine
Q11418962	Utō Shrine
Q11419437	Kashō Shrine
Q11419625	Shijūkusho Shrine
Q11419882	Shisho Shrine (Tokushima)
Q11419885	Shisho Shrine
Q11420029	Yohashira Shrine
Q11420081	Shisha Shrine
Q11420142	Shikanjima Sumiyoshi Shrine
Q11420254	List of Shikinaisha in Inaba Province
Q11421178	Kokuō Shrine
Q11421179	Kunitamahiko Shrine
Q11421390	Kokuzō Shrine
Q11422739	Kunisazuchi Shrine
Q11422761	Kokuryō Shrine
Q11422896	Sono & Kara Shrines
Q11423010	List of Shikinaisha in Tosa Province
Q11423045	Tosa Inari Shrine
Q11423430	Tsuchizaki Shinmeisha
Q11424842	Sakashita Shrine
Q11425165	Sakate Shrine
Q11425350	Sakamoto Shrine
Q11425529	Sakata-shinmeigū
Q11425559	Sakahogi Shrine
Q11425667	Ikasuri Shrine
Q11425668	Zama Shrine (Daito City)
Q11425829	Tarumi Shrine
Q11425841	Suiyo Shrine
Q11426034	Jōnan-gū
Q11426120	Kiyama Shrine
Q11426287	Kinowa Shrine
Q11426348	Hanyū Shrine
Q11426350	Habu Shrine
Q11427145	Saitama Gokoku Shrine
Q11427160	Saitama district
Q11427180	Horinouchi Kumano Shrine
Q11427435	Horikawa Ebisu Shrine
Q11427801	Horikoshi Shrine
Q11427995	Tsutsumine Shrine
Q11428033	Hōtoku Ninomiya Shrine
Q11428502	Tsukamoto Shrine
Q11428677	Shioya Hachimangū
Q11428781	Enryū Shrine
Q11428793	Shioyuhiko Shrine
Q11428852	Shiogama Shrine (Yaita)
Q11428859	Shiogama Shrine
Q11428967	Shiogama Shrine
Q11429002	keidai
Q11429150	Zōninomiya
Q11429413	Sunomata Shrine
Q11429584	List of Shikinaisha in Iki Island
Q11429635	Iki Gokoku Shrine
Q11429659	Mefu Shrine
Q11429677	Tsuboi Hachimangū
Q11429969	Natsuyama Hachimangu
Q11430603	Takuhi Reshi Shrine
Q11430613	Takuzudama Shrine
Q11430618	Taki Shrine
Q11430645	Tawa Shrine
Q11430652	Oonimasumishiritsuhiko Shrine
Q11430658	Tanabata Shrine
Q11430665	Take Shrine
Q11430676	Tagi Shrine
Q11430753	Tamagawa Sengen Shrine
Q11430844	Taji Shrine
Q11430889	Tajihayahime Shrine
Q11430893	Tai Shrine
Q11430895	Taka Shrine
Q11431006	Taki district
Q11431050	Tagi district
Q11431075	Taka-no-miya
Q11431090	Taga Shrine
Q11431092	Taga Shrine
Q11431094	Taga Shrine
Q11431095	Taga Shrine
Q11431309	Yagi Shrine
Q11431328	Yatsugi Shrine
Q11431887	Okusa Hachimangu
Q11432135	Oimatakubo Hachiman Shrine
Q11432213	Ooi Shrine
Q11432214	Oi Shrine (Kyoto)
Q11432215	Oi Shrine
Q11432216	Oi Shrine (Shimada)
Q11432217	Oi Shrine
Q11432367	Ōsumi district
Q11432381	Ōyosami Shrine
Q11432652	Daibu Hachimangū
Q11433004	Oita Gokoku Shrine
Q11433065	Ōsaki Shrine
Q11433132	Ohara-hachimangu
Q11433137	Ooharaōmiya Shrine (Narashino)
Q11433427	List of Shikinaisha in Yamato Province
Q11433429	Yamato-Okunitama Shrine
Q11433513	Oowadasumiyoshi Shrine (Nishiyodogawa-ku)
Q11433665	Okunitama Shrine
Q11433666	Ookuninushi Shrine (Takashima)
Q11433670	Ōkunitama Shrine
Q11433686	Ōtokonushi Shrine
Q11433764	Ōgaki Hachiman Shrine
Q11434131	Ōshio Hachiman Shrine
Q11434132	Ōshio Tenmangū
Q11434413	Ōmiyame Shrine
Q11434437	Omiya-atsuta Shrine
Q11434445	Ōmiya Shrine
Q11434448	Oomiya Shrine (yamagashi)
Q11434449	Omiya Shrine
Q11434450	Ōmiya Shrine
Q11434451	Omiya Shrine
Q11434452	Oomiya Shrine (morioka)
Q11434453	Omiya Shrine
Q11434509	Ōtomi Shrine
Q11434526	Daishōgun Hachi Shrine
Q11434527	Daishōgun Shrine (Kita-ku, Kyoto)
Q11434556	Oyatsuhime Shrine
Q11434667	Ōyama Hakusan Shrine
Q11434672	Ooyamazumi Shrine
Q11434673	Oyamazumi Shrine
Q11434676	Oyama Shrine (Tomika)
Q11434677	Ooyama Shrine
Q11434713	Ōyama Afuri Shrine
Q11434948	Ōshima Inari Shrine
Q11435083	Ōarashi Tenjin Shrine
Q11435100	Ōshima & Okitsushima Shrine
Q11435126	Ōkawakami Birafu Shrine
Q11435192	Ōkawa Shrine
Q11435394	Ooba Shrine
Q11435419	Ōgata Shrine
Q11435424	Ōmiwa Shrine
Q11435435	Omike Shrine
Q11435531	Ōto Shrine
Q11435648	Dai Nippon Koku Ichinomiya Ki
Q11435950	Ōsugi Shrine
Q11436046	Oomura Shrine (Omura)
Q11436757	Ōtoshi Shrine
Q11436767	Ōke Shrine
Q11436783	Oominakami Shrine
Q11436790	Ōnamuchi Shrine
Q11436877	Ōe Shrine
Q11437230	Ōarai Isosaki Shrine
Q11437361	Otsu Shrine
Q11437362	Otsu Shrine (Hida)
Q11437478	Daikai Shrine
Q11437507	Ōshimizu Shrine
Q11437955	Ōta Shrine
Q11438052	Ōkimi Kijiso Shrine
Q11438107	Ōgata district
Q11438123	Oyada Shrine
Q11438318	Takeokami Shrine
Q11438336	Oomiwa Shrine
Q11438337	Oo Shrine
Q11438339	Omiwa Shrine
Q11438451	Ōsasahara Shrine
Q11438549	Oogo Shrine
Q11438610	Ōfune Shrine
Q11438675	Ōarahiko Shrine
Q11438676	Ōarahiko Shrine, Tomoyui Shrine
Q11438780	Ōtokoro Shrine
Q11438782	Omushi Shrine (Yosano)
Q11438783	Ōmushi Shrine (Echizen)
Q11438808	Ōhira Hachiman Shrine
Q11439397	Osake Shrine
Q11439410	Daegu Shrine
Q11439622	Ōno Hiyoshi Shrine
Q11439679	Ōnominato Shrine
Q11439718	Oono Shrine
Q11439757	Ōno district
Q11441628	Osaka Gokoku Shrine
Q11441745	List of Shikinaisha in Ōsumi Province
Q11441761	Ōsumi Shrine
Q11441871	Ōsuka-daijin
Q11441891	Tairyō Shrine
Q11441938	Ōma Shrine
Q11441957	Ōtakayama Shrine
Q11442007	Ōwashi Shrine
Q11442032	Ōmatonotsunoten Shrine
Q11442033	Oomahiko Shrine
Q11442148	Amagasuka Sumiyoshi Shrine
Q11442211	Ameku-gū
Q11442221	Amasashinowake Shrine
Q11442345	Amenokoyanenomikoto Shrine
Q11442354	Amawake Toyohime Shrine
Q11442440	Tenchisha
Q11442508	Ame-Futotama-no-Mikoto Shrine
Q11442597	Ameno Shirahano Shrine
Q11442606	Ame-no-Tanagao Shrine
Q11442752	Tenkawa Daibenzaiten-sha
Q11442795	Amatsu Shinmeigū
Q11442801	Amatsu Shrine (Narashino City)
Q11442822	Tenmangu
Q11442824	Tenmangū
Q11442850	Tenmansha
Q11442852	Tenman Shrine (Shinkamigoto)
Q11442855	Tenman Shrine (Takayama)
Q11442907	Amaterasu Ōmikami Takakura Shrine & Iwato Shrine
Q11442961	Tennōgū Ōtoshi Shrine
Q11443184	Amanoiwatate Shrine
Q11443190	Tenso Suwa Shrine
Q11443281	Tenjin-sha
Q11443286	Tenjin Shrine
Q11443289	Tenjin Shrine (Mizuhoshi City)
Q11443290	Tenjin Shrine (Satte)
Q11443949	Taiheizan-Miyoshi Shrine
Q11443953	Ōhirasan Shrine
Q11444041	Dasai Shrine
Q11444172	Ōtahime Inari Shrine
Q11444367	Ota Shrine
Q11444369	Ōta Shrine
Q11444477	Taikodani Inari-jinja
Q11444481	Futonorito Shrine
Q11444491	Tarō Shrine
Q11444530	Tabekoten Shrine
Q11444532	Tabe Shrine
Q11444866	Anki district
Q11444944	Nagu Shrine
Q11444954	Nada-gū
Q11445249	Nara Gokoku Shrine
Q11445443	Naratsuhiko Shrine
Q11445964	Okitsushima Shrine
Q11446997	Myōgi Shrine
Q11447192	Tsumakoi Shrine
Q11447213	Tsumashina Shrine
Q11447234	Kureha-Anekurahime Shrine
Q11447235	Anesaki Shrine
Q11447413	Himejima Shrine
Q11447444	Hime Shrine
Q11447563	Himeji Shrine
Q11447880	Komamori Shrine
Q11447881	Komamori Shrine
Q11447895	Kōnōchi Shrine
Q11447897	Koyasu Shrine
Q11447922	Kobimine Shrine
Q11447985	Harami Shrine
Q11448984	Enomiya Shrine
Q11449116	Uzukamikoto Shrine
Q11449246	Uda district
Q11449252	Unaguhime Shrine
Q11449432	Uchi district
Q11449442	Umorihiko Shrine
Q11449527	Ubanato Shrine (Anpachi Town)
Q11449531	Uwase Shrine
Q11449611	Uge Shrine
Q11449800	Utsunomiya Shrine
Q11450044	Moriyama-hachimangū
Q11450096	Moritano Shrine
Q11450181	Akumi Kanbe Shinmeisha
Q11450246	Yasui Kompira-gu
Q11450252	Ani Shrine
Q11450263	Yasuzumi Shrine
Q11450568	Asukabe district
Q11450674	Abiromi Shrine
Q11450714	List of Shikinaisha in Awa Province (Chiba)
Q11450769	Azumi district
Q11450879	Anraku Yamamiya Shrine
Q11450952	Anō district
Q11451153	Afuku Kahaku Shrine
Q11451158	Asakakunituko Shrine
Q11451165	Asaka district
Q11451199	List of Shikinaisha in Aki Province
Q11451521	Adatara Shrine
Q11451643	Asato Hachimangū
Q11451663	Ankan Shrine
Q11451841	Sousayakujin-hachiman Shrine
Q11451877	Munakata Shrine
Q11451878	Munakata Shrine
Q11451941	Munetada Shrines
Q11451946	Soganimasu Sogatsuhiko Shrine
Q11452023	Sō Shrine
Q11452520	Takarazuka Shrine
Q11452649	Hodosan Shrine
Q11452902	Marōdo Shrine
Q11453224	List of Shikinaisha in the Imperial Palace
Q11453382	Miyahara-sanjingū
Q11453539	Miyaji Shrine
Q11453994	Miyagi Gokoku Shrine
Q11455054	Miyauragū
Q11455607	Shukunoura Shrine
Q11455616	Sukunakawata Shrine
Q11455657	Shukuin Tongū
Q11455839	Tomizuka Shrine
Q11456095	Fuji Sengen Shrine (Togo Town)
Q11456096	Fuji Sengen Shrine (Fujioka City)
Q11456097	Fuji Sengen Shrine
Q11456842	Toyama Gokoku Shrine
Q11456882	Tomioka Hachimangū
Q11456939	Tomishima Shrine
Q11457275	Fukuchi Shrine
Q11457276	Fuji Rokusho Sengen Shrine
Q11457322	Tobe Shrine
Q11457393	Samugawa Shrine
Q11457397	Samukawa district
Q11457413	Sagae Hachinangū
Q11457434	Samuta Shrine
Q11457944	Terazu-hachimansha
Q11458212	List of Shikinaisha in Tsushima
Q11458547	Itatehyōzu Shrine
Q11458557	Imizu Shrine
Q11458562	Iyato Shrine
Q11458565	Iyato Hachiman Shrine
Q11458649	Sōkuro Inari Shrine
Q11458779	Kogushi Shrine
Q11459158	Koyurugi Shrine
Q11459557	Ozeki Shrine
Q11459659	Fujisan Shimomiya Omuro Sengen Shrine
Q11459811	Koyama Hachiman Shrine
Q11460493	Ogawatsuki Shrine
Q11460632	Ogawa Aso Shrine
Q11460773	Komikado Shrine
Q11460785	Ōbe Shrine
Q11460945	Ogiaso Shrine
Q11462117	Ogura Shrine
Q11462126	Otsuki-taisha
Q11462132	Otsuki Shrine
Q11462224	Oshioi Shrine
Q11462621	Kohama Kōtai Shrine
Q11462862	Omonoimi Shrine
Q11462864	Omonoimi Shrine (Tobishima)
Q11462915	Koda-hachimangū
Q11463188	Oda District
Q11463293	Obori Shrine
Q11463433	Ogasa Shrine
Q11463538	Kosuge Shrine, Iiyama
Q11463552	Komushi Shrine
Q11464175	Onoterusaki Shrine
Q11464224	Ono Shrine
Q11464225	Ono Shrine
Q11464226	Ono Shrine
Q11464751	Sukunahikona Shrine
Q11464870	Shakuma Shrine
Q11465292	List of Shikinaisha in Owari Province
Q11465296	Owari Ōkunitama Shrine
Q11465305	Owaribe Shrine
Q11465315	Obari Shrine
Q11465530	Biyō Shrine
Q11465598	Irugi- Shrine
Q11465762	Miyake Shrine (Matsubara)
Q11465844	Yamanoue Daijingū Shrine
Q11466290	Yamazumi Shrine
Q11466298	Yamakura-daijin
Q11466454	Yamauchi Shrine
Q11466743	Yamaguchi Daijingū
Q11467121	Yamaguchi Gokoku Shrine
Q11467400	Yamaguchi Shrine
Q11467569	Yamana-hachimangū
Q11467644	Yamana district
Q11467693	List of Shikinaisha in Yamashiro Province
Q11467750	Sangu Shrine
Q11467973	Hachiman Shrine
Q11468583	Yamagata Gokoku Shrine
Q11468742	Yamakatahiko Shrine
Q11468879	Yamamoto-hachimangu
Q11468881	Yamamoto Hachimangū (Fujinomiya City)
Q11469587	Yamazakura Shrine
Q11469625	Yamanashioka Shrine, Fuefuki
Q11469626	Yamanashioka Shrine, Yamanashi
Q11469919	Yamanashi Gokoku Shrine
Q11469930	Yamanashi district
Q11469988	Yamatsuteru Shrine
Q11470582	Yamada Shrine (Hirataka)
Q11470583	Yamada Shrine
Q11470699	Yamada district, Owari
Q11470700	Yamada district
Q11470797	Yama Shrine
Q11470799	Yama Shrine
Q11470801	Yamagami Shrine
Q11470802	Yamagami Shrine
Q11470816	Yamashina Shrine
Q11470997	Yamanobe-jingū
Q11471014	Yana Shrine
Q11471104	Yamasaka Shrine
Q11472009	Okata Shrine
Q11472363	Okayama Gokoku Shrine
Q11472835	Okazaki Tenmangū
Q11472971	Okazaki Shrine
Q11473495	Okadakuni Shrine
Q11473513	Okagagū
Q11473723	Okada district
Q11473738	Okada Kamo Shrine
Q11473959	Okataka Shrine
Q11474068	Iwai Onsen
Q11474345	Iwatsubo Shrine
Q11474394	Iwaya Shrine
Q11474404	Iwayama Shrine (Okayama)
Q11475213	Iwaneaswa Sanzan Shrine
Q11475793	Kishitsurugi Shrine
Q11476414	Shimamatsu Shrine
Q11477020	Shimaana Shrine
Q11477080	Shimagashira-tenmangū
Q11477104	Sudō Shrine
Q11477429	Dake Rokusho Shrine
Q11477585	Kawakami Shrine
Q11477816	Kawawa Shrine
Q11478045	Kawaguchi Shrine (Watari Town)
Q11478047	Kawaguchi Shrine
Q11478049	Kawaguchi Shrine
Q11478109	Kawai Shrine
Q11478285	Kawashima Shrine
Q11479033	Kawata Shrine
Q11479035	Kawata Shrine (Koka)
Q11479036	Kawata Shrine (Koka, Japan)
Q11479209	Kawagoe Hachimangū
Q11479374	Kawamo Shrine
Q11479874	Kojino Shrine
Q11479957	Tatsumi Shrine
Q11480702	Ichigaya Kamegaoka Hachimangū
Q11480731	Ichinono Ōji Shrine
Q11480773	Fudaten Shrine
Q11480799	Nunose Shrine
Q11481110	Morooka Kumano Shrine
Q11481193	Obihiro Shrine
Q11481301	Tokoyokihime Shrine
Q11481363	Jogu Shrine
Q11481653	Tokiwa Shrine
Q11481683	List of Shikinaisha in Hitachi Province
Q11481689	Hitachinokuni Sōshagū
Q11481867	Hatahisa Shrine
Q11481871	Hara district
Q11481884	Mitekura Shrine
Q11481888	Heitate Shrine
Q11482033	Hirai Shrine
Q11482122	Hiraide Raiden Shrine
Q11482330	Hiratsuka Hachimangū
Q11482369	Heijō Shrine
Q11483206	Heisenji Hakusan Shrine
Q11483234	Hirayu Shrine
Q11483240	Hiragata Shrine, Nagaoka
Q11483250	Hirahama-hachimangū
Q11483495	Heguri Nimasukishi Shrine
Q11483496	Heguri Tenjinsha
Q11483501	Heguri district
Q11483973	Sachimiya Shrine
Q11484399	Hiromine Shrine
Q11485625	Hirose Shrine
Q11485627	Hirose Shrine (Taketa)
Q11485642	Hirose district
Q11486075	Fuhachimangu
Q11486084	Fumori Shrine
Q11486118	Watarai Kunimi Shrine
Q11486120	Watarai Ōkunitama Hime Shrine
Q11486356	Hirota-hachimangu
Q11486438	Hirota Shrine
Q11486445	Hirohata-tenmangū
Q11486626	Takeisao Shrine
Q11486644	Tatsushima Meoyanomikoto Shrine
Q11486674	Takemimakuri Shrine
Q11486979	Benzaitengu
Q11486985	Shikijō district
Q11486987	Shikige district
Q11487076	Yuge Shrine
Q11487077	Yuge Shrine
Q11487078	Yuge Shrine
Q11487097	Yuzuruha Shrine
Q11487138	Inasa district
Q11487151	Hikite Chikara no Mikoto Shrine
Q11487226	Hirosaki-tenmangū
Q11487289	Hirosaki Tōshō-gū
Q11487448	Yasaka Shrine
Q11487792	Mito Shrine, Higashiosaka
Q11487798	Iyataka Shrine
Q11488762	Mikami Shrine
Q11488771	Mii Shrine
Q11488772	Mii Shrine
Q11488774	Mii Shrine
Q11488802	Mito Shrine
Q11488875	Misaka Shrine
Q11488951	Misaki Shrine
Q11488958	Mitake Hachiman Shrine
Q11488967	Mitake Shrine
Q11488984	Miyukimori-tenjin-gu
Q11489014	Mikata Shrine
Q11489078	Gosho Shrine
Q11489190	Mitsugū
Q11489224	Onda-hachimangu
Q11489239	Mioya Shrine
Q11489249	Miho Jinja
Q11489320	Misode Tenmangū
Q11489327	Mitsuki Hachimangū
Q11489340	Mino Agatanushi Shrine
Q11489357	Goryō Shrine
Q11489362	Goryō Shrine (Hayama Town)
Q11489364	Goryō Shrine
Q11489369	Mikubi Shrine
Q11489540	Tokkō Shrine
Q11489606	Tokuyama Daijingū
Q11490214	Tokushima Gokoku Shrine
Q11490306	Tokuichi-shinmeisha
Q11490396	Tokuō Inari & Kotohira Shrine
Q11490459	Tokushige Shrine
Q11490717	Iminomiya Shrine
Q11490722	Inbe- Shrine
Q11490723	Inbe Shrine
Q11490726	Inbe Shrine (Matsue City)
Q11490759	Oshimi district
Q11490800	Shinobugaoka Shrine
Q11490808	Shijiki Shrine
Q11490845	Shiwa Inari Shrine
Q11490919	List of Shikinaisha in Shima Province
Q11491026	Kumano Shrine
Q11491125	Shiki district
Q11491128	Shijikihaguro Shrine
Q11491130	Shijikihaguro Shrine
Q11491140	Shikiagatanushi Shrine
Q11491171	Shikaumi Shrine
Q11491512	Shikobuchi-sha
Q11491514	Shikobuchi Shrine
Q11492258	Onji Shrine
Q11492453	Ena Shrine
Q11492949	Koretaka Shrine
Q11493040	Ogami Shrine, Kishiwada
Q11493042	Okami Shrine
Q11493043	Oi Shrine
Q11493796	Ehime Gokoku Shrine
Q11493855	Atago Shrine
Q11493856	Atago Shrine
Q11493857	Atago Shrine (Kameoka)
Q11493858	Atago Shrine
Q11493859	Atago Shrine
Q11493860	Atago Shrine
Q11493862	Atago Shrine
Q11493865	Atago Shrine
Q11493867	Atago Shrine
Q11493869	Atago Shrine
Q11494969	Kanda Shrine
Q11495455	Narushima Hachiman Shrine
Q11495515	Narumi Shrine
Q11496327	Toshima Shrine
Q11496393	Toake Shrine
Q11496627	Togoshi Hachiman Shrine
Q11496661	Togakushi Shrine
Q11496662	Togakushi Shrine
Q11496665	Togakushi Shrine (Gujō)
Q11496843	Ōgimori Inari Shrine
Q11496922	Tejikaraō Shrine
Q11496924	Tajikarao Shrine
Q11496939	Tamukeyama Hachiman Shrine
Q11496995	Tegosaki Shrine (Kamisu)
Q11497169	Tenaga Shrine
Q11497810	Shokonsha
Q11498399	Iya Shrine
Q11498402	Ibusuki Shrine
Q11498550	List of Shikinaisha in Settsu Province
Q11498617	Make Shrine
Q11498723	List of Shikinaisha in Harima Province
Q11498960	Hōjōzu Hachimangū
Q11499110	Masahiko Shrine
Q11499217	Minume Shrine
Q11499487	Aekuni Shrine
Q11499560	Tsuruga district
Q11499585	Keiman Shrine
Q11499684	Shikichi Shrine
Q11499717	Fuchi district
Q11500716	Hii Shrine
Q11500718	Hida Shrine
Q11500742	Ikaruga Shrine
Q11501449	Nikita Shrine
Q11501746	Shingu-Kumano Shrine
Q11501968	Niiya Shrine
Q11502106	Niikawa Shrine (Toyama)
Q11502110	Niikawa district
Q11502342	Imahie Jingū
Q11502682	Niihari district
Q11503581	Niigata Gokoku Shrine
Q11503644	Shinkotoni Shrine
Q11503757	Nitta Shrine
Q11503776	Niita district
Q11503945	Shinra Shrine (Tajimi)
Q11504266	Shinkai-daijingū
Q11504365	Katagatatsu Shrine
Q11504366	Katagata district
Q11504390	Ōta Shrine
Q11504590	Hatagaoka Hachiman Shrine
Q11504610	Unranked
Q11505027	Hiyoshi Ninomiya Shrine
Q11505030	Hie-hachiman Shrine
Q11505052	Hiyoshi Tōshō-gū
Q11505055	Hiyoshi Sengen Shrine
Q11505066	Hiyoshi Shrine (Osaka)
Q11505067	Hiyoshi Shrine
Q11505069	Hiyoshi-jinjya
Q11505071	Hiyoshi Shrine
Q11505072	Hiyoshi Shrine (Katsuno)
Q11505073	Hiyoshi Shrine
Q11505074	Hiyoshi Shrine (Takashima)
Q11505106	List of Shikinaisha in Hyūga Province
Q11505112	Himukai-daijingū
Q11505266	Hio Hachiman Shrine
Q11505275	Hioka Shrine
Q11505282	Hinomine Shrine
Q11505341	Nichishō Hachiman Shrine
Q11509530	Hie Shrine
Q11509531	Hie Shrine
Q11509533	O-Sanno no Miya Hie Shrine
Q11509534	Hie Shrine
Q11509543	Hine Shrine
Q11509546	Hine district
Q11509681	Himure Hachimangū
Q11510248	Hioki Shrine (Nagoya)
Q11510250	Hioki Shrine
Q11510526	Kusabe Shrine
Q11510623	Hino Shrine (Takefu City)
Q11510722	Hikumo Shrine
Q11510848	Hitaka Shrine
Q11510876	Asakura Shrine
Q11511196	Hayasuihime Shrine
Q11512064	Myōken Shrine
Q11512561	Akashi district
Q11512854	Hoshinomiya-sha Shrine
Q11512856	Hoshi-no-Miya Shrine (Sano, Tochigi)
Q11512857	Hoshimiya Shrine (Gujo)
Q11512918	Hoshikage Shrine
Q11512968	Hoshida Shrine
Q11512981	Hoshi Shrine, Nagoya
Q11512982	Hoshi Shrine
Q11513607	Kasugayama Shrine
Q11513659	Kasuga Shrine (Kitakyushu)
Q11513660	Kasuga Shrine
Q11513661	Kasuga Shrine
Q11513662	Kasuga Shrine
Q11513664	Kasuga Shrine
Q11513665	Kasuga Shrine
Q11513666	Kasuga Shrine
Q11513669	Kasuga Shrine (Tajiri)
Q11513670	Kasuga Shrine (Minoh)
Q11513673	Kasuga Shrine
Q11513674	Kasuga Shrine
Q11513676	Kasuga Shrine
Q11513677	Kasuga Shrine
Q11513678	Kasuga Shrine
Q11513679	Kasuga Shrine
Q11513680	Kasuga Shrine (Takatsuki)
Q11513682	Kasuga Shrine
Q11513696	Kasukabe Hachiman Shrine
Q11514556	Futenma-gū
Q11515065	Nōso-hachimangū
Q11516023	Tsukiyomi-no-miya
Q11516040	Tsukisamu Shrine
Q11516052	Gassan Shrine
Q11516217	Tsukiyomi Shrine
Q11516219	Tsukiyomi Shrine
Q11516220	Tsukiyomi-no-Miya (Naikū)
Q11516392	Arikawa Shrine
Q11516720	Arima Shrine
Q11516836	Arima district
Q11516854	Aruka Shrine
Q11517166	Mōda district
Q11517252	Asashiro Shrine
Q11517328	Asakura Shrine
Q11517375	Asamiya Shrine
Q11517384	Asayama Shrine
Q11517551	Asahimori-tenmangū
Q11517620	Asake district
Q11517708	Asadatehiko Shrine
Q11518161	Kinouchi-daijin
Q11518370	Konoshima Nimasu Amateru Mitama Shrine
Q11518610	Kimoto-hachimangū
Q11519306	Kitome Shrine
Q11519653	Sueyoshi-gū
Q11519847	Moto-Sumiyoshi Shrine
Q11519913	Hondo Shrine
Q11520431	Motomura Shrine
Q11520770	Honjō Hachimangū
Q11521150	Sapporo Fushimi Inari Shrine
Q11521480	Sapporo Gokoku Shrine
Q11521781	Sugihara Shrine
Q11521943	Sugiyama Shrine
Q11521944	Sugiyama Shrine
Q11521945	Sugiyama Shrine
Q11521946	Sugiyama Shrine
Q11522170	Sugihokowake no Mikoto Shrine
Q11523053	Murakuni Masumida Shrine
Q11523055	Murakuni Shrine
Q11523063	Muratomi Shrine
Q11523074	Muraya-ni-masu-Mifutsuhime Shrine
Q11523143	Murayama Sengen Shrine
Q11523148	Murayama Shrine
Q11523149	Murayama Shrine
Q11523595	Morimoto Shrine
Q11523682	Kinomiya Shrine
Q11523697	Kiburi Shrine
Q11523763	Kumata Shrine
Q11524717	Tokyo Daijingu
Q11525975	Higashi-Fushimi Inari Shrine
Q11526304	Higashiguchi Hongu Fuji Sengen Shrine
Q11526492	Tōdai-sha
Q11526494	Hachimangū
Q11526673	Azumayanuma Shrine
Q11528004	Tōko Yasaka Shrine
Q11528206	Tōdai Shrine
Q11528718	Shinonome Shrine
Q11528773	Higashi-Kōzu-gū
Q11528832	Kizuki-taisha
Q11529174	Matsui Shrine
Q11529360	Matsubara Hachiman Shrine
Q11529437	Matsubara Shrine
Q11529439	Matsubara Shrine
Q11529440	Matsubara Shrine
Q11529679	Matsuo Shrine
Q11529681	Matsuo Shrine
Q11529911	Matsuyama Shrine
Q11530086	Matsugasaki Shrine
Q11530226	Matsusaki Shrine
Q11530716	Matsudo Shrine
Q11531528	Matsubase Shrine
Q11532402	Matsusaka Shrine
Q11532416	Shōin Shrine
Q11533249	Hayashi Shrine
Q11533519	Edamitsu-hachimangū
Q11533670	Kaibara Hachiman Shrine
Q11533858	Kashiwa Shrine
Q11534024	Egara Hachiman Shrine
Q11534153	Yanagihara Shrine
Q11534678	Kunishima Shrine (Higashiyodogawa-ku)
Q11534690	Shibasaki Shrine
Q11534936	Shibagaki Shrine
Q11535030	Kakinomoto Shrine
Q11535309	Tochigi Gokoku Shrine
Q11535866	Kurihara Shrine (Takayama)
Q11536031	Kuryū Shrine
Q11536469	Ne Shrine
Q11536487	Nezu Shrine
Q11537182	Kiriharamaki Shrine
Q11537282	Kinryū Tenmangū
Q11537416	Kuwabara Hachiman Shrine
Q11537501	Kuwana Sōsha
Q11537573	Kuwazu Tenjinsha
Q11537594	Kuwada Shrine
Q11537600	Kuwada district
Q11537864	Sakurai Shrine
Q11537865	Sakurai Shrine
Q11537980	Sakurayama Hachimangū
Q11538058	Sakuragata  Shrine, Okazaki
Q11538181	Sakura-shinmeisha
Q11538438	Umeyasu-tenmangū
Q11538748	Nashinoki Shrine
Q11539924	Mori Minashi Hachiman Shrine
Q11539974	Mori Sengen Shrine
Q11540486	Muku Shrine
Q11540839	Shīo Shrine (Shimamoto)
Q11540855	Shiiba Itsukushima Shrine
Q11540958	Kemigawa Shrine
Q11541065	Yanagihara Shrine
Q11541236	Kusunaga Shrine
Q11541342	Nara Shrine
Q11541738	Sakakiyama Shrine
Q11541842	Enomoto Shrine
Q11541857	Enokizu Shrine
Q11542024	Tsukimoto Shrine
Q11542238	Shineha district
Q11542244	Kusumoto Shrine
Q11543413	Yokota Shrine
Q11543466	Yokomi district
Q11543587	Kashifune Shrine
Q11543603	Juge Shrine (Otsu)
Q11543604	Juge Shrine
Q11543654	Karafuto Shrine
Q11543697	Tarumaezan Shrine
Q11544184	Tachibana Mitsuyoshi
Q11544300	Tachibana Shrine (Kawasaki City)
Q11544302	Tachibana Shrine
Q11544512	Hatamono Shrine
Q11544662	Kushihara-tenmangū
Q11544667	Kushihiki Hachimangū
Q11544718	Kushida-gū
Q11544725	Kushida Shrine, Imizu
Q11544726	Kushida Shrine (Matsusaka)
Q11544820	Sakuragaoka Daijingū
Q11544828	Sakuragi Shrine
Q11544837	Sakuradasan Shrine
Q11545320	Kangi-in Temple
Q11545325	Todoromi Shrine
Q11545333	Todorokihimenomikoto Shrine
Q11545369	Shou Hachiman Shrine (Yukuhashi)
Q11545371	Shou Hachiman Shrine
Q11545455	Masahiko Shrine
Q11545758	Takenami Shrine
Q11545788	Takei Shrine
Q11545988	Muko district
Q11546041	Takemizuwake Shrine
Q11546131	Takeda-hachimangū
Q11546309	Muge Hachimangū
Q11546334	List of Shikinaisha in Musashi Province
Q11547364	Hibita Shrine
Q11547444	Himekososha
Q11547445	Himekoso Shrine
Q11547446	Hinamori Shrine
Q11547458	Hibita Shrine
Q11547466	Hijiyama Shrine
Q11547467	Hinumanai Shrine
Q11547502	Hitsusa Shrine
Q11548072	Keta-hongū
Q11548073	Keta Shrine
Q11548296	Minochi district
Q11548384	Minakuchi Shrine
Q11548437	Suitengu Hiranuma Shrine
Q11548449	Mio Shrine
Q11548558	Mito Shrine
Q11548589	Mito Hachimangū
Q11548625	Mito Tōshō-gū
Q11548940	Suika Tenmangū
Q11548962	Suimu Shrine (Seki)
Q11549053	Mizu-Inari-jinja
Q11549109	Mizuwakasu Shrine
Q11549203	Mizutani Shrine
Q11549494	Suikyō Tenmangū
Q11549548	Hikami Anego Shrine
Q11549570	Himuro Shrine
Q11549599	Hikawa Nyotai Shrine
Q11549603	Hikawa Shrine
Q11549605	Hikawa Shrine
Q11549606	Hikawa Shrine
Q11549607	Hikawa Shrine
Q11549610	Hikawa Shrine
Q11549612	Hikawa Shrine
Q11549613	Hikawa Shrine (Shibuya-ku)
Q11549615	Hikawa Shrine (Nerima-ku)
Q11549616	Toyotama Hikawa Shrine
Q11549620	Hikawakuwa Shrine
Q11549978	Einoo Shrine
Q11550013	Nagayama Shrine
Q11550594	Enohama Shrine
Q11550715	Gangwon Shrine
Q11551131	Ebumi Shrine
Q11552165	Ikeda district
Q11552241	Ikebukuro-mitake Shrine
Q11552243	Ikebukuro Hikawa Shrine
Q11552497	Oki-no-gū
Q11552563	Okita Shrine
Q11552847	Okinawa Gokoku Shrine
Q11553074	Sasaki Shrine
Q11553081	Isagoda Shrine
Q11553360	Kawamata Shrine
Q11553385	List of Shikinaisha in Kawachi Province
Q11553387	Kawachi Kunitama Shrine
Q11553443	Kōchi Shrine (Saeki-ku)
Q11553458	Kawachi district
Q11553669	Kawaguchi Asama Shrine
Q11553804	Koboreinari Shrine (Osaka)
Q11553810	Kawashiri-jingū
Q11553861	Kawawa district
Q11553975	Kawaketamikabe Shrine
Q11553978	Gōnoe Shrine
Q11554016	Kawase Shrine
Q11554359	Aburahi Shrine
Q11554446	Nunakuma Shrine
Q11554451	Nuttari District
Q11554609	Nuta Shrine
Q11554710	Izumi Inoue Shrine
Q11554857	Izudono-gū
Q11554897	Izumi Shrine
Q11554908	Izumianashi Shrine
Q11554949	Izuminosakuragi Shrine
Q11554977	Tomari Shrine
Q11555072	Hokki Shrine
Q11555381	Hōryō Shrine
Q11555416	Hohokabe Shrine
Q11555428	Hakunu Shrine
Q11555441	Nakiri Shrine
Q11555561	Hahaki Shrine
Q11555577	Hanifu Shrine
Q11555589	Haru Minamikata Shrine
Q11555598	Hajikami Shrine
Q11555601	Hazu Hachiman Shrine
Q11555994	Tsumori Shrine
Q11556056	Tsunomine Shrine
Q11556077	Tsushima Shrine
Q11556090	Tsushima Shrine
Q11556272	Tsuda Tenma Shrine
Q11556358	Tsu Shrine
Q11556457	Tsunou Shrine
Q11556504	Suhara Shrine
Q11556507	Sunomiya Shrine
Q11556513	Sunosaki Shrine
Q11556515	Suzaki Shrine
Q11556984	Azai Shrine (Ichinomiya)
Q11557046	Asahara Shrine
Q11557473	Minamisawa Hikawa Shrine
Q11557474	Sengen Shrine
Q11557475	Sengen Shrine
Q11557476	Ichinomiya Asama Shrine
Q11557908	Hama Ōji Shrine
Q11558037	Hamamasu Shrine
Q11558239	Urashima Shrine
Q11558277	Urakawa Shrine
Q11558311	Urato Shrine
Q11558393	Namiwake Shrine (Wakabayashi-ku)
Q11558526	Fushima Shrine (Iyo Province)
Q11558527	Ukishima Shrine (Kashima)
Q11558528	Ukishima Shrine
Q11558680	Uminaka-hachimangū
Q11558726	Unakami district
Q11558784	Kainan Shrine
Q11558826	Ama district
Q11558969	Kaitō Aso Shrine
Q11559077	Shōgo Kaida
Q11559097	Kai Shrine
Q11559098	Watatsumi Shrine (Kobe)
Q11559099	Kaijin Shrine
Q11559106	Kaido Shrine (Shinkamigoto)
Q11559651	Suzumigaoka Hachiman Shrine
Q11559710	Yodogawatenjin Shrine
Q11559774	Tansui Shrine
Q11559808	List of Shikinaisha in Awaji Province
Q11560019	Fukagawa Shrine
Q11560040	Fukashi Shrine
Q11560278	Fukami Shrine
Q11560360	Fuchi Shrine
Q11560415	Soejimo district
Q11560813	Shimizu-hachimangū
Q11561364	Suga Shrine
Q11561383	Kiyomihara Shrine
Q11561593	Shibukawa Shrine
Q11561609	Shibukawa district
Q11561937	Tokai Shrine
Q11562965	Unzen Onsen Shrine
Q11563134	Minato Hachiman Shrine
Q11563466	Yukura Shrine
Q11563474	Yuzen Shrine
Q11563607	Yudonosan Shrine
Q11563610	Yudonosan Shrine
Q11563671	Yusen Shrine
Q11563772	Yubuku Shrine
Q11563773	Yu Shrine
Q11563793	Yutani Shrine (Maibara)
Q11563799	Yuzatosumiyoshi Shrine
Q11564491	Mizokui Shrine
Q11564497	Mizobata Shrine
Q11564971	Shiga Gokoku Shrine
Q11565118	Takisan Tōshō-gū
Q11565409	Nuribe Shrine
Q11565493	Kangō Shrine
Q11565717	Shioe Tenmangū
Q11565730	Shiome Tenman Shrine
Q11565821	Penghu Shrine
Q11566169	Hamanomiya (Wakayama)
Q11566232	Hamada Gokoku Shrine
Q11566292	Takihara-no-miya
Q11566667	Seto Shrine
Q11566739	Seoritsuhime Shrine
Q11566947	Honoo-Honome Shrine
Q11567184	Inatsuhiko Shrine
Q11567244	Eboshigata Hachiman Shrine
Q11567668	Takuhi Shrine
Q11567974	Kumamoto Castle Inari Shrine
Q11568337	Kumamoto Gokoku Shrine
Q11568870	Kumano Sansho Ōmiwasha
Q11568887	Kumano Taisha
Q11568940	Kumano Shrine
Q11568941	Kumano Shrine
Q11568942	Kumano Shrine
Q11568943	Kumano Shrine
Q11568944	Kumano Shrine
Q11568945	Kumano Shrine
Q11568946	Kumano Shrine
Q11568949	Kumano Shrine (Kakegawa)
Q11568950	Kumano Shrine
Q11568951	Kumano Shrine
Q11568952	Kumano Shrine
Q11568956	Kumano Shrine (Yokoshibahikari)
Q11568959	Kumano Shrine
Q11568961	Kumano Shrines in Kamakura
Q11568963	Kumano Shrine
Q11568982	Kumano district
Q11569065	Atsuhitakahiko Shrine
Q11569496	Niwa Shrine
Q11569554	Katano Shrine
Q11569577	Katayama-hachimansha
Q11569609	Katayamahiko Shrine
Q11569784	Kataoka district
Q11570214	Ushimado Shrine
Q11570305	Mure Shrine
Q11570502	Makiochi Hachimangū
Q11570647	Monoimina no Mikoto Shrine
Q11570699	Mononobe Shrine
Q11571092	Tokusen Jinmyōchō
Q11571746	Sayama Shrine
Q11571758	Sano Shrine (Nomi)
Q11572079	Sarumaru Shrine
Q11572114	Sanage Shrine
Q11572141	Sarutahiko Shrine
Q11572147	Saruda Shrine
Q11572375	Tamaigu Tōshō-gū
Q11572397	Tamatsukuriyu Shrine
Q11572510	Tamayama Shrine
Q11572538	Tamasaki Shrine
Q11572627	Tamashiki Shrine
Q11572702	Tamatsushima Shrine
Q11572730	Tamanooya Shrine
Q11572731	Tamanooya Shrine
Q11572767	Tamaki Shrine
Q11572773	Tamawakasu-no-Mikoto Shrine
Q11572792	Tamamoro Shrine
Q11573004	Ōji Shrine
Q11573006	Ōji Inari-jinja
Q11573358	Hankei Shrine
Q11573744	Kotoni Shrine
Q11573763	Kotozaki-hachimangu
Q11573858	Mizuoka Hachiman Shrine
Q11574285	Amakashi-ni-imasu Shrine
Q11574473	Ikushina Shrine
Q11574477	Ikukunitama Shrine
Q11574494	Ikiko Shrine
Q11574513	Ikushima Tarushima Shrine
Q11574575	Ikune Shrine
Q11574829	Oushiko Shrine
Q11574857	Ikimi Tenmangū
Q11574978	Ubusuna Shrine (Konohana, Osaka)
Q11574988	Sannomiya Shrine
Q11575046	Santai Shrine
Q11575047	Ubuta Shrine
Q11575072	Sanrei Shrine (Kasamatsu)
Q11575107	Tanoura Yamamiya Shrine
Q11575775	Tanaka Shrine (Takashima)
Q11576210	Takō Shrine
Q11576281	Tawara Shrine
Q11576656	Tashima Shrine
Q11576762	Tagawa district
Q11576975	Tamura Shrine
Q11576977	Tamura Shrine
Q11576978	Tamura Shrine
Q11577571	Yuga Shrine
Q11577626	Yurahime Shrine
Q11577650	Yuzusame Shrine
Q11577666	Kōsa Shrine
Q11577728	Kōsō Hachiman Shrine
Q11577868	List of Shikinaisha in Kai Province
Q11577877	Kaina Shrine (Kofu, Yamanashi)
Q11578102	Onouto Shrine
Q11578175	Obusuma district
Q11578590	Unebiyamaguchi Shrine
Q11578862	Masakatsu Shrine
Q11579153	Towatari Shrine
Q11579523	Shiroko Shrine
Q11579524	Shirako Shrine
Q11579553	Hakusan Chūkyo Shrine
Q11579588	Hakusan Shrine (ichinomiya)
Q11579589	Hakusan Shrine
Q11579590	Kinoshita Hakusan Shrine
Q11579592	Hakusan Shrine
Q11579593	Hakusan Shrine
Q11579594	Hakusan Shrine (Tama)
Q11579595	Hakusan Shrine
Q11579596	Hakusan Shrine
Q11579597	Hakusan Shrine
Q11579598	Hakusan Shrine
Q11579599	Hakusan Shrine (Fukui)
Q11579600	Hakusan Shrine (Takashima)
Q11579601	Hakusan Shrine
Q11579656	Shirominegu Shrine
Q11579670	Shirasaki Hachimangū
Q11579699	Shirakawa Hachiman Shrine
Q11579758	Shirahata Hachiman Daijin
Q11579760	Shirahata Hachiman Shrine
Q11579765	Shirahata Shrine
Q11579822	Shiraki Shrine
Q11580219	Shiroishi Shrine (Sapporo)
Q11580269	Shirakami-sha Shrine
Q11580495	Shirahige Hakusan Shrine
Q11580498	Shirahige Shrine
Q11580499	Shirahige Shrine
Q11580503	Shirahige Shrine
Q11580504	Shirahige Shrine
Q11580507	Shirahige Shrine
Q11580591	Shiratori Shrine
Q11580592	Shiratori Shrine (Toyama)
Q11580593	Shiratori Shrine
Q11580594	Shiratori Shrine (Shin‑Kami Goto Town)
Q11580595	Shiratori Shrine
Q11580596	Shiratori Shrine
Q11580597	Shiratori Shrine (Togo)
Q11580598	Shiratori Shrine
Q11580599	Shiratori Shrine
Q11580600	Shiratori Shrine
Q11580795	Kudaraō Shrine
Q11580841	Mozu-hachimangu
Q11581010	Kōtai Shrine
Q11581011	Kōtai Jingū
Q11581015	Kotai Shrine
Q11581081	Kōsanrei Shrine
Q11581101	Sumetaruho Yoshida-ōkamigū
Q11581127	Tsutsumi Shrine
Q11581207	Yaku Shrine
Q11581351	Morioka Hachimangū
Q11582137	List of Shikinaisha in Sagami Province
Q11582526	Soma Shrine
Q11582527	Sōma Shrine
Q11582541	Sōma district
Q11582899	Manai Shrine
Q11583405	Sanada Shrine, Hiratsuka
Q11583921	Yahagi Shrine
Q11583922	Yahagi Shrine, Yao
Q11583957	Yagiri Shrine
Q11583987	Yaguchi Shrine
Q11584115	Yagawa Shrine
Q11584205	Yata ni Imasu Kushitamahiko Shrine
Q11584226	Yadome-daijingu
Q11584565	Chibu district
Q11584639	Chiryū Shrine
Q11584766	Isonokamifutsumitama Shrine
Q11585156	Kokudai-hachimansha
Q11585161	Ishizukuri Shrine
Q11585162	Ishitsukuri Shrine, Tamatsukuri Shrine
Q11585184	Iwato Shrine
Q11585189	Ishikiri Tsurugiya Shrine
Q11585329	Isawa Hachiman Shrine
Q11585337	Iwazononiimasu Takumushitama Shrine
Q11585428	Iwaki district
Q11585503	Irō Shrine
Q11585576	Iwaoka Shrine
Q11586369	Ishikawa Gokoku Shrine
Q11586399	Ishikawa district
Q11586490	Ishimaki Shrine
Q11586510	Ihakurano Shrine
Q11586614	Iwatateono Shrine
Q11586779	Iwatsuta Shrine
Q11586788	Ishizu Shrine
Q11586806	Ishiura Shrine
Q11586810	Iwaseo Hachimangū
Q11587088	Ishida district
Q11587134	Iwa Shrine
Q11587179	List of Shikinaisha in Iwami Province
Q11587231	Isobe Shrine
Q11587232	Isobe Shrine
Q11587235	Iwatsutsukowake Shrine
Q11587273	Ishizuchi Shrine
Q11587565	Togawa Shrine
Q11587697	Suzurii Tenmanguu
Q11587853	Iwai Shrine
Q11587854	Iwai district
Q11587879	Iwasaka Shinmei Shrine
Q11587882	Iwatemori Shrine
Q11587896	Iwahashi Shrine
Q11588026	Isora Shrine (Ibaraki)
Q11588138	Tonami district
Q11588443	Gion Shrine (Kurashiki)
Q11588444	Gion Shrine
Q11588494	Yūsui Shrine
Q11588528	Ojigimi Shrine
Q11588599	Norito Shrine
Q11588748	Kamikura Shrine
Q11588777	Mitsurugi Shrine
Q11588802	Kanbara Shrine
Q11588823	Jinmyōchō Kōshō
Q11588824	Engishiki Jinmyōchō Studies
Q11589590	Kounomine Shrine
Q11589654	Kōzaki Shrine
Q11590193	Kanbe Kōtachi-shinmeisha
Q11590294	Shinmei-gū
Q11590306	Shinmei-sha
Q11590307	Shinmei Shrine (Zushi)
Q11590312	Shinmei Shrine (Kuki)
Q11590314	Shinmei Shrine
Q11590315	Shinmei Shrine (Satte)
Q11590317	Shinmei Shrine
Q11590319	Shinmei Shrine
Q11590320	Shinmei Shrine
Q11590334	Kamuhatori Shrine
Q11590486	Kamitsu Shrine
Q11590500	Kabuchi Shrine
Q11590647	Kanda Shrine
Q11590885	Kandani Shrine
Q11590985	Kanno Shrine
Q11591020	Kando district
Q11591046	Kamitakatsuki Shrine
Q11591507	Fukui Gokoku Shrine
Q11591715	Fukui Shrine
Q11591788	Fukuzumi Itsukushima Shrine
Q11592011	Fukuyama Hachimangū
Q11592931	Fukuoka Gokoku Shrine
Q11593068	Fukushima Tenmangū
Q11593701	Fukushima Inari Shrine
Q11593728	Fukushima Gokoku Shrine
Q11593826	Fukuo Shrine
Q11594015	Fukuōji Shrine
Q11595542	Akita Gokoku Shrine
Q11595842	Akiba Shrine
Q11595889	Aika district
Q11595950	Shinaga Shrine
Q11596063	Hada Shrine
Q11596110	Chichibu Imamiya Shrine
Q11596141	Chichibuontake Shrine
Q11596288	Hieta Shrine
Q11596454	Inasa Shrine
Q11596632	Inagi Shrine
Q11596688	Inage-sengen Shrine
Q11596691	Inage Shrine
Q11596731	Inazume Shrine
Q11596743	Inao Shrine
Q11596799	Inada Shrine
Q11596881	Yanagihara Inari Shrine
Q11596885	Inari Shrine
Q11597092	Hozumori Aso Shrine
Q11597095	Homi Shrine
Q11597096	Homi Shrine (Asahimachi, Nirasaki)
Q11597109	Hotaka Shrine
Q11597137	Tsugawa Shrine
Q11597172	Ochi district
Q11597204	Anagiri Daijinja
Q11597221	Anamori Inari Shrine
Q11597229	Anashi-Nimasu Hyōzu Shrine
Q11597236	Anamizu-ōmiya
Q11597242	Anazawa Tenjinsha
Q11597509	Sorachi Shrine
Q11597661	Kuboya district
Q11597743	Kamayama Shrine
Q11597744	Kamado Shrine
Q11598112	Tate Shrine
Q11599366	Takeda Shrine (Minamisatsuma)
Q11599473	Takeno district
Q11599837	Kasahara-shinmeigū
Q11602724	Tomi Shrine
Q11602727	Toba Shrine
Q11602776	List of Shikinaisha in Chikuzen Province
Q11602803	List of Shikinaisha in Chikugo Province
Q11602833	Tsukama Shrine
Q11602835	Chikuma Shrine (Maibara)
Q11602876	Tsukubasan Shrine
Q11602932	Chikushi Shrine
Q11603067	Tsutsumori Shrine
Q11603079	Tōshi district
Q11603099	Heratori Shrine
Q11603300	Yakyū Inari Shrine
Q11603334	Hakozaki Shrine
Q11603463	Tsukudo Shrine
Q11603728	Shinozaki Hachiman Shrine
Q11603746	Shinozaki Sengen Shrine
Q11603763	Shinokura Shrine
Q11603769	Shinomura Hachimangū
Q11603782	Shinozu Shrine
Q11603911	Hikawa Shrine
Q11603933	Komori Katte Shrine
Q11603971	Yonenomiya Sengen Shrine
Q11604160	Yoneyama Shrine (Aira)
Q11604472	Iibo Nimasu Amaterasu Shrine
Q11604560	Awai Shrine
Q11604589	Awashima Shrine
Q11604596	Awashima Shrine
Q11604597	Awashima Shrine (Kainan)
Q11604598	Awashima Shrine (Uto City)
Q11604632	Awata Shrine
Q11604651	Awaga Shrine
Q11604676	Kuwashi Hoko Shrine
Q11604819	Itosaki hachiman Shrine
Q11604857	Itosaki Shrine
Q11604948	List of Shikinaisha in Kii Province
Q11604966	Kii district
Q11605047	Kishū Tōshō-gū
Q11605265	Momiji Hachimangū
Q11605627	Suzakura Shrine
Q11605635	Susanoo-no-Mikoto Shrine
Q11605637	Susanō Shrine
Q11605638	Susanoo Shrine
Q11605639	Susanoo Shrine
Q11605640	Susanoo-no-Mikoto Shrine
Q11605642	Susanoo Shrine (Arakawa)
Q11605710	Shibi Shrine
Q11605711	Shibi Shrine
Q11605965	Hosokawa Shrine
Q11606084	Sazareishi Shrine
Q11606619	Yūki Shrine
Q11606721	Musubu Shrine
Q11607012	Tsugizakura Ōji Shrine
Q11607142	Tsunashiki Tenmangu
Q11607144	Tsunashiki Tenmangū
Q11607145	Tsunashiki Tenman Shrine
Q11607146	Tsunashiki Tenjinsha
Q11607230	Abashiri Shrine
Q11607305	Ayatokunaka Shrine
Q11607699	Soja Shrine
Q11608132	Agatanushi Shrine (Minokamo)
Q11608137	Agata Shrine
Q11608138	Agata Shrine (Gero City)
Q11608139	Agata Shrine
Q11608141	Agata Shrine (Gifu)
Q11608173	Soja
Q11608231	Orihata Shrine
Q11608745	List of Shikinaisha in Mimasaka Province
Q11608754	Sōja Shrine
Q11608777	Migukurumitama Shrine
Q11608819	Mikumi district
Q11608847	Miwa Shrine (Higashisue, Setouchi)
Q11608848	Miwa Shrine
Q11608849	Miwa Shrine (Fukusato, Setouchi)
Q11608850	Miwa Shrine, Fuefuki
Q11608851	Miwa Shrine
Q11609223	List of Shikinaisha in Mino Province
Q11609908	Gunma Gokoku Shrine
Q11610064	Hakui Shrine
Q11610290	Hada Hachimangū
Q11610352	Hamochi district
Q11610436	Haguro Shrine (Kurashiki City)
Q11610638	Oio Shrine
Q11610654	Oimatsu Shrine
Q11610655	Oimatsu Shrine
Q11610732	Miminashi Yamaguchi Shrine
Q11611081	Shoumogu
Q11611103	Hijiri Shrine
Q11611104	Hijiri Shrine
Q11611527	List of Shikinaisha in Hizen Province
Q11611572	List of Shikinaisha in Higo Province
Q11611996	Nō Hakusan Shrine
Q11612019	List of Shikinaisha in Noto Province
Q11612065	Noki Shrine
Q11612066	Nobono Shrine
Q11612076	Nōgō Hakusan Shrine
Q11612128	Wakiko-hachimangū
Q11612332	Koshikake Shrine
Q11612891	Sakatoke Shrine
Q11613283	Usuki Shrine
Q11613316	Yodo Shrine
Q11613317	Yodohime Shrine
Q11613437	Kō Shrine
Q11613492	Furufu Shrine
Q11613979	Funai Shrine
Q11614069	Funagatayama Shrine
Q11614347	Funakoshi Shrine
Q11614572	Imogawa Shrine
Q11614619	Shiba Daijingū
Q11614668	Shiba Tōshō-gū
Q11614917	Ashida district
Q11615264	Hanao Shrine
Q11615716	Hananagakami Shrine
Q11615718	Hananagashimo Shrine
Q11616108	Kusano Shrine
Q11616123	Namura Shrine
Q11616187	Nyakuichi Ōji Shrine
Q11616252	Wakamiya Hachiman‑gū
Q11616253	Wakamiya Hachimangū
Q11616254	Wakamiya Hachiman‑gū
Q11616255	Wakamiya Hachiman Shrine
Q11616256	Wakamiya Hachiman-sha (Ōita City)
Q11616257	Wakamiya-hachimansha
Q11616259	Wakamiya Hachiman Shrine
Q11616260	Wakamiya Hachiman Shrine
Q11616281	Wakamiya Shrine
Q11616283	Wakamiya Shrine (Misato)
Q11616285	Wakamiya Shrine
Q11616307	Wakayama Shrine
Q11616405	Wakamatsu Ebisu Shrine
Q11616430	Wakamatsu Shrine
Q11616546	Waguri Shrine
Q11616586	Wakae Shrine
Q11616589	Wakae district
Q11616621	List of Shikinaisha in Wakasa Province
Q11616630	Wakasahiko Shrine
Q11616844	Tomahigashi district
Q11616915	Hikosan Jingū
Q11616983	Aga Shrine
Q11617025	Moro Shrine
Q11617027	Moro Shrine
Q11617049	Mouke Shrine
Q11617261	Akanabe Shrine
Q11617266	Ibarasumiyoshi Shrine
Q11617516	Ibaraki Gokoku Shrine
Q11617829	Ibaraki district
Q11617924	Ibaraki Shrine
Q11617933	Matta district
Q11618139	Kusado Inari Shrine
Q11618229	Kusanagi Shrine
Q11618312	Ebara Shrine
Q11618316	Ena Shrine
Q11618384	Arai Shrine
Q11618386	Arai Shrine (Nantan)
Q11618413	Arakura Shrine
Q11618425	Araki Shrine
Q11618763	Arakashi Shrine
Q11618808	Arata Hachimangū
Q11618829	Kōjin'yama Shrine
Q11618837	Kō Shrine
Q11618843	Aratate Shrine
Q11618878	Araogawa Shrine
Q11618879	Araogawa Shrine
Q11619012	Ogikubo Hachiman Shrine
Q11619169	Sugawara Tenmangu (Higashiyodogawa-ku)
Q11619171	Sugawara Tenmangū
Q11619213	Sugawara Shrine
Q11619342	Sugō Isobe Shrine
Q11619344	Sugo Shrine
Q11619345	Sugō Shrine
Q11619349	Kanda Tenjinsha
Q11619835	Kikuchi Shrine
Q11619900	Kikuta Shrine
Q11619987	Ubara district
Q11620370	Hagiwara sugawara Shrine
Q11620508	Kayashima Shrine
Q11620515	Kayazu Shrine
Q11620641	Ochihata Shrine
Q11620858	Katsujō district
Q11620862	Katsuge district
Q11620885	Katsuragi Hitokotonushi Shrine
Q11620903	Katsuragi Miagata Shrine
Q11620951	Katsuragake Shrine
Q11620952	Katsuragi Futakami Shrine
Q11620953	Katsuraki Shitori ni Imasu  Ame no Ha Ikazuchi no Mikoto Shrine
Q11620954	Katsuraki ni Imasu Honoikaduchi Shrine
Q11620955	Katsuragi Mitoshi Shrine
Q11621015	Kuzumi Shrine
Q11621034	Katsushika Hachimangū
Q11621087	Katsushika Shrine
Q11621089	Katsushika district
Q11621126	Ashimori-hachimangu
Q11621139	Ashiinaba Shrine
Q11621281	Kanbara district
Q11621338	Kamō Hachiman Shrine (Kitakyushu)
Q11621340	Kamō Hachiman Shrine, Aira
Q11621353	Gamō Shrine
Q11621385	Kamata Shrine (Osaka)
Q11621523	Aoshi Shrine
Q11622260	Komo Shrine
Q11622280	List of Shikinaisha in Satsuma Province
Q11622452	Yakushiji Hachimangū
Q11622537	Warasono Shrine
Q11622964	Fujikiri Shrine
Q11623940	Fujishima Shrine
Q11624431	Fujinomori Shrine
Q11624433	Fujimori Shrine
Q11625139	Ashibetsu Shrine
Q11625202	Sogahime Shrine
Q11625225	Sobataka Shrine
Q11625297	Torakashiwa Shrine
Q11625386	Mushika Shrine
Q11625493	Kogaikuni Shrine
Q11625587	Hiruko Shrine
Q11625591	Ebisu Shrine (Shinkamigoto)
Q11625756	Semimaru Shrine
Q11625861	Kanii Shrine
Q11625903	Aritōshi Shrine
Q11626139	Namekata district
Q11627197	Nishidai Shrine
Q11627226	Nishibo Shrine
Q11627587	Senamihaguro Shrine
Q11627842	Nishiyama Atago Shrine
Q11627963	Nishioka-jingū
Q11628949	Nishimizushiro Yasaka Shrine
Q11629158	Nishiteru Shrine
Q11629779	Nishino Shrine
Q11629957	Saiin Kasuga Shrine
Q11630006	Nishitakaido Shōan Inari Shrine
Q11630690	Suminomiya Shrine
Q11630870	Tsunosakuhiko Shrine
Q11631218	Kohata Shrine
Q11631426	Konda Hachimangū
Q11631428	Konda Hachiman Shrine
Q11631429	Honda-hachiman Shrine
Q11631781	Tsuki Shrine
Q11631810	Uketa Shrine
Q11631853	Suwa-daijin
Q11631884	Suwa-myojin
Q11631918	Sakamoto Shrine Suwa Shrine
Q11631919	Suwa Shrine (Kuki)
Q11631920	Suwa Shrine
Q11631921	Suwa Shrine
Q11631922	Suwa Shrine (Kuruwada-Minami Alps City)
Q11631924	Suwa Shrine (Yokkaichi)
Q11631926	Suwa Shrine (Shimamoto)
Q11631927	Suwa Shrine
Q11631928	Suwa Shrine
Q11631930	Suwa Shrine (Shibata)
Q11631931	Suwa Shrine
Q11631932	Suwa Shrine
Q11631934	Suwa Shrine
Q11631935	Suwa Shrine
Q11631937	Suwa Shrine
Q11632019	Isahaya Shrine
Q11632102	Morosugi Shrine
Q11632126	Morokata district
Q11632260	Shikina-gū
Q11632314	Kego Shrine
Q11632507	Moriyama Shrine
Q11632526	Goō Shrine
Q11632546	List of Shikinaisha in Sanuki Province
Q11632552	Sanuki Shrine
Q11632560	Sanomo Shrine
Q11632569	Sasara district
Q11632782	Yachi Hachimangū
Q11633272	Toyonaka Inari Shrine
Q11633323	Toyohara Kitajima Shrine
Q11633342	Toyōke Daijinja
Q11633343	Toyōke Daijingū
Q11633346	Toyōke Shrine
Q11633365	Hōkoku Shrine
Q11633558	Teshima district
Q11633578	Toyosaki Shrine
Q11633695	List of Shikinaisha in Bungo Province
Q11633768	Toyosaka Shrine
Q11633774	Noda Shrine
Q11633966	Toyotamahime Shrine
Q11634187	Toyofukuaso Shrine
Q11634351	Zōzan Shrine
Q11634479	Kaizukatō Shrine (Yatsushiro)
Q11634806	Kifune Shrine
Q11634807	Kifune Shrine
Q11634812	Kifune Shrine
Q11634813	Kifune Shrine, Hida
Q11634814	Kibune Shrine (Seki)
Q11634883	Kata Shrine
Q11634927	Kami district
Q11634945	Kamo Shrine (Kahoku)
Q11634946	Kamo Shrine (Ukiha)
Q11634949	Kamo Shrine
Q11634950	Kamo Shrine
Q11634951	Kamo Shrine
Q11634952	Kamo Shrine
Q11634953	Kamo district
Q11635096	Meta Shrine
Q11635398	Akasakakaminoyama Shrine
Q11635439	Akasaka district
Q11635467	Akagi Shrine
Q11635469	Akagi Shrine
Q11635470	Akagi Shrine
Q11635471	Akagi Shrine
Q11635472	Akagi Shrine
Q11635823	Akaiiwa Shrine
Q11635869	Akagami Shrine
Q11635898	Akabo Shrine
Q11636078	Hashiudo Shrine
Q11636084	Hashiriochi Shrine
Q11636380	List of Shikinaisha in Etchū Province
Q11636413	List of Shikinaisha in Echizen Province
Q11636502	List of Shikinaisha in Echigo Province
Q11636845	Asuke Shrine
Q11637033	Adachi district
Q11637049	Asuwa Shrine
Q11637062	Ashinaga Shrine
Q11637069	Ashitaka Shrine
Q11637185	Sada Shrine, Hirakata
Q11637305	Kurumazaki Shrine
Q11637396	Gundari Shrine
Q11638099	Tsujigamori-sansha
Q11638477	List of Shikinaisha in Ōmi Province
Q11638545	Chikōzu Kashima Shrine
Q11639684	Hayahoshi Shrine
Q11639721	Hayatani Shrine
Q11641744	Dōmyōji Tenmangū
Q11641865	Tofu Shrine
Q11642130	List of Shikinaisha in Tōtōmi Province
Q11642147	Toishi-hachimangū
Q11642381	Tomisaki Shrine
Q11642696	Kakuma Shrine
Q11642697	Modorogi Shrine
Q11642701	Ninigi Shrine
Q11642702	Nihohime Shrine
Q11642725	Namesa Shrine
Q11642755	Nahaka Shrine
Q11642759	Nawa district
Q11642797	Naka district
Q11642798	Naka district
Q11642800	Naka district
Q11642882	Naka district
Q11643150	Kōriyama Hachiman Shrine
Q11643225	Konoura Shrine
Q11643228	Kori Shrine (Ibaraki)
Q11643259	Heta Kasuga Shrine
Q11643438	Satomi Shrine
Q11643470	Tsukubusuma Shrine
Q11643733	Tsubaki Nakato Shrine
Q11643787	Tsuzuki district
Q11643830	Tsuga district
Q11643869	Tsutsukowake Shrine
Q11644289	Sakatsura Isosaki Shrine
Q11644305	Sakatare Shrine
Q11644327	Sakaori-no-Miya
Q11644372	Sakemi Shrine
Q11644498	Ishi Shrine
Q11644849	Jūzō Shrine
Q11644886	Nonoue Hachiman Shrine
Q11644899	Nonomiya Shrine
Q11644900	Nonomiya Shrine
Q11644955	Nokami Hachimangū
Q11645497	Nogi Shrine
Q11645668	Nomura Shrine
Q11646128	Nomi Shrine
Q11646130	Nomi Shrine
Q11646162	Nozatosumiyoshi Shrine
Q11646209	Noma Shrine
Q11646210	Noma Shrine
Q11646483	Kotohira & Ōtori Shrine
Q11646490	Kotohira Shrine (Shinkamigotō, Mikano-ura-gō)
Q11646492	Kotohira Shrine
Q11646557	Kinken-gū
Q11646920	Kintomi Shrine
Q11647027	Kanaoka Shrine
Q11647030	Kinpu Shrine
Q11647032	Kinbō Shrine
Q11647035	Kinpou Shrine
Q11647036	Kanemine Shrine
Q11647043	Kanegasaki-gū
Q11647233	Kanamura Wake Ikazuchi Shrine
Q11647310	Kanazakura Shrine, Kofu
Q11647322	Kin-gū Shrine
Q11647335	Konpira Shrine (Shinkamigoto)
Q11647381	Five Shrines of Kanazawa
Q11647600	Kanezawa Hachimangū
Q11647638	Konnō Hachimangū
Q11647650	Kanabu Shrine
Q11647860	Kanahebisui Shrine
Q11647974	Kanasana Shrine
Q11648156	Harina Shrine
Q11648178	Haritsuna Shrine
Q11648341	Suzuno Mori Shrine
Q11648360	Reinomimae-sha
Q11649828	Erehiko Shrine
Q11650239	Chōkō Shrine
Q11650558	Nishikiori Shrine
Q11650775	Kuwayama Shrine
Q11651009	Kamakazu Ise-daijingū
Q11651155	Chinkokushukoku Shrine
Q11651303	Kagami Shrine
Q11651340	Abumita Kitsuki Shrine
Q11651343	Teppōzu Inari Shrine
Q11651349	Nudehiko Nudehime Shrine
Q11651399	Nagakami district
Q11651927	Nagaya Shrine
Q11652030	Nagaoka Tenmangū
Q11652880	Nagasaki Gokoku Shrine
Q11653089	Nagara district
Q11653283	Nagahama Hachimangū
Q11653315	Nagahama Shrine
Q11653351	Nagataki Hakusan Shrine
Q11653578	Chōjasan Shinra Shrine
Q11653646	Nagara Shrine
Q11653648	Nagakusa-Tenjin-sha
Q11653672	Toyoo Hase
Q11653682	Hasedera (Nagano)
Q11654831	Nagano Gokoku Shrine
Q11654882	List of Shikinaisha in Nagato Province
Q11655072	Kadoma Shrine
Q11655187	Aguchi Shrine
Q11655234	Kaiseizan Daijingū
Q11655374	Mabushi Shrine (Shinkamigoto)
Q11656182	Seki Semimaru Shrine
Q11656548	Kuragarinomori Hachimansha
Q11656593	Tōkei Shrine
Q11657135	Akuto Shrine
Q11657213	Akiru Shrine
Q11657360	Atayuta Shrine
Q11657364	Abushina Shrine
Q11657390	Azaka Shrine
Q11657432	Ashizumi Shrine / Yukisugi Tenmangū
Q11657433	Ashizumi Shrine
Q11657437	Ahai district
Q11657446	Achi Shrine
Q11657447	Achi Shrine
Q11657481	Ahita Shrine
Q11657487	Anumi Shrine
Q11657490	Awawa Shrine
Q11657514	List of Shikinaisha in Awa Province (Tokushima)
Q11657523	Awayamanoueno Shrine
Q11657564	Awa Shrine (Tokushima)
Q11657591	Ai Shrine
Q11657607	Aki Shrine
Q11657662	Aso Shrine (Hashima, Gifu)
Q11657681	Azusami Tenjinsha
Q11657682	Azura Shrine
Q11657692	Aga Shrine
Q11657712	Achihayao Shrine
Q11657713	Ajika Shrine
Q11657965	Abeno Shrine
Q11658001	Aya district
Q11658011	Asuka Shrine
Q11658015	Amamikoso Shrine
Q11658473	Suearata Shrine
Q11658590	List of Shikinaisha in Mutsu Province
Q11658605	Mutsu Sōsha-no-miya
Q11659043	List of Shikinaisha in Oki Province
Q11659052	Oki Shrine
Q11659061	Okitsu Shrine (Nihonmatsu)
Q11659063	Okitsushima Shrine
Q11659119	Suzumemiya Shrine
Q11659127	Suzume Shrine
Q11659200	Ogi Shrine
Q11659204	Oyama Shrine
Q11659212	Otakehie Shrine (Shinkamigoto)
Q11659231	Ogoto Shrine
Q11659232	Ogoto Shrine (Mibu)
Q11659237	Ogami Shrine (Tonami City)
Q11659243	Yugun Shrine
Q11659386	Sawata district
Q11659484	Rikyū Hachimangū
Q11659527	Namba-yasaka Shrine
Q11659562	Namba Shrine
Q11659781	Amatarashi Shrine
Q11659839	Yukigaya Hachiman Shrine
Q11660082	Kumomi Sengen Shrine
Q11660144	Hitsujisaki Shrine
Q11660145	Hitsujisaki Shrine
Q11660189	Rai Shrine
Q11660191	Ikazuchi Shrine(Yokosuka)
Q11660192	Ikazuchi Shrine
Q11660222	Raiden Shrine (Satte)
Q11660224	Raiden Shrine
Q11660683	Reikyū Shrine
Q11660689	Reikōden Tenmangū
Q11660718	Ryōzen Shrine
Q11660876	Kirishimamine Shrine
Q11660899	Kirishima Shrine
Q11660942	Tsuyu‑no‑Tenjinsha
Q11661448	Aokata Shrine (Shinkamigoto)
Q11662605	Aoi Shrine
Q11662780	Aogahara Shrine
Q11662833	Aoso Shrine
Q11663648	Shizu Shrine
Q11663686	Shizuoka Gokoku Shrine
Q11664481	Susukigisui Shrine (Matsumoto City)
Q11664487	Sukuku Shrine
Q11664490	Susanō-no-Mikoto Shrine (Settsu)
Q11664501	Susa Shrine
Q11664502	Susa Shrine
Q11664503	Susa Shrine
Q11664504	Sube Shrine
Q11664537	Suyama Sengen Shrine
Q11664579	Suga Shrine
Q11664606	Suhama Shrine (Daito, Osaka)
Q11664820	Suga Shrine
Q11664821	Suga Shrine
Q11664822	Suga Shrine
Q11664825	Suga Shrine
Q11664826	Suga Shrine
Q11664846	Suzu Shrine
Q11664967	Ei district
Q11664982	Kubiki district
Q11665015	Yorimasa Shrine
Q11665493	Kazahaya Shrine
Q11665771	Tobihata Hachimangū
Q11665887	List of Shikinaisha in Hida Province
Q11665893	Hida Tenmangū
Q11665906	Hida Tōshō-gū
Q11665917	Hida-Soja
Q11665959	Asuka-ni-imasu Shrine
Q11665970	Asukabe Shrine
Q11665977	Asukada Shrine
Q11666120	Iikura Shrine
Q11666322	Iijima Hachiman Shrine
Q11666642	Iimori Shrine
Q11666643	Ii Shrine
Q11666644	Iizumi Shrine
Q11666684	Iide-san Shrine
Q11666695	Iimichi Shrine
Q11666702	Iino Hachimangū
Q11666741	Iino district
Q11666749	Iigaoka Hachimangū
Q11666756	Iitaka district
Q11666826	Yagi Shrine
Q11666856	Yabu Shrine
Q11666859	Yabu district
Q11666999	Nigitsu Shrine
Q11667143	Kaguhashi Shrine
Q11667186	Katori Shrine (Kuki)
Q11667188	Katori Shrine (Kuki City)
Q11667190	Katori Shrine
Q11667192	Katori Shrine (Satte)
Q11667575	Kagawa Gokoku Shrine
Q11667602	Kawara Shrine
Q11667715	Kami district
Q11667717	Karasu Shrine
Q11668076	Umajiisobe Shrine
Q11668133	Gomu district
Q11668370	Komagata Shrine
Q11668374	Komagata Shrine
Q11668441	Komagome Tenso Shrine
Q11668489	List of Shikinaisha in Suruga Province
Q11668733	Takai district
Q11668851	Kōenji Tenso Shrine
Q11668925	Takahara Kumano Shrine
Q11669105	Takamefu Shrine
Q11669115	Taka Tenjinja
Q11669131	Takayasu
Q11669156	Takamurotenjin Shrine
Q11669159	Takamuro Shrine
Q11669186	Takabe Shrine
Q11669282	Takaya Shrine
Q11669415	Kouzan Shrine (Tsu)
Q11669417	Takayama Shrine
Q11669540	Takaoka Shrine
Q11669562	Takaoka Sekino Shrine
Q11669692	Takashima district
Q11669785	Takasaki Shrine
Q11669904	Takakura Shrine
Q11669906	Takakuramusubimiko Shrine
Q11670255	Takaku Shrine
Q11670486	Takamatsu Shrine
Q11670742	Takahashi Shrine
Q11671498	Takahashi Inari Shrine
Q11671792	Kōzu-gū
Q11671804	Takatsu-kakinomoto Shrine
Q11671805	Takazuhime Shrine
Q11671844	Takahama Shrine (Suita)
Q11671904	Takataki Shrine
Q11671973	Takase Shrine
Q11672161	Takadahasagi Shrine
Q11672195	Takata Shrine (Hida)
Q11672548	Kochi Gokoku Shrine
Q11672588	Takashino Shrine
Q11672641	Takasago Shrine
Q11672660	Takasu Shrine
Q11672760	Takakusa district
Q11672831	Takami Shrine
Q11672867	Kōka Shrine
Q11672973	Takabeya Shrine
Q11673131	Takano Shrine (Ninomiya, Tsuyama)
Q11673133	Takano Shrine
Q11673295	Takakamo Shrine
Q11673314	Koma Shrine
Q11673954	Usuki Hachiman Shrine
Q11674000	Uonuma Shrine
Q11674002	Uonuma district
Q11674156	Ayukai-hachimangū
Q11674200	Samezu Hachiman Shrine
Q11674215	Sake Shrine (Kama)
Q11674320	Wanikawa Shrine
Q11674834	Tottori Shrine
Q11674999	Torisu Hakken-sha
Q11675010	Torisu Shinmei-sha
Q11675030	Chōkai Gassan Ryōsho-gu
Q11675121	Torimi Shrine
Q11675142	Torigoe Hachiman Shrine
Q11675149	Torikoe Shrine
Q11675284	Hōraisan Tōshō-gū
Q11675363	Narumi Hachimangū
Q11675401	Otonashi Shrine
Q11675600	Kamo Shrine (Sakaide)
Q11675602	Kamo Shrine
Q11675603	Kamonaraita Shrine
Q11675604	Kamo Shrine
Q11675614	Kamotsuba Shrine
Q11675632	Kou Hachimangū
Q11675676	Kō Shrine (Konosu)
Q11675698	Usaka Shrine
Q11675718	Udo Shrine
Q11675783	Kōdai-jingū
Q11675799	Kasasagi Morinomiya
Q11675806	Uzurata Shrine
Q11675890	Tsuruichi-sha
Q11675927	Tsuruo Shrine
Q11675940	Tsuruyama Hachimangū
Q11675986	Tsurugamine Hachiman Shrine
Q11675987	Tsurumine Hachiman Shrine
Q11676000	Tsurugane Shrine
Q11676163	Tsurumi Shrine
Q11676164	Tsurumi Shrine (Osaka)
Q11676182	Tsurugaya Hachimangū
Q11676221	Washibara Hachimangū
Q11676235	Washio-atago Shrine
Q11676338	Takāi Shrine (Osaka)
Q11676429	Saginomori Shrine
Q11676453	Ishizukuri Shrine
Q11676849	Kagoshima Gokoku Shrine
Q11676981	Kagoshima Shrine (Tarumizu City)
Q11676983	Kagoshima Shrine
Q11677110	Kashima Amatarashi Wake Shrine
Q11677124	Kashima Miko Shrine
Q11677153	Kashima Shrine
Q11677158	Kashima Onata Shrine
Q11677182	Kashima Shrine (Shinagawa-ku)
Q11677210	Kaehime Shrine
Q11677253	Rokuon Shrine
Q11677321	Aratama district
Q11677652	Makata Shrine
Q11677653	Makata Shrine
Q11677855	Koganeyama Shrine (Miyagi)
Q11677857	Koganeyama Shrine (Ishinomaki)
Q11678142	Kuromine Shrine
Q11678153	Kuroshima Shrine (Aira)
Q11678192	Kuroshima Shrine
Q11679017	Hanabushi Shrine
Q11679024	Hanazura Inari Shrine
Q11679222	Tatsuki Shrine
Q11679225	Ryūgū Shrine
Q11679232	Tatsuo Shrine
Q11679316	Tatsuta Shrine
Q11679332	Ryū Shrine
Q11679412	Tatsuno Shrine
Q12742788	Uji Shrine
Q13579879	Kadono district
Q15241312	Freebase Data Dumps
Q15467942	Nuka district
Q15919074	Tongxiao Shrine
Q15931876	Tōkō Shrine
Q16258190	chokusaisha
Q17128375	Shirakami Shrine
Q17191063	Akita Suwa-gū
Q17191164	Akone Yashiro
Q17191186	Asakuma Shrine
Q17191190	Asakura Shrine
Q17191305	Ashihara Shrine
Q17191369	Asō Shrine
Q17191533	Ato Shrine
Q17191773	Ama Kazukime Shrine
Q17191784	Tenjinsha
Q17191791	Amatsu Shrine
Q17191824	Ami Shrine
Q17191825	Ami Shrine
Q17191844	Amenohohinomikoto Shrine
Q17191862	Ayako Tenmangū
Q17191921	Arata Shrine
Q17192448	Awamiko Shrine
Q17192747	Iina Shrine
Q17193121	Isekisan Shrine
Q17193235	Ichitani Munakata Shrine
Q17193247	Ichinomiya Shrine
Q17193413	Inamura Shrine
Q17193550	Imakumano Shrine
Q17194122	Ujōda Shrine
Q17194134	Usunono Shrine
Q17209196	Naru Shrine
Q17209205	Saminaga Shrine
Q17209206	Kawara Shrine
Q17209213	Kawara Shrine, Kiyosu
Q17209232	Kawarabuchi Shrine
Q17209251	Kawawake Shrine
Q17209339	Takamimusuhi Shrine
Q17209556	Kan Daijin Shrine
Q17210894	Manzō Inari Shrine
Q17211507	Tatenui Shrine (Miho, Ibaraki)
Q17211721	Mike Shrine
Q17212120	Tanoe and Tanoe-Mimae Shrines
Q17212285	Shitomi Shrine
Q17212793	List of Shikinaisha in Buzen Province
Q17212913	Shima Shrine
Q17213329	Chikata Shrine (Kazo)
Q17213398	Kiyonoiba Shrine
Q17214144	Kugutsuhime Shrine
Q17214615	Mifune Shrine
Q17214737	Kunitsumioya Shrine
Q17215017	Kumano Shrine
Q17215324	Rokugo Shrine
Q17215982	Tsunaga Shrine
Q17216259	Tsumatsuhime Shrine
Q17216575	Shirahige Shrine
Q17216581	Wakarai Shrine
Q17216962	Shigariwake Shrine
Q17216999	Utari Shrine
Q17217102	Uchidahachimangū
Q17217272	Munakata Shrine (Kita-ku, Okayama)
Q17217329	Utsumochi Shrine
Q17217367	Unakorowake Shrine
Q17217724	Urausu Shrine
Q17217996	Uwato Shrine
Q17218032	Mure Shrine
Q17218056	Hokura Shrine
Q17218079	Shinmei Shrine
Q17218394	Ino Tenshō Kōtai Jingū
Q17218451	Tenjin-sha
Q17218563	Hachidai Shrine
Q17218751	Sugawara-in Tenman-gû
Q17218755	Sugawara Shrine
Q17218865	Sugihara Shrine
Q17218974	Awa-no-Mikoto Shrine
Q17218980	Kushi iwamado Shrine
Q17219569	Mononobe Shrine
Q17220383	Sumiyoshi Shrine
Q17220798	Rokusho Shrine
Q17220808	Keta Shrine
Q17220813	Sōja Shrine
Q17220820	Iwa Shrine (Matsumoto)
Q17220826	Ninomiya Akagi Shrine
Q17220832	Ono Shrine & Yahiko Shrine
Q17220841	Ikaho Shrine
Q17220848	Karai Shrine
Q17220856	Shidori Shrine (Isesaki)
Q17221205	Ōiwa-shinmei-gū
Q17221225	Ōu Shrine
Q17221435	Yasaka Shrine
Q17221438	Yasaka Shrine
Q17221549	Okuni Shrine
Q17221560	Yashirogi Shrine
Q17221968	Konagasaki Shrine
Q17222029	Yatsurugi Shrine
Q17222057	Konoko Shrine (Sugito)
Q17222452	Oda Shrine (Ibaraki)
Q17222582	Tomidaishiki Asuka Shrine
Q17222702	Otsuchi Mioya Shrine
Q17222949	Tomobuchi Hachiman Shrine
Q17223392	Ōmizu Shrine
Q17223420	Omiya Shrine
Q17223476	Kazama Shrine
Q17223513	Yamazue Shrine
Q17223514	Sone-tenmangu
Q17223553	Kashimamiko Shrine
Q17224057	Hikino Shrine
Q17224192	Yama-no-Kami Shrine
Q17224560	Okusawa Shrine
Q17224724	Okehazama-Shimmei-sha
Q17224770	Sakatekunari Shrine
Q17225063	Katori Shrine
Q17225307	Yubari Shrine
Q17225367	Hibayamakume Shrine
Q17225485	Otokosei Shrine
Q17225577	Himi Shrine
Q17225745	Kano Shrine
Q17225818	Yuta Shrine
Q17225838	Sashino Shrine
Q17225867	Takaoka Shrine
Q17225876	Sasutahiko Shrine
Q17225914	Takaoshihime Shrine
Q17225921	Ono Shrine
Q17225931	Takagawara Shrine
Q17225978	Obata Shrine
Q17225991	Satakunari Shrine
Q17226072	Hyōmai Shrine
Q17226111	Ohari Shrine
Q17226214	Kamisaki Shrine
Q17226256	Hiraoka Hachimangū
Q17226307	Takatsumi Shrine
Q17226399	Katta Shrine
Q17226473	Nakayama Shrine
Q17226544	Nakatomi Itate Shrine
Q17226760	Kamoshimo Shrine
Q17226767	Kamo Shrine
Q17226771	Kamo Shrine (Tamaki)
Q17226778	Kamo Shrine
Q17226795	Sana Shrine
Q17226924	Kai Shrine (Yamatokoriyama)
Q17226968	Nakahikawa Shrine
Q17227047	Narahara Shrine
Q17227076	Nagamiya-Hikawa Shrine
Q17227113	Nagahatabe Shrine
Q17227955	Oomiya (Higashiyodogawa-ku)
Q17228003	Ojiharina Mawakahime Shrine
Q17228121	Katada Shrine
Q17228197	Kawara Shrine
Q17228321	Kusakabeyoshimi Shrine
Q17228323	Kusanagi Shrine
Q17228337	Kuni Shrine
Q17228379	Kuronuma Shrine
Q17228423	Kōzaki Shrine & Komori Shrine & Arasaki Shrine
Q17228464	Kokage Shrine
Q17228701	Shiogama Shrine
Q17228733	Shinano-omiya-sha
Q17229062	Takihara Shrine
Q17229063	Takimatsurinokami
Q17229120	Tanoe-Ōmizu Shrine
Q17229202	Tsurugitachi Iwato Kowake No Mikoto Shrine
Q17229259	Tenman Shrine
Q17229311	Toga Shrine
Q17229499	Nagusa Shrine
Q17229533	Kuchira Shrine
Q17229562	Niu Shrine
Q17229932	Hisaizu Shrine
Q17230653	Yokoyama Hachimangū
Q17230661	Yoshikawa-hachiman Shrine
Q17238950	Iizuna Shrine
Q17988376	Ashiribetsu Shrine
Q17988632	Iinotakamiya-kouyama Shrine
Q17988913	Imamiya- Shrine
Q17991450	Komodahama Shrine
Q17993668	Shirakumo Shrine
Q17994294	Sugiyama Shrine
Q17994298	Sugiyama Shrine (Chigasaki)
Q17994300	Sugiyama Shrine
Q17994302	Sugiyama Shrine (Shrine, Hoshikawa)
Q17994598	Sumiyoshi Otomo Shrine
Q17995113	Semon Shrine
Q18233534	Takamu Shrine, Chikusa, Nagoya
Q18235752	Mononobe Shrine, Nagoya
Q18247357	group of structures or buildings
Q18335691	Ōma Inari Shrine
Q18336610	E Shrine
Q18337115	Susanoo Shrine
Q18337174	Sonai Shrine
Q18337197	Dairokuten Shrine
Q18337536	Toyozumi Shrine
Q18339120	Fukunaga Shrine
Q18339260	Hōtoku Ninomiya Shrine
Q18339461	Minagi Shrine
Q18457651	Watazumi Shrine
Q18571232	Category:Gokoku shrines
Q18728808	Category:Shikinaisha in Mimasaka Province
Q18728857	Category:Shikinaisha in Mino Province
Q18737499	Category:Shikinaisha in Hizen Province
Q18737502	Category:Shikinaisha in Higo Province
Q18737552	Category:Shikinaisha in Noto Province
Q18737997	Category:Shikinaisha in Wakasa Province
Q18738392	Category:Shikinaisha in Satsuma Province
Q18739268	Category:Shikinaisha in Sanuki Province
Q18739312	Category:Shikinaisha in Buzen Province
Q18739370	Category:Shikinaisha in Bungo Province
Q18739678	Category:Shikinaisha in Etchū Province
Q18739682	Category:Shikinaisha in Echizen Province
Q18739707	Category:Shikinaisha in Echigo Province
Q18739987	Category:Shikinaisha in Ōmi Province
Q18740386	Category:Shikinaisha in Tōtōmi Province
Q18741757	Category:Shikinaisha in Nagato Province
Q18742068	Category:Shikinaisha in Awa Province (Tokushima)
Q18742150	Category:Shikinaisha in Mutsu Province
Q18742175	Category:Shikinaisha in Oki Province
Q18742911	Category:Shikinaisha in Hida Province
Q18743296	Category:Shikinaisha in Suruga Province
Q18987537	Template:List of Shikinaisha by Province
Q18989938	Asamine Shrine
Q18991294	Ono Shrine (Nankoku)
Q18991452	Kasoyama Shrine
Q18991490	Katsurakio Shrine
Q19754765	Tokumori Shrine
Q19754774	Yagumo Shrine (Kimitsu)
Q19754813	Hitomi Shrine
Q19841356	Housono Shrine
Q19887675	Hakodate Gokoku Shrine
Q19953303	Shinzan Shrine
Q20038554	Arahira-tenjin
Q20039081	Otaki Shrine and Okata Shrine
Q20042898	Akaba Shrine
Q20042964	Atago Shrine
Q20043067	Kamiyama Shrine
Q20043146	Inabe Shrine
Q20043188	Iwakami Yamazumi Shrine
Q20043400	Ōita Shrine
Q20043474	Omura Shrine
Q20043641	Kashima Amatarashiwake Shrine
Q20043645	Kasuga Shrine (Takahama)
Q20044200	Kōnan Shrine
Q20044233	Korizu Shrine
Q20044508	Sakurai Koyasu Shrine
Q20044567	Sapporomura Shrine
Q20044758	Shichishosha
Q20044990	Shiroyama Shrine (Goto)
Q20045052	Shinmei-gū
Q20045111	Suzuka-myojinsha
Q20045170	Suwa Shrine
Q20644559	Mizonokuchi Shrine
Q20704140	Q20704140
Q21018911	Ontake Shrine
Q21019097	Seta-Tamagawa Shrine
Q21019410	Hikawa Shrine
Q21019665	Osake Shrine
Q21019695	Manzoku Inari Shrine
Q21019704	Yamaguni Shrine
Q21019858	Yoga Shrine
Q21449537	Gaoshi Shrine
Q21480958	Futako Shrine
Q21546342	Category:Twenty-Two Shrines
Q21652327	Aomori Gokoku Shrine
Q21652575	Aigahachiman Shrine
Q21652668	Okinokojima Shrine
Q21652960	Mount Kinbusan
Q21654034	Nishikiyama Tenmangū
Q21654196	Hassamu Shrine
Q21654507	Futagami-yama Shrine (Tottori Prefecture)
Q21655259	Odai Agata Shrine
Q21655261	Yama Shrine
Q21655262	Tono Shrine
Q21655263	Kinumaki Shrine
Q21655264	Ikazuchi Shrine
Q21655265	Sannomiya Shrine
Q21655266	Wakaikaho Shrine
Q21655268	Kamaka Shrine
Q21655271	Keta district
Q21866368	Muroran Hachimangu Shrine
Q21866371	Nakajima Shrine
Q22117774	Aso Shrine
Q22117785	Amagasaki Ebisu Shrine
Q22117797	Amezakura Shrine
Q22117831	Ionoi Shrine
Q22117854	Isagawa Shrine
Q22117869	Ishifune Shrine
Q22117916	Inasaki Shrine
Q22117940	Iyahiko Shirine
Q22117958	Iwaseki Shrine
Q22118078	Ōga Shrine
Q22118182	Okadama Shrine
Q22118306	Katsuragi Mikumari Shrine
Q22118378	Kameda Hachimangū
Q22118385	Kamo Shrine
Q22118539	Kibune Shrine
Q22118593	Kute Shrine
Q22118623	Kururi Shrine
Q22118758	Goryō Shrine
Q22118945	Shinano Shrine
Q22118955	Shinoro Shrine
Q22119046	Shirahige Shrine (Tochigi Prefecture)
Q22119047	Shirahige Shrine
Q22119048	Shirahige Tawara Shrine
Q22119059	Shinkai Sansha Shrine
Q22119116	Sudō Tennō-sha
Q22119155	Sengen Shrine
Q22119221	Daijingu Shrine
Q22119349	Tanashi Shrine
Q22119374	Tarukawa Shrine
Q22119431	hikida Shrine
Q22119448	Tsuge Mikumari Shrine
Q22119478	Tsuriishi Shrine
Q22119495	Teine Shrine
Q22119505	Tenjin-sha
Q22119690	Toyooka Kami Tenjinsha
Q22119709	Toyohira Shrine
Q22119789	Nagara Shrine
Q22119793	Nagibayashi Shrine
Q22119811	Naruo Hachiman Shrine
Q22119884	Nitta Shrine (Ōta City)
Q22119901	Nihonmatsu Shrine
Q22119953	Hakusan Shrine
Q22119986	Hachita Shrine
Q22119988	Hachiman Shrine
Q22119989	Hachimangū
Q22119996	Hanaoka Shrine
Q22120029	Hayashi Shrine (Tonami)
Q22120059	Handa Inari Shrine
Q22120062	Ban'naguro Shrine
Q22120087	Hikawa Shrine (Urawa-ku)
Q22120105	Hitsuji Shrine (Nagoya)
Q22120144	Hiroo Inari Shrine
Q22120157	Fūhaku Shrine
Q22120305	Homori Shrine
Q22120521	Miyake Shrine
Q22120551	Miyahara Shrine
Q22120672	Yakumo Shrine
Q22120773	Yuki Shrine
Q22120874	Retsureppu Shrine
Q22120883	Rokusho Shrine
Q22120889	Wakamiya Hachiman Shrine
Q22120898	Wakeoe Shrine
Q22120915	Warabi Shrine
Q23985153	Taisha
Q24017414	second-order class
Q24316227	Suitengū Shrine
Q24859420	Yamaguchi Shrine
Q24859978	Naebo Shrine
Q24861740	Ōishi Shrine
Q24862515	Takeuchi Shrine
Q24863397	Sugiyama Shrine (Katakura)
Q24863430	Shinmei-sha
Q24863642	Ame-no-Toyotarashikara-hime-no-mikoto Shrine
Q24864064	Kushirokahime Shrine
Q24864985	Oiso Shrine
Q24865035	Umamioka Watamuki Shrine
Q24865367	Kai Shrine (Kashima)
Q24865971	Oyachi Shrine
Q24867437	Nemichi Shrine
Q24867946	Yokote-shinmeisha
Q24870457	Yabuta Shrine
Q24870597	Anaishi Shrine
Q24871012	Yoka Shrine
Q24871075	Sasa Shrine
Q24871133	Subari Shrine
Q24871292	Kitaonie-hachimangū
Q24871365	Maebashi Tōshō-gū
Q24871378	Iwaki Jinja
Q24871799	Toyotari Shrine
Q24872091	Oide Shrine
Q24872272	Uraga Shrine
Q24872505	Shirataki Shrine
Q24872550	Hiwasa Hachiman Shrine
Q24873051	Omono nushi Shrine
Q24873126	Washitori Shrine
Q24873400	Mishima Shrine
Q24874608	Kamisumuji Shrine
Q24875740	Niiyama Shrine
Q24875774	Shiga Shrine
Q24876134	Shimada Shrine
Q24876393	Mioya Shrine
Q24876715	Makata- Shrine
Q24898358	Yoshida Shrine
Q24899217	Takahashi Shrine
Q25104460	Takayama Inari Shrine
Q26972768	Yama‑no‑Kami Shrine
Q27139662	Kawauchi Shrine
Q27595500	Kotohira Shrine
Q27955487	Atsugi Shrine
Q28682038	Kamo Shrine
Q28682505	Takagi Shrine
Q28682672	Yagara Shrine
Q28682714	Adachi Shrine (Urawa-ku)
Q28682729	Kisa Shrine
Q28682730	Akunami Shrine
Q28682737	Nahe Shrine
Q28682738	Kataoka Shrine
Q28682890	Nagahama Shrine
Q28683054	Suga Shrine
Q28683513	Kamine Shrine
Q28683759	Mishima Shrine
Q28684010	Hyōsu Shrine
Q28684144	Sashinō Shrine
Q28684427	Ryūzōji-hachinamgū
Q28685016	Shitori Shrine
Q28685020	Hirakawa-shinmeisha
Q28685064	Iwata-hachimangū
Q28685121	Uneotsutamoto Shrine
Q28685653	Kotohira Shrine
Q28685922	Oitsu Shrine
Q28686194	Shirahata-Tenjinsha
Q28686772	Naige-Daijingu
Q28687197	Kashima Daijingu
Q28688692	Maginu Shrine
Q28688713	Fujimoto Shrine
Q28689401	Sōja
Q28690058	Kasumekentou Shrine
Q28690064	Kentō Shrine
Q28690200	Atsuwa Shrine
Q28690720	Kohama Hachiman Shrine
Q28691383	Naimen Shinmei-sha
Q28691402	Sakurayama Shrine
Q28691730	Ikejiri Inari Shrine
Q28691797	Ibe Iwakura Shrine
Q28692008	Nagase Hachimangū
Q28693031	Shizuhi Shrine
Q28693184	Wakae Kagami Shrine
Q29115973	Ushitora Shrine
Q30466389	Category:San-no-Miya
Q30922754	Ōmi Shrine
Q30923269	Okitsushima Shrine
Q30924114	Hitokotonushi Shrine
Q30924303	Hie Shrine
Q30924846	Atago Shrine (Kasama)
Q30925481	Ou no Miyaizu Shrine
Q30925511	Sengen Shrine
Q30925534	Ikan Shrine
Q30925653	Taimasan Shrine
Q30925805	Kiso-sanja Shrine
Q30925808	Kiso Mibashira Shrine
Q30926224	Inumaru-tenmangū
Q30926305	Shinmei Shrine (Higashi Kurume)
Q30928288	Otoshi Konpira Shrine
Q30928447	Isora Shrine
Q30929765	Mankusen Shrine
Q30930458	Kanfune Shrine
Q30930977	Shinmei-gū
Q30931377	Uneoni Masutakehayaniyasu Shrine
Q30932144	Kanki Hachiman Shrine
Q30932700	Kasanogi Inari Shrine
Q30933144	Aitsuchi Shrine
Q30933323	Izumoiwai Shrine, Moroyama
Q30933522	Iwanai Shrine
Q30934148	Kamikasuya Shrine
Q30934659	Ame-no-Miya Shrine
Q30934797	Soshino-hachimangū
Q30935472	Takeo Shimokorihiko Shrine
Q30935830	Ubusuna Hachiman Shrine
Q30935875	Gosho Shrine
Q30935930	Murahi Shrine
Q30936766	Suwa Shrine (Tsunashima, Kōhoku-ku)
Q30937600	Oiwa Shrine
Q30937956	Toyokage Shrine
Q30938096	Karita-hachimangū
Q38275942	Onden Shrine
Q38276022	Ishi Shrine
Q38276233	Miyamizu Shrine
Q38276245	Chinjufu-hachimangū
Q38276448	Saba Shrine
Q38277566	Mikawa Inari Shrine
Q38278417	Yomochi Shrine
Q38278473	Hahime Shrine
Q38278496	Kagamitsukuri Nimasu Amateru Mitama Shrine
Q38278497	Musanimasu Shrine
Q38278628	Hiyoshi Shrine
Q38279392	Sō no Miagata Niimasu Shrine
Q38279471	Iinari Shrine
Q40033163	Saneharu Sanjō
Q42006280	Honmoku Shrine
Q43594496	Kodaira Shinmei-gu
Q43594501	Hondo Suwa Shrine
Q43594517	Ōi-zaō Gongen Shrine
Q43594526	Sawadahachiman Shrine (Fujiidera)
Q43594535	Ōmi Kunitama Shrine
Q43594549	Yamato Okunitama Shrine, Mima
Q43594557	Kunigami Shrine
Q43594590	Ikenimasu Asagiri Kihatahime Shrine
Q43594600	Osada Nimasu Amateru Mitama Shrine
Q43594603	Yamato Onchi Shrine
Q43594607	Kagamitsukurimake Shrine
Q43594611	Hobata Shrine
Q43594622	Hokkaidō Tōshō-gū
Q43594629	Ishikari Hachiman Shrine
Q43594637	Inashironimasu Shrine
Q43594646	Takechino Miagata Shrine
Q43594654	Hahō Shrine
Q43594663	Ōnamochi Shrine
Q43594812	Ōji Shrine
Q43594821	Oyamazumi Shrine
Q43594829	Yasaka Shrine
Q43594845	Izanami Shrine
Q43594855	Izanami Shrine, Mima
Q43594862	Kumano Shrine
Q43594869	Hime Shrine (Nanto City)
Q43594894	Itsukushima Shrine
Q43594904	Inari Shrine
Q43594910	Iwakura Shrine
Q43594918	Kataoka Shrine
Q43594929	Katayama Shrine
Q43594945	Nishinomiya Shrine
Q43595110	Kinumaru Shrine
Q44393923	Shakuma Shrine
Q44393931	Ebisu Shrine
Q44393940	Shirane Shrine
Q44393958	Hōmi Tenjinsha
Q45193026	Orido Hachiman Shrine
Q48744171	Hiramatsu Shrine
Q48754475	Iwato Wake Shrine
Q48754595	Sugawara Shrine
Q48754640	Shizuri Shrine
Q48754781	Tatsuichi Shrine
Q48754918	Kotai Shrine
Q48755655	Kokuwakura Shrine
Q48755963	Kasuga Shrine
Q48757057	Daishōgun Shrine (Nara City)
Q48757073	Tada Shrine (Tabuto Shrine)
Q48757091	Kashiwagi-tenmangū
Q48757104	Mizukagami Tenjinsha
Q48757542	Kai Tenmangu
Q48757552	Sainami Tenjinsha
Q48758282	Shirahito Shrine
Q48758315	Hanoura Shrine
Q48758325	Okanoue Shrine
Q48758332	Ushihiko Shrine
Q48758357	Takefutsu Nishinomiya Shrine
Q48758365	Takefutsu Shrine
Q48758374	Akanta Shrine
Q48758379	Igasa Shrine
Q48758380	Hayasame Shrine
Q48758383	Toyokuni Shrine
Q48758398	Sakurama Shrine
Q48758430	Yahoko Shrine
Q48758503	Kotoshironushi Shrine
Q48758510	Annai Shrine
Q48758612	Noda-hachimangū
Q48758696	Tsuki Shrine
Q48758859	Nitta Shrine
Q48758872	Nitta Shrine (Kawasaki City)
Q48759389	Mimatsuhiko Shrine
Q48759404	Takeminatomi Shrine
Q48761121	Karamatsu Shrine
Q48761131	Isagawa Shrine
Q48761292	Hakusan Shrine
Q48762570	Karakuni Shrine
Q48762976	Kotai Shrine
Q48763365	Fuchi Shrine
Q48763553	Tamatsuoka Shrine
Q48763696	Oshisaka Yamaguchi Numasu Shrine
Q48763725	Minushi Shrine
Q48764406	Okamura Tenmangū
Q50809348	Torinoko Sansho Shrine
Q51199197	Komadome-Hachiman Shrine
Q52728642	Hachiman Shrine, Nakamura, Nerima
Q52729136	Takamatsuhachiman Shrine
Q52729406	Saginomiya Hachiman Shrine
Q53633826	Omi Shrine
Q54153251	Ichihara Inari Shrine
Q54153252	Yasaka Shrine
Q54153253	Onsen Shrine
Q54153255	Hassho Shrine
Q54153257	Takanoki Shrine
Q54153258	Daishōgun Shrine (Kyoto City Higashiyama Ward)
Q54153260	Takachiniimasu Shrine
Q54153261	Kamo Shrine
Q54153262	Mizushi Shrine
Q54153263	Tsukiyomi Shrine
Q54153264	Tanakurahiko Shrine
Q54153265	Chikatsu Shrine
Q54153266	Hirono Shrine
Q54153270	Mitsue Shrine
Q54153271	Kushitamanomikoto Shrine
Q54153272	Amenotakechi Shrine
Q54153274	Oshisaka Nimai Sukune Shrine
Q54153276	Karukomuranimasu Shrine
Q54153277	Chihayahiko Shrine
Q54153278	Kagamitsukuri Ita Shrine
Q54153279	Kitashita Shrine
Q54153288	Takio Shrine
Q54153289	Mukuhashi Sōja
Q54153290	Shingū Shrine
Q54153291	Atsuta Shrine (Ishikari)
Q54153292	Suwa Shrine (Nishio)
Q54868100	Hakusansha
Q55076890	Ichinoya-Yasaka Shrine
Q55450375	Akabane-hachiman Shrine
Q55522676	Yasura Shrine
Q55531665	Tawaki Hiyoshi Shrine
Q55532282	Saguri Shrine
Q55532347	Tonoki Shrine
Q55532885	Yanagimori Shrine
Q55532887	Hirakawa-tenmangu
Q55533377	Hakken-gū
Q55533873	Kozuchi Shrine
Q55537218	Tōsu no Yashiro
Q55537221	Minami Shingū-sha
Q55538115	Senzoku Inari Shrine
Q55539277	Ichinomisaki Shrine
Q55540317	Ōmunaji Shrine
Q55540540	Shidori Shrine
Q55541642	Sato Shrine (Hitachiota)
Q55589090	Category:Ichinomiya (Region)
Q55618890	Nobeno Shrine (Hisai Hachimangu)
Q56346687	Kasuga Shrine
Q56346760	Saki Shrine
Q56346769	Saki Shrine
Q56347526	Ōhama Hachiman Daijinja
Q56347548	Kawakami Tenmangū
Q56347696	Isaida Inari Shrine
Q56347778	Tadanomoto Shrine
Q56350254	Tamura Shrine
Q56352076	Sawawachigi Shrine
Q56523409	Kotohira Shrine
Q56760791	Sanhashira Shrine
Q56883945	Moriya Shrine
Q56886435	Gōdo-hachimangū
Q57023525	Hakusan-sha
Q57156038	Hakusan Shrine
Q57338160	Waka Shrine
Q57617988	Mamada Hachimangu
Q57923528	Inada Shrine
Q57931939	Ikarashi Shrine
Q58209684	Himuro Shrine, Tenri city
Q58213337	Hachiman Daijingū (Osaka)
Q58793580	Sendai Inari Shrine
Q58874491	Sannōgū-Hiyoshi Shrine
Q58875197	Wakinomiya Shrine
Q59282569	Kohinata Shrine
Q59282579	Tsuge-yamaguchi Shrine
Q59282581	Tsugeyamaguchi Shrine
Q59282584	Nagakura Shrine
Q59282586	Shikinai Tatehara Shrine
Q59282589	Wanishita Shrine (Ichinomoto)
Q59282593	Wanishita Shrine
Q59282601	Yamabe Shrine
Q59282622	Awa Shrine (Oyama)
Q59282626	Kingoryū Shrine
Q59282631	Hakusangū
Q59282636	Hokotsuki Shrine
Q59282641	Oda Shrine
Q59282642	Chikagata Shrine
Q59282644	Takagi Shrine
Q59282646	Kuroishi Shrine
Q59282652	Ōno Shrine
Q59820876	Senbei Shrine
Q60297838	Miwa Shrine
Q60985334	Hime Shrine
Q60988150	Toyagasaki Shrine
Q60988165	Hazu Shrine
Q60988248	Mitake Shrine
Q60988403	Ōtori Shrine
Q60988459	Kamo Yamaguchi Shrine
Q60988633	Hakusan Shrine
Q60988642	Hakusan Shrine
Q60988677	Tenzan-jinja
Q60988940	Amaterasu Mioya Shrine
Q60988994	Kumano Shrine
Q60989042	Hachiman Shrine (Fukaya)
Q60989138	Tomita Yasaka Shrine
Q60989143	Hirayanagi Hoshinomiya Shrine
Q60989150	Tomita Hoshinomiya Shrine
Q60989285	Yahatabashi Hachiman Shrine
Q60989291	Negishihachiman Shrine
Q60989508	Nishinoda Raiden Shrine
Q60989524	Hachiman Shrine
Q60989626	Umashi Shrine
Q60989982	Ōtsuchi Inari Shrine
Q60990573	Minatosumiyoshi Shrine
Q60990906	Sunari Shrine
Q60990941	Takaya Shrine
Q61005943	Category:Regional Sōja
Q61058050	Omiashi Shrine
Q61058183	Isuzu Shrine
Q61700660	gokoku shrine
Q62056170	Arei Shrine
Q63147912	Ubushina Shrine
Q63147940	Yadoriki Shrine
Q63147950	Shinmei-sha
Q63147958	Asai Atago Shrine
Q63147962	Sumiyoshi Shrine
Q63147976	Samakumine Shrine
Q63147989	Futamata Shrine
Q63148000	Sengan Shrine
Q63148006	Ogura Shrine
Q63148027	Kumano Shrine
Q63148033	Hie Shrine
Q63148107	Kanbara Shrine
Q63148121	Hakusan Shrine
Q63891076	Ogura Shrine
Q63891125	Amayukawata Shrine
Q63981812	Shiki no Miagata Nimasu Shrine
Q64226302	Tanao Shrine
Q64524645	Sakurai Shrine
Q64969614	Futami Okitama Shrine
Q65248449	Gosha-no-Hokora
Q65248550	Ima-hachimangū
Q65248733	Sata-tenjingu
Q65249271	Kattamine Shrine
Q65249387	Tsurugi Shrine
Q65249572	Junisho Shrine
Q65250614	Kotan Hachiman Shrine
Q65259139	Iwafune Shrine, Konan
Q65260948	Afuchi Shrine
Q65269024	Origami Inari Shrine
Q65269150	koromo Shrine
Q65270637	Kasuga Shrine
Q65271027	Motokariya Shrine
Q65272688	Kumano Sansho Shrine
Q65276379	Misaka Shrine
Q65277444	Tateyama Shrine
Q65278507	Ayabe Shrine
Q65278999	Hazukashi Shrine
Q65279652	Yoki Tenman Shrine
Q65279926	Hanaoka-hachimangu
Q65291930	Adakaya Shrine
Q65293934	Kashima Shrine
Q65498694	Yanahime Shrine
Q65646259	Category:Ni-no-Miya
Q65681696	Isobe inamura Shrine
Q65734340	Takehime Shrine
Q65962628	Kashiwai Hachiman-sha
Q66085122	Izumonoiwai Shrine
Q66085126	Hanashiyama Shrine
Q66085127	Kamo-Ōkami-miko-kami-nushi-tama Shrine
Q66085129	Takeuchi Shrine
Q66085130	Kawasukune Shrine (Shibukawa)
Q66085131	Kawasukune Shrine (Higashiagatsuma)
Q66105394	Obusuma Shrine
Q66111211	Okitsu-gū
Q66111213	Nakatsu-gū
Q66111215	Hetsu-gū
Q66564749	Oi Shrine
Q66673849	Zeze Shrine
Q66764741	Fujiuchi Shrine
Q67192692	Muku Shrine (Minano)
Q67200466	Iko-no-hayamitama Hime-no Shrine
Q67752315	Himemiya Shrine (Miyashiro)
Q67989816	Araho Shrine
Q68537489	Mika Shrine (Misato town, Saitama)
Q69029500	Kanzaki Shrine (Tottori)
Q69344711	Kawawa Shrine (Misato town, Saitama)
Q70203929	Kuwabara Shrine
Q70280025	Izumoiwai Shrine (Iruma)
Q70725130	Tenjin-sha
Q72183108	Yasaka Shrine
Q72707416	Kohaku Shrine
Q72727923	Imaki-Aosaka-Inami-Ikegami Shrine
Q72727981	Nagahatabe Shrine
Q72728268	Imaki-Aosaka-Inami-Ikegami Shrine
Q74704569	Kashiwagi Shrine
Q75009351	Asahi Shrine
Q76386845	Kaya Tenman Shrine
Q76971499	Tamagawa Shrine
Q77267791	Azusami Tenjinsha
Q77578507	Fuji Shrine
Q79044895	Kawaminami Gokoku Shrine
Q79590006	Niusakadono Shrine
Q79733806	Akiu Shrine
Q79840983	Motoori Norinaga no miya
Q80428331	Obiki Inari Shrine
Q80452413	Yoi Inari Shrine
Q80500551	Yoake Inari Shrine
Q80835717	Nagara Shrine (Daishuku-cho, Tatebayashi)
Q80835943	Aoume Shrine
Q80898298	Nagara Shrine (Shinjuku, Tatebayashi)
Q81030642	Toyokawa Susanoo Shrine
Q83886404	Karakawa Shrine
Q84400117	Kawasukune Shrine (Miyukida, Shibukawa)
Q84801684	Inahashi Hachiman Shrine
Q85593661	Hyōzu Shrine
Q85874973	Nanatsubuchi Shrine
Q85876386	Sumiyoshi Shrine
Q85876834	Yasaka Shrine
Q85876874	Hakkai Shrine
Q85878507	Sumisaka Shrine
Q85878617	Taga Shrine
Q85878781	Oyamada Shrine
Q85878906	Oota Shrine (Nagano)
Q85878927	Daishinboku Shrine
Q85879982	Kawaai Shrine
Q85880047	Fuse Shrine
Q85880406	Atago Shrine
Q85880825	Waseda Shrine
Q85880831	Asahi Shrine (Hirano-ku)
Q85880994	Arimatsu Tenman-sha
Q85881022	Asao-sha Shrine
Q85881690	Takemizuho Shrine
Q85881746	Suimu Shrine
Q85881759	Higanotome Shrine
Q85882240	Kumano Shrine
Q85882245	Kumano Shrine
Q85882373	Ōhi Shrine (Nakano)
Q85882651	Yabara shinmeigū
Q85882705	Iwai Shrine
Q85882800	Kamui Shrine
Q85882964	Inatori Shrine
Q85882967	Oohama Inari Shrine
Q85883009	Tachikura Shrine
Q85883017	Takehara Shrine (Nakano)
Q85883022	Takaya Shrine
Q85883244	Rōken Shrine
Q85883271	Munakata Shrine
Q85883759	Suwa Shrine
Q85883840	Toyokashima Shrine
Q85884328	Abo Shrine
Q85884332	Aguma Shrine
Q85884439	Aoyama Hachimangū
Q85884553	Akitomi Shrine
Q85884627	Takatsuka Kumano Shrine
Q85884751	Toride Shrine
Q85884759	Hatogamine-hachimangū
Q86194281	Yahashira Shrine (Hekinan)
Q86743604	Niu Shrine
Q87433102	Niwata Shrine
Q87853305	Ii Shrine
Q88535800	Uchi Shrine
Q92443788	Heda Shrine
Q92451762	Tsurugi Shrine (Hofu)
Q95742860	Takinogawahachiman Shrine
Q95743097	Tabata Hachiman Shrine
Q95745373	Yakumo Shrine
Q95746304	Katori Shrine
Q95746360	Katori Shrine
Q95746491	Shinkoiwa Katori Shrine
Q95746551	Higashi‑Komatsugawa Katori Shrine
Q95748381	Shibamata Hachiman Shrine
Q95932360	Futaarayama Shrine
Q95937595	Toyomitsu Shrine
Q96316086	Suwa Shrine
Q96615742	Yasaka Shrine
Q96630824	Yasaka Shrine
Q96820108	Hachiōji Shrine
Q97161713	Hikone Shrine
Q97162402	Tanaka Shrine
Q97162781	Homutawakenomikoto
Q97164395	Niu Shrine
Q97171622	Rokusho Shrine
Q97172024	Kyōdō Tenso Shrine
Q97172890	Fukasawa Shrine
Q97172938	Karasuyama Shrine
Q97172971	Tamagawa Shrine (Setagaya-ku)
Q97173397	Sugawara Shrine
Q97176267	Susaki Shrine
Q97176697	Suwa Shrine
Q97181608	Kunisaka Shrine
Q97183020	Sumida Inari Shrine
Q97187890	Kitano Shrine
Q97188934	Hakusan Shrine
Q97189129	Suwa Shrine (Nishi-Ōizumi)
Q97192096	Koiwa Shrine
Q97192369	Hie Shrine
Q97193373	Toyota Shrine
Q97195467	Rokusho Shrine
Q97196810	Kumano Shrine
Q97197202	Kifune Shrine
Q97199573	Atago Shrine
Q97202442	Tenno Shrine (Otsu)
Q97203435	Hikawa Shrine
Q97203447	Hikawa Shrine
Q97203464	Kawaramachi Inari Shrine
Q97205022	Washi Shrine
Q97206526	Tenso Shrine
Q97206557	Takasago Tenso Shrine
Q97206855	Ozu Shrine
Q97207677	Shirahige Shrine
Q97209677	Kitano Shrine
Q97209891	Tenso Shrine
Q97209904	Tenso Shrine (Itabashi-ku)
Q97210526	Hikawa Shrine
Q97210535	Hikawa Shrine
Q97210813	Suwa Shrine (Itabashi-ku)
Q97213137	Kumano Shrine
Q97213452	Suwa Shrine
Q97213500	Mayama Toyotomi Shrine
Q97216199	Suwa-sha
Q97216413	Raiden Shrine
Q97218316	Takeuchi Shrine
Q97220447	Heguri Shrine
Q97276761	Yamaga Shrine
Q97276772	Yamadai Shrine
Q97280705	Ushijima Shrine
Q97310655	Kitano Shrine
Q97310725	Shinmei Hikawa Shrine
Q97310831	Okubo Hachimangu
Q97311695	Moro Shrine
Q97341987	Tenjin Shrine
Q97342036	Takeo Shrine
Q97376108	Tenso Shrine
Q97478976	Hikawa Shrine
Q97479003	Nagasaki Shrine
Q97613675	Hikawa Shrine
Q97613677	Hikawa Shrine
Q97613682	Kumano Shrine
Q97613684	Kumano Shrine
Q97613691	Inari Shrine
Q97658183	Hanazono Shrine
Q97819166	Funatsu Shrine
Q98082797	Kajiwara Hachiman Shrine
Q98082987	Amanokaguyama Shrine
Q98526762	Chigata Shrine
Q98972336	Shiratori Shrine
Q99463928	Tsushima Shrine
Q99522890	Jūnisho Shrine
Q99887523	Kamishikimi Kumanoimasu Shrine
Q100464312	Naka Shrine (Matsuzaki)
Q100544140	Shibukawa Shrine, Owariasahi
Q100551246	Taku Shrine
Q100902082	Katsurayamaochiai Shrine
Q101192019	Yuraminato Shrine
Q104061132	Kamitani-tachi-no-Miya
Q104243396	Shinmeitaīchisha
Q104245199	Nagashima Shrine
Q104353219	Owase Shrine
Q104533567	Itōzuhachiman Shrine
Q104660635	Kannabi Shrine (Fuchu city, Hiroshima)
Q105063759	Yukie Shrine (Setouchi)
Q105449313	physical sign
Q105710159	Etchū Gokoku Hachimangū
Q105720031	Hori Shrine
Q105849251	Sarashina Shrine
Q106301088	Kamo Shrine
Q106354791	Okada Shinmeisha
Q106388142	Araya Yama Shrine
Q106697652	Furumine Shrine
Q106840430	The Chicago Manual of Style (16th edition)
Q106852385	Matsushima Shrine
Q106852389	Hazu Shrine (Minamichita)
Q106852394	Kuramae Shrine
Q106852399	Yasaki Inari Shrine
Q106852402	Matsumae Gokoku Shrine
Q106852405	Shintotsukawa Shrine
Q106852432	Meguro Gokoku Shrine
Q106852434	Higashiyama Hakusan Shrine
Q106852451	Iwado Hachiman Shrine
Q106852452	Hachikan Shrine
Q106852453	Koami Shrine
Q106852468	Ninoe Shrine
Q106852469	Funabori Inari Shrine
Q106852470	Ukita Inari Shrine
Q106852471	Motomishima Shrine
Q106852472	Tamahime Inari Shrine
Q106852473	Honsha Mishima Shrine
Q106852475	Ichigaoka Hachiman Shrine
Q106852478	Aoe Shrine
Q106852481	Sakaki Shrine
Q106852498	Shikinagayoshi Shrine
Q106852500	Murohime Shrine
Q106852582	Suga Shrine
Q106852585	Sumiyoshi Shrine
Q106852586	Shinmei-sha
Q106852589	Imamiya Shrine
Q106852596	Okada Shrine
Q106852616	Shinmei-sha
Q106852617	Shinmei-sha
Q106852618	Rokusho Shrine
Q106852620	Hikawa Shrine
Q106852623	Hirai Suwa Shrine
Q106852624	Tenso Shrine
Q106852625	Koiwata Tenso Shrine
Q106852629	Kashima Shrine
Q106852632	Tenso Shrine
Q106852636	Shirahige Shrine
Q106852641	Atsuta Shrine
Q106852642	Kumano Shrine
Q106852645	Nagakura Shrine
Q106852648	Usa Hachiman Shrine
Q106852650	Usa Hachiman Shrine
Q106852653	Kotohira Shrine
Q106852693	Hiruko Shrine
Q106852705	Yokota Shrine
Q106852711	Tate Shrine
Q106967916	Hirosaki Hachimangū
Q107020402	Nishi Honden, Namura Shrine
Q107213605	Nishi Tobetsu Shrine
Q107278896	Kida Shrine
Q107297935	Himesaka Kanachiana Shrine
Q107306769	Amino Shrine
Q107410059	Haniyamahime Shrine
Q107410062	Ōfuna Shrine
Q107410064	Yonekawa Hachiman Shrine
Q107410066	Amatsukasahiko Shrine
Q107410067	Amatsukasahiko Shrine
Q107410068	Amanohashidate Shrine
Q107410071	Komabayashi Hachiman Shrine
Q107410078	Hikawa Shrine
Q107410079	Musashino-hachimangū
Q107410082	Kuroo Shrine
Q107410086	Gyōda Hachiman Shrine
Q107410087	Izusan Shrine
Q107494084	Ōgamiyama Shrine
Q107664337	Takano Shrine (Kyotango)
Q108505880	Akagi Shrine (Ashitsugi-cho, Tatebayashi)
Q109062189	Sano Yasaka Shrine, Kanegasaku Matsudo
Q109282957	Kesema Ōshima Shrine
Q109319728	Morito Daimyōjin Shrine
Q109597715	Shide Shrine
Q109599027	Yasaka Daijin Shrine
Q109599663	Motosu Shrine
Q109600997	Hide Shrine
Q109603446	Ōmiya Sumiyoshi Shrine
Q109603456	Minegaoka Hachiman Shrine
Q109605193	Susaki Ōkami Shrine
Q109605197	Moriyama Shrine (Hayama)
Q109605883	Shin Hikami-sha
Q109665899	Uhashi Shrine
Q109768057	Tsuzureko Shrine
Q109820450	Fujī Shrine
Q110128379	Okaburaya Shrine
Q110143752	sometimes
Q110197348	Akiha Shrine
Q110270269	Kasuga Shrine
Q110607452	Ikedahachiman Shrine
Q110610133	Kashima Shrine
Q110734894	Imamiya Shrine
Q110858812	Ajiko Shrine
Q110867129	Hinode Shrine (Nagoya)
Q110915761	Inane Shrine
Q110915859	Oshaku Shrine
Q110935782	Tenmangū
Q110987366	Kumano Shrine
Q110994336	Kasuga Shrine
Q110994871	Monzen Yasaka Shrine
Q111020033	Araki Katori Shrine
Q111020034	Hachiman Shrine (Abiko)
Q111020036	Hokusei Shrine
Q111020041	Midori Katori Shrine
Q111047790	Ninomiya Shrine
Q111076400	Nasu Yuzen Shrine
Q111269921	Hinatano Shrine
Q111280245	Sumiyoshi Shrine
Q111281153	Hie Shrine
Q111304814	Koyasu Inari Shrine
Q111333730	Ootomo Shrine
Q111338133	Unomori Shrine
Q111370894	Kesonuma Inari Shrine
Q111374476	Ikama Shrine
Q111432409	Kumano Shrine
Q111442063	Hakozaki Hachiman Shrine
Q111495856	Uwato Shrine
Q111547566	Atago Shrine
Q111551889	Ishigami Hachimangū
Q111620833	Haragosha Shrine
Q111665822	Sarutahiko Shrine
Q111674494	Shidori Shrine (Nirasaki)
Q111692573	Shinōkahachiman Dai Shrine
Q111776816	Hirose Shrine (Izunokuni)
Q111812581	Kongō-ji-bon Engishiki Jinmyōchō
Q111821895	Horide Shrine
Q111824775	Matsuo Shrine
Q112044145	Terayama Shrine
Q112080491	Suwa Daijinja
Q112146004	Sakato Shrine
Q112152942	Yatsuki Tsutsukowake Shrine
Q112155423	Omishinmeigū
Q112161861	Arami Shrine
Q112199145	Misome Shrine
Q112540290	Wakamiya Hachiman‑gū
Q112669207	Agatai Shrine
Q112923996	Aomi Shrine
Q112953068	Maruko Shrine Sengen Shrine
Q113141801	Washi Shrine
Q113245315	Oiwa Shrine
Q113378022	Shiota Hachiman Shrine
Q113622353	Jōmine Shrine
Q113679851	Hachiman Shrine
Q113679907	Omiya Shrine
Q113874421	Kasuga Shrine (Kyotango)
Q113922706	Mizotani Shrine
Q113958640	Musashi Dairokuten Shrine
Q113988055	Shinmei Shrine
Q114163532	Tenman Shrine
Q114237475	Taketsuka Shrine
Q114350120	Shirahige Shrine
Q114565487	Sezaki Sengen Shrine
Q114565826	Hisaizu Shrine
Q114565841	Hisaizu Shrine (Iwatsuki-ku)
Q114593121	Baba Tsutsukowake Shrine
Q114632156	Sekiyama Shrine
Q114632288	Sugawara Shrine
Q114641791	Raiden Shrine
Q114651927	Inari Shrine (Kita-ku, Saitama)
Q114797980	Susanō Shrine
Q114801516	Hikawa Shrine (Minami-ku)
Q114801596	Hikawahachiman Shrine
Q114950306	Hikawa Shrine (Sakura-ku)
Q114960612	Shinmei Shrine (Minuma-ku)
Q114976630	Inari Shrine
Q114976786	Inarijinsha
Q114977674	Hikawa Shrine (Kamiokubo, Sakura, Saitama)
Q114978113	Hikawa Shrine (Toda)
Q114978195	Hikawa Shrine (Kawaguchi)
Q114978615	Hikawa Shrine (Ōmiya-ku)
Q115009403	Tatsumi Shrine
Q115032213	Shirasagi Shrine
Q115034435	Hikawa Shrine
Q115034514	Futatsumiya Hikawa Shrine
Q115034565	Nishiasuma Hikawa Shrine
Q115038589	Oyaba Hikawa Shrine
Q115038685	Hikawa Shrine (Minuma-ku)
Q115040653	Hikawa Shrine (Chuo-ku)
Q115040730	Oto Hikawa Shrine
Q115040917	Oyaguchi Hikawa Shrine
Q115041081	Takagi Hikawa Shrine
Q115041266	Hikawa Shrine
Q115047623	Inarijin Shrine
Q115048979	Inari Shrine (Kawaguchi)
Q115063604	Hikawa Shrine
Q115063644	Hikawa Shrine
Q115098098	Mikura Shinmei Shrine
Q115098123	Shinmei Shrine
Q115113219	Kizuki Shrine
Q115114114	Hikawa Shrine (Nishi-ku)
Q115114140	Inari Shrine (Chuo)
Q115117373	Īzukahikawa Shrine
Q115187945	Asai Shrine (Takaoka Ishizutsumi)
Q115194112	Hisaizu Shrine
Q115194193	Hisaizu Shrine
Q115194219	Tsuchiya Hikawa Shrine
Q115194250	Komurada Hikawa Shrine
Q115519772	Taga Shrine (Atami)
Q115653433	Ubagai Shrine
Q115739544	Adachi Shrine
Q115740129	Ikomayamaguchi Shrine
Q115748481	Kudo Shrine
Q115756202	Yasaka Shrine
Q115861524	Tsukakoshi Inari Shrine
Q116195964	Ariga Shrine
Q116213912	Furuoya Hachiman Shrine
Q116411195	Asahi Shrine (Soka)
Q116505726	Hata Shrine (Hannan)
Q116677419	Hie Shrine
Q116691175	Yokozone Shrine
Q116694076	Morokuchi Shrine
Q116768256	Koyasu Shrine
Q116774786	Soya Shrine
Q116782734	Minamiashigara Shrine
Q116783621	Tago Inari Shrine
Q116784073	Hikawasha
Q116784687	Hachiman Shrine
Q116784704	Takahagi Hachimangu
Q116784992	Yoshinuma Hachiman Shrine
Q116785023	Sashiogi Hikawa Shrine
Q116829251	Toro Shinmei-sha
Q116831399	Suwa Shrine (Minuma-ku)
Q116832608	Yanagasaki Hikawa Shrine
Q116833361	Hachiman Shrine
Q116869415	Ashigara Shrine
Q116872668	Inari Shrine (Koshigaya)
Q116884577	Ōtori Shrine
Q116890332	Hikoshima Hachimangu
Q116909162	Yamagami Hachiman Shrine
Q116921183	Suwa Shrine (Hakone)
Q116968871	Moriyama-hachimangu (Izunokuni)
Q116979314	Uwato Shrine (Nirasaki)
Q116980200	Suwa Shrine (Kamakura)
Q116980215	Suwa Shrine
Q117030335	Shinmei-sha
Q117044546	Inari Shrine (Iwatsuki-ku)
Q117044774	Inari Shrine
Q117062765	Otsuna Konpira Shrine
Q117074373	Mihashira Shrine
Q117087432	Ushioda Shrine
Q117091796	Ugusu Shrine
Q117097275	Taniya Shrine
Q117098486	Kasuga Shrine
Q117138364	Araki Shrine (Izunokuni)
Q117305492	Katori Shrine
Q117305509	Katori Shrine (Matsubushi)
Q117315338	Zama Shrine
Q117316433	Suwa Shrine
Q117316516	Sengen Shrine (Oshino)
Q117355655	Suwa Shrine
Q117389709	Makibori Shrine
Q117409386	Takao Shrine
Q117412114	Matsubushi Shrine (Matsubushi)
Q117412638	Daimon Shrine
Q117413141	Hikawa Shrine
Q117413396	Sōka Shrine
Q117452953	Akao Shibutare Kōribe Shrine
Q117455986	Sengen Shrine
Q117459995	Imamiya Shrine
Q117463192	Warikozuka Inari Shrine
Q117474201	Taimenseki Hachiman Shrine
Q117474238	Komakado Sengen Shrine
Q117509551	Category:Ken-sha
Q117509611	Category:Min-sha
Q117534526	Keya Kurotatsu Shrine
Q117759826	Category:Fu-sha
Q117769491	Category:Kanpei-sha
Q117769494	Category:Kokuhei-sha
Q117817694	Hisaizu Shrine
Q117817740	Hikawa Shrine (Toda)
Q117825988	Komagata Takeko Mayumi Shrine
Q117840829	Inari Shrine
Q117844610	Category:Engishiki Jinmyocho
Q117848511	Akaruhimenomikoto Shrine
Q117858464	Yachimata Shrine
Q117864147	Hisaizu Shrine (Koshigaya)
Q117864180	Hikawasha
Q117864630	Hisaizu Shrine
Q117864670	Hie Shrine
Q117864683	Hie Shrine (Numazu)
Q117864730	Hikawasha
Q117864746	Hikawasha
Q117864756	Hikawa Shrine (Toda)
Q117864764	Kizone Hikawa Shrine
Q117864770	Hikawa Shrine
Q117864778	Hisaizu Shrine
Q117864789	Hisaizu Shrine
Q117864882	Hisaizu Shrine
Q117864895	Hisaizu Shrine (Koshigaya)
Q117864910	Himemiya Shrine
Q117878402	Okafuto Shrine
Q118105171	Toshi Shrine
Q118105628	Daitakesan Nagato Shrine (Yamanashi)
Q118114706	Fukutoku Shrine
Q118146837	Shinmei-gū
Q118368232	Sasame Shrine
Q119241912	Ooyamato Shrine (Nishi-ku)
Q119409418	Asahi Shrine (Roppongi)
Q119751089	Kasagami Shrine
Q119929430	Imamiya Shrine
Q119929432	Takebuyama Shrine
Q119929435	Fujioka Shrine (Tochigi)
Q119929437	Naganuma Hachimangū
Q119929444	Hie Shrine
Q119929445	Hachiman Shrine
Q119929448	Yoshikawa Shrine (Yoshikawa)
Q119929453	Oshika Shrine
Q119929454	Katori Shrine
Q119929456	Nyotai Shrine (Soka)
Q119929458	Aoyagi Hachiman Shrine
Q119929460	Nyotai Shrine
Q119929461	Yasaka Shrine
Q119929462	Ōsawa Katori Shrine
Q119929464	Nando Sui Shrine
Q119929465	Mashimori Shrine
Q119929466	Morisato Shrine
Q119929467	Hachiman Shrine
Q119929468	Tenjin-sha
Q119929469	Hachiman Shrine
Q119929470	Hachiman Shrine
Q119929472	Katori Shrine
Q119929473	Komagata Shrine
Q119929474	Maeya Inari Shrine
Q119929475	Shimoshindeninari Shrine
Q119929478	Katori Shrine
Q119929479	Katori Shrine
Q119929480	Mitake Shrine
Q119929482	Inari Shrine
Q119929483	Inari Shrine
Q119929484	Inari Shrine
Q119929485	Shinmei Shrine
Q119929486	Neno Shrine
Q119929488	Katori Shrine
Q119929489	Nyotai Shrine
Q119929490	Dōniwakatori Shrine
Q119929492	Katori Shrine
Q119929494	Hachiman Shrine
Q119929495	Inari Shrine
Q119929496	Katori Shrine
Q119929497	Katori Shrine
Q119929499	Katori Shrine
Q119929500	Inari Shrine
Q119929502	Katori Shrine
Q119929503	Katori Shrine
Q119929504	Akanuma Shrine
Q119929505	Fujitsukakatori Shrine (Kasukabe)
Q119929507	Katori Shrine
Q119929508	Tateno Tenmangū
Q119929510	Sagi Shrine
Q119929512	Hachiman Shrine
Q119929513	Susanoo Shrine (Takasaki)
Q119929514	Kashima Shrine
Q119929515	Hie Shrine
Q119929518	Katori Shrine
Q119929519	Onogo Tenmangu
Q119929520	Munetō Shrine (Shimotsuma)
Q119929521	Itsukushima Shrine
Q119929524	Ōnaka Shrine (Hitachiota)
Q119929525	Daijingu (Sakuragawa)
Q119929527	Toyōke Shrine
Q119929529	Sakasai Fuji Sengen Shrine (Kashiwa)
Q119929531	Naka Shinjuku Fuji Sengen Shrine
Q119929532	Yasaka-ōkami
Q119929533	Katori Shrine
Q119929534	Katori Shrine
Q119929535	Torimi Shrine
Q119929536	Katori Shrine
Q119929542	Hachiman Kasuga Shrine
Q119929543	Yasaka Shrine
Q119929544	Omiya Shrine
Q119929548	Hachiman Shrine
Q119929549	Hachiman Shrine
Q119929550	Kasumine Shrine
Q119929551	Inari Shrine
Q119929552	Izumi Shrine
Q119929554	Nenomishima Shrine
Q119929555	Tenjin-sha
Q119929556	Hachiman‑sha
Q119929557	Inari Shrine
Q119929558	Inari Shrine
Q119929559	Hikawa Shrine
Q119929560	Inari Shrine
Q119929563	Ichimori Ōtori Shrine (Hachiōji)
Q119929568	Hachiōji Shrine
Q119929569	Mishima Shrine
Q119929573	Hikokorozashi Shrine (Hokuto)
Q119929574	Yamagata Shrine
Q119929575	Kanbe Shrine
Q119929586	Abe Shrine
Q119929596	Shirayama Hime Shrine
Q119929597	Hachiōji Shrine
Q119929598	Higashiyama Shinmei Shrine
Q119929601	Shinmei Shrine
Q119929602	Kasuga Shrine
Q119929603	Hakusan Shrine
Q119929604	Hakusan Shrine
Q119929605	Makikura Shrine
Q119929613	Toyoyuki Shrine
Q119929616	Hamana Sōsha-shinmeigū
Q119929617	Sakabe Shrine
Q119929618	Inashimo Shrine
Q119929619	Karuno Shrine
Q119929620	Kama Shinmeigu
Q119929624	Kinomiya Shrine
Q119929626	Toi Shrine
Q119929629	Hamamatsu Hachimangu
Q119929641	Yana Shrine
Q119929642	Eda Shrine
Q119929643	Kuwana Tachisaka Shrine
Q119929644	Fukuō Shrine
Q119929648	Tsutsui Shrine (Higashiomi)
Q119929652	Kishiki Shrine
Q119929662	Hakusan Shrine
Q119929663	Hegurinoiwatoko Shrine
Q119929664	Unkanjiniimasunaramoto Shrine
Q119929665	Funayama Shrine
Q119929666	Igami Shrine
Q119929667	Mikushi Shrine
Q119929669	Narukawa Shrine
Q119929670	Susanō Shrine
Q119929672	Hara Shrine
Q119929674	Hachiman Shrine
Q119929720	Gosho Shrine
Q120324086	Araki Shrine (Uchi district)
Q120454088	Ushitora Onzaki Shrine
Q120682029	Iwane Shrine
Q120727713	Miyazaki Gokoku Shrine
Q120811582	Oshiage Tenso Shrine
Q121278322	Kumano Shrine
Q121354239	Hisaizu Shrine
Q121392130	Misu Shrine
Q122616010	Inari Shrine
Q122616565	Unomiya Shrine
Q122616685	Konoshiro Shrine (Miyashiro)
Q122616762	Hachiman Shrine
Q122616809	Raiden Shrine
Q122675037	Hisaizusha
Q122675095	Hisaizu Shrine (Shiraoka)
Q122675158	Hisaizu Shrine
Q122675225	Washi Shrine
Q122675272	Suwa Shrine
Q122675578	Sumiyoshi Shrine
Q122676459	Ōyama Shrine
Q122790140	Niihashi Sengen Shrine
Q122900553	Ao Shrine (Matsubara)
Q122964884	Iidama Shrine
Q122973464	Araki Shrine
Q123046001	Soga Shrine
Q123110573	Wakayama Gokoku Shrine
Q123114940	Kumano Nyakuōji Shrine
Q123115010	Tanaka Shrine (Kyoto)
Q123115222	Ichihara Shrine
Q123115621	Kaizuka Shrine
Q123115680	Koroku Shrine
Q123118271	Tenjintakuzudama Shrine
Q123118284	Amateru Shrine
Q123118312	Iwai Shrine
Q123179471	Sawa Shrine
Q123299607	Futago Shrine
Q123385952	Tamamura Hachimangū
Q123533993	Shibukawa Hachimangū
Q124300627	Hie Daijinja
Q124309660	Rokusho Daijin Shrine
Q124337583	Shinmei Shrine
Q124474516	Asahiokayama Shrine
Q124482312	Tajimahikawasha
Q124482313	Uchiya Hikawa-sha
Q124482314	Kanpaku Shrine
Q124482315	Nenohi Shrine
Q124482316	Asahi Shrine (Kawaguchi)
Q124482317	Inarisha
Q124482318	Kokonoe Shrine
Q124482319	Nanasato Shrine
Q124482320	Tōshō Shrine
Q124482321	Tenjin-sha
Q124482322	Yudono Shrine
Q124482324	Kanayama Shrine
Q124482325	Hozumi Shrine (Saitama)
Q124482326	Yoshino Shrine
Q124482327	Nanpō Shrine
Q124482328	Nisshin Shrine
Q124482329	Bukoku Shrine
Q124482330	Hachiōji Shrine
Q124482332	Tenjin-sha
Q124482333	Hachiman‑sha
Q124482334	Nakao Shrine (Saitama)
Q124482335	Inari Shrine (Midori-ku)
Q124482336	Sansha Shrine
Q124482337	Dairokuten Shrine
Q124482338	Hakusan Shrine
Q124482340	Ukiya Shrine
Q124482341	Kitano Tenman Shrine
Q124482342	Nomago Shrine
Q124482343	Katori Shrine
Q124482344	Katori Shrine
Q124482345	Katori Shrine
Q124482346	Inari Shrine
Q124482348	Gosha Inari Shrine
Q124482349	Koshinden Inari Shrine
Q124482350	Minami-Kawasaki Inari Shrine
Q124482351	Inari Shrine
Q124482352	Hachiman Shrine
Q124482353	Hisaizu Shrine
Q124482354	Hikawa Shrine
Q124482355	Inari Shrine
Q124482356	Hachiman Shrine
Q124482358	Hisaizusha
Q124482359	Katori Shrine
Q124482360	Katori Shrine
Q124482361	Katori Shrine
Q124482362	Tomita Shrine
Q124482363	Kashima Shrine
Q124482364	Katori Shrine
Q124482365	Katori Shrine
Q124482366	Chikatsu Shrine (Sugito)
Q124482367	Toyosato Shrine
Q124482369	Hachiman Shrine
Q124482370	Sumiyoshi Shrine
Q124482371	Suwa Shrine
Q124482372	Suwa Shrine
Q124482373	Nagamiya Shrine
Q124482374	Hachiman Shrine
Q124482375	Hachiman Shrine
Q124482376	Hie Shrine
Q124482377	Hisaizu Shrine
Q124482378	Hisaizu Shrine
Q124482379	Ōsaki Shrine
Q124482380	Kuizu Shrine
Q124482381	Kuizu Shrine
Q124482382	Sanga Shrine
Q124482383	Shōbu Shrine
Q124482384	Tenjin-sha
Q124482385	Matsunaga Shrine
Q124482386	Washinomiya-sha
Q124482387	Katori Shrine
Q124482389	Katori Shrine
Q124482390	Katori Shrine
Q124482391	Kumano Shrine
Q124482393	Togakushi Shrine (Satte)
Q124482394	Nakano Shrine
Q124482395	Yoshino Shrine
Q124496702	Omiya Shrine
Q124496739	Ikeda-shintoku Inari Shrine
Q124496742	Tokiwa Shrine
Q124496743	Kasagi Shrine
Q124496744	Yatsurugi Shrine
Q124496745	Sakanami Shrine
Q124496746	Mukaiyama Shrine
Q124496747	Sakurada Shrine
Q124496748	Shirahige Shrine
Q124496749	Igi Shrine (Seki)
Q124496750	Hakusan Shrine
Q124496751	Kaki Inari Shrine
Q124496752	Kobi Shrine
Q124496753	Kujiri Shrine
Q124496754	Hachiman Shrine
Q124496755	Miyatani Shinmeigū
Q124496756	Nagamashinmei Shrine
Q124496757	Nonomiya Shrine
Q124496758	Kotohira Shrine
Q124496760	Nangū Shrine
Q124496761	Hachiman Shrine
Q124496762	Katsuramoto Shrine
Q124496763	Sumiyoshi Shrine
Q124496764	Hatogaya Hachiman Shrine
Q124496766	Okazaki Shrine
Q124496769	Tanakayama Shrine (Asaminami-ku)
Q124496781	Yasaka Shrine
Q124496783	Fuchu Hachimangu
Q124496784	Sanjō Hachimangu Shrine
Q124496785	Kumanowakamiya Shrine
Q124496786	Iwafune Shrine
Q124496787	Hiyoshi Shrine
Q124496789	Oyamazumi Shrine
Q124496790	Mishima Shrine
Q124500174	Hyōshi Shrine
Q124668655	Shirahige Shrine
Q125469425	Rubeshibe Shrine
Q125481312	Nakatsu Daijingu
Q125880913	Hikawa Shrine
Q126018388	Imagawa-hachimangu
Q126285710	Koutari Shrine
Q126709405	Kunitsuhiko-no-Mikoto Shrine
Q126722303	Izu Shrine
Q127268644	Kumano Shrine (Kamiyahagi-cho Shimo, Ena)
Q127507441	Aratama Shrine
Q127606902	Iwate Gokoku Shrine
Q127783765	Amasashihikonomikoto Shrine
Q127947848	Yamizomine Shrine
Q128766771	Hakken-sha (Kamisobue, Ichinomiya)
Q128809108	Toride Yasaka Shrine
Q128866557	Shinmei Shrine
Q128866558	Miyado Shrine
Q128866560	Uchimagi Shrine
Q128866562	Sengen Shrine (Shiki)
Q128866564	Tenjin-sha
Q128866566	Shikishima Shrine
Q128866568	Kumano Shrine
Q128866569	Hachiman Shrine
Q128866571	Haruna Shrine (Fujimi, Saitama)
Q128866573	Hikawa Shrine
Q128866575	Hikawa Shrine
Q128866577	Hikawa Shrine
Q128866579	Kaminanbata Shrine
Q128866581	Hachiman Shrine
Q128866585	Shinmei Shrine
Q128866588	Hachiman Shrine
Q128866590	Shinmei Shrine
Q128866592	Kasuga Shrine
Q128866594	Hikawa Shrine
Q128866596	Atago Shrine
Q128866597	Hikawa Shrine
Q128866599	Hikawa Shrine
Q128866601	Tenjinhikawahachimangōsha
Q128866603	Suwa Shrine
Q128866605	Hikawa Shrine
Q128866607	Atago Shrine
Q128866608	Hikawa Shrine
Q128866610	Shinmei Shrine
Q128866612	Hikawa Shrine
Q128866614	Atago Shrine
Q128866616	Hikawasuwa Shrine
Q128866617	Inari Shrine
Q128866619	Suwaraiden Shrine
Q128866621	Suwa Shrine
Q128866623	Tenjin-sha
Q128866625	Sengen Shrine
Q128866627	Hikawa Shrine
Q128866630	Hikawa Shrine
Q128866631	Suga Shrine
Q128866634	Hikawa Shrine
Q128866637	Hikawa Shrine
Q128866640	Oinezuka Shrine
Q128866643	Mitsugi Shrine (Konosu)
Q128866646	Ōno Shrine
Q128866649	Miyato Shrine (Konosu)
Q128866652	Atago Shrine
Q128866655	Jōkō Shrine
Q128866657	Hikawa Shrine
Q128866665	Hikawa Shrine
Q128866668	Fukiage Shrine
Q128866671	Yama Shrine
Q128866673	Hikawasha
Q128866675	Hie Shrine
Q128866678	Fukuro Shrine
Q128866681	Hikawasha
Q128866683	Mishima Shrine
Q128866684	Hisaizusha
Q128866686	Hisaizusha
Q128866688	Hachiman Shrine
Q128866690	Atago Shrine
Q128866692	Inari Shrine (Hanyū)
Q128866694	Inari Shrine
Q128866696	Kuwasakisan Shrine
Q128866698	Komatsu Shrine (Hanyū)
Q128866700	Shinmei Shrine
Q128866702	Suwa Shrine
Q128866703	Daitenpaku Shrine (Hanyū)
Q128866705	Tanaka Shrine
Q128866707	Tenjin-sha
Q128866709	Hachiman Shrine
Q128866711	Hachiman Shrine (Hanyū)
Q128866750	Kameyama Shrine
Q128866863	Hikawa Shrine
Q128866865	Hikawa Shrine
Q128866868	Hikawa Shrine
Q128866870	Hikawa Shrine
Q128866874	Hikawa Shrine
Q128866878	Hikawa Shrine
Q128866881	Hikawa Shrine
Q128866887	Hikawa Hachiman Shrine (Wako)
Q128866889	Hikawahachiman Shrine (Wako)
Q128866892	Hikawa Shrine
Q128866895	Hikawa Shrine
Q128866898	Hikawa Shrine
Q128866901	Hikawa Shrine
Q128866904	Hikawa Shrine
Q128866907	Hikawa Shrine
Q128866909	Hikawa Shrine
Q128866912	Hikawa Shrine
Q128866944	Sainoki Shrine
Q128866991	Isekuruma Shrine
Q128867049	Tenso Shrine
Q128867054	Omama-shinmei-gu
Q128867056	Myochi-shinmeigu
Q128867065	Mamezuka Shrine
Q128867071	Kabatakamo Shrine
Q129255921	Uozuhachimangū
Q130214370	Kuranashihama Shrine
Q130280811	Narumi Tegashi Shrine
Q130326028	Nishiakao Hachiman Shrine
Q130366806	Ushida-hachimansha
Q130456565	Sakisaki Shrine
Q130491892	Miwa Shrine
Q130491966	Suwa Shrine (Hokuto Sutama Wakamiko)
Q130647084	Koyasu Shrine
Q130649364	Ora Gokoku Shrine
Q130682764	Tōgō Shrine
Q130689009	Tomari Shrine
Q130763097	Sumiyoshi Shrine
Q131048435	Kitano Shrine
Q131227053	Ono Shrine
Q131274472	Arigishou Hachimangu
Q131274473	Kamegaoka Hachimangū
Q131274476	Maebashi Hachimangū
Q131274477	Kabasaki Hachimangū
Q131274481	Higashiakaohachimangū
Q131274484	Hachiman Kohyou Shrine
Q131274486	Hachiman Shrine
Q131274487	Kameoka Hachimangū
Q131274489	Hachiman Shrine
Q131274490	Miharahachimangū
Q131274491	Hachiman Shrine
Q131274492	Hachiman Shrine (Joso)
Q131274493	Nanamatsu Hachiman Shrine (Amagasaki)
Q131274497	Wakamiyahachimansha
Q131274498	Hachiman Shrine
Q131274500	Hachiman Shrine
Q131274501	Hachiman Shrine
Q131275526	Chikado Shrine (Maebashi)
Q131275527	Akagi Shrine
Q131275528	Akagi Shrine
Q131275529	Hotaka Shrine
Q131275530	Haruna Shrine (Numata City)
Q131275531	Azuma Shrine (Nakanojo)
Q131275532	Suga Shrine
Q131275533	Karashina Shrine (Takasaki)
Q131275534	Kuragano Shrine
Q131288332	Keijo Gokoku Shrine
Q131377556	Hie Shrine
Q131431787	Yasaka Shrine
Q131456780	Tomi Shrine
Q131457464	Category:Shrine name signs in Japan
Q131457591	Category:Shrine name signs in Fukuoka prefecture
Q131584091	Kamo Shrine (Tottori Nanbu)
Q131611928	Nakayama Shrine (Daisen)
Q131675902	Hakuto Shrine
Q131765801	Kamo Shrine
Q131839138	Naganuma Shrine
Q131900982	Yasaka Shrine
Q131900983	Tenjin-sha
Q131900984	Suwa Shrine
Q131900985	Kuizusha
Q131900986	Atagosha
Q131900987	Washi Shrine
Q131900988	Washi Shrine
Q131900989	Washi Shrine
Q131900990	Yokonuma Shrine (Kazo)
Q131900991	Yasaka Shrine
Q131900992	Katori Shrine
Q131900993	Washinomiya Shrine
Q131900994	Raiden Shrine
Q131900995	Yasakasha
Q131900996	Mitake Sha (Kazo)
Q131900997	Hie Shrine
Q131900998	Togawa Shrine (Kazo)
Q131900999	Tenjin-sha
Q131901000	Tsūden Shrine
Q131901001	Chikata Shrine
Q131901002	Suwa Shrine
Q131901003	Shinmei-sha
Q131901004	Kumanosha
Q131904469	Nanporo Shrine
Q131904921	Shiratori Shrine
Q131919556	Kasuga Shrine
Q131919961	Suehiro Shrine
Q131924351	Mishimada Shrine
Q131925931	Minakami Shrine
Q131925932	Chiyo Shrine
Q131925936	Mitaka Shrine
Q131925938	Kaimukura Sumiyoshi Shrine
Q131925939	Omiya Shrine
Q131925942	Hihayo Tenjin Shrine
Q131925945	Soga Shrine (Omitama)
Q131925946	Hakusan Shrine
Q131925947	Mishima Shrine
Q131932258	Kumaku Shrine
Q131983791	Shinmei Shrine
Q132041785	Suwa Shrine
Q132125268	Mishima Shrine
Q132125269	Mishima Shrine
Q132125270	Izumi Shrine
Q132125271	Mishima Shrine
Q132125272	Kumano Gu (Kodaira)
Q132147004	Hachiman Shrine
Q132188921	Komiya Shrine (Taga)
Q132452552	Kitano Shrine (Nagoya)
Q132560822	Fujitake Shrine
Q132658851	Seki Shrine
Q132681293	Hachiman Shrine
Q132717057	Inari Shrine
Q133268988	Ichikishiri Shrine
Q133286548	Shinmei Shrine
Q133871968	Heguri Shrine
Q133940165	Hinamajihimemikoto Shrine
Q134054098	Kawabata Daijingū
Q134286164	Tsushima Shrine
Q134392373	Asora Hachimangū
Q134405808	Ōhachiga Shrine
Q134598987	Chiba Gokoku Shrine
Q134734210	Numata Shrine
Q134734429	Sōzō Shrine (Ueda City)
Q134879850	Kaminakazato Shrine
Q134886003	Akagi Shrine
Q134886128	Yasaka Shrine
Q134886178	Hachiman Shrine (Kawagoe)
Q134886179	Hakusan Shrine (Masugata, Kawagoe)
Q134886181	Hikawa Shrine (kawagoeshisenbamachi)
Q134886331	Hachiman Shrine (Yamada, Kawagoe)
Q134886377	Inari Shrine (kumagayashikoezuka)
Q134886507	Inari Shrine (kōnosushijōege)
Q134886642	Hikawa Shrine
Q134886663	Hikawa Shrine (Kawagoe)
Q134886666	Hie Shrine
Q134886989	Hachiman Shrine
Q134887071	Nireyama Shrine
Q134887160	Hakusan Shrine
Q134887161	Hikawa Shrine (Kugedo, Kawagoe)
Q134887295	Hanyū Gokoku Shrine
Q134887322	Inari Shrine (Kawagoe)
Q134888232	Sugata Shrine
Q134888243	Kushitama-hime-no-Mikoto Shrine
Q134888252	Mishima Shrine
Q134888254	Tajikarao Shrine (Ogaki)
Q134888875	Akada Shrine
Q134888881	Hie Shrine
Q134888891	Kushitamahime-no-Mikoto Shrine
Q134888898	Kai Shrine (Kinokawa)
Q134891803	Nopporo Shrine
Q134891804	Yaei Shrine
Q134891805	Kishiwada Tenjingu
Q134891806	Kashima Shrine
Q134891833	Hiyoshi Shrine
Q134892403	Kumano Shrine
Q134892405	Suwa Shrine
Q134892406	Tenjin-sha
Q134892410	Kasuga Shrine
Q134892414	Katasuge Shrine
Q134892415	Shiritaogi Shrine
Q134892417	Neno Shrine
Q134892418	Ne Shrine
Q134892419	Ne-no Shrine
Q134892425	Yasaka Shrine
Q134892427	Yasaka Shrine
Q134892428	Yae Shrine
Q134892429	Yaei Shrine
Q134892430	Hakusan Shrine
Q134892431	Sannō Shrine
Q134892434	Shiraishi Shrine
Q134892436	Kawairi Shrine
Q134892438	Kashima Shrine
Q134892526	Hirokawa Shrine
Q134892535	Karita Shrine
Q134893088	Takanawa Shrine
Q134893091	Enoki Shrine
Q134893097	Sugatahime Shrine
Q134893103	Hie Shrine
Q134893104	Hie Shrine
Q134893127	Shiratori Shrine
Q134893128	Hachiman Daijin Shrine
Q134893130	Shinohara-Hachiman Shrine
Q134893133	Sutou Shrine
Q134893134	Inakami Shrine
Q134893135	Hayatamawakenomikoto Shrine
Q134893136	Ishifu Shrine
Q134893137	Kunihashiramikoto Shrine
Q134893138	Tago Shrine
Q134893144	Suwa Shrine
Q134893150	Ootsu Suwa Shrine
Q134917289	Beppyo Shrine
Q134923781	Niiharu Shrine
Q134925301	Ninomiya Shrine (Fukuoka City)
Q134925350	Yanagihara Shrine
Q134925373	Hirose Shrine
Q134925462	Konken Shrine
Q134925540	Hozumi Shrine (Shizuoka)
Q134925740	Shingū Shrine
Q134925834	Asai Shrine (Takaoka)
Q134925870	Tsukima Shrine
Q134925925	Suwa Shrine
Q134926012	Tsushima Shrine
Q134926154	Ubaihoumei Shrine
Q134926166	Sakuragaoka Hachiman Shrine
Q134926216	Mishima Shrine
Q134926274	Hozoseki Shrine
Q134926276	Hachiman Shrine
Q134926315	Hibashiri Shrine
Q134926440	Suwa Hachiman Shrine
Q134926458	Hatsuhime Shrine
Q134926493	Kifune Shrine
Q134926574	Nanadaiten Shrine
Q134926604	Hakusan Shrine (Omami, Yamato-cho, Gujo City)
Q134926696	Kamowakamiya Shrine
Q134926697	Miwa Shrine (Fujieda)
Q134926700	Azusawakenomikoto Shrine
Q134926701	Tsushima Shrine
Q134926702	Hakusanjinja
Q134926706	Kumano Shrine (Yokohama)
Q134926707	Yakumo Shrine
Q134926708	Gosha Shrine
Q134926712	Murō Shrine
Q134926715	Hachiman Shrine (Takayama)
Q134926720	Ichinomiya Shrine (Takayama City)
Q134926723	Otoshi Shrine (Hida City)
Q134926726	Ooya Shrine
Q134926730	Sengen Shrine (Yamato)
Q134926731	Hikawa Shrine (Kōhoku, Adachi)
Q134926733	Hikawa Shrine (Takanodai, Nerima)
Q134926739	Sugawara Shrine (Irigaya-chō, Tatebayashi)
Q134926745	Hakusan Shrine (Higashi-machi, Kamioka, Hida)
Q134926762	Shinmei Shrine (Noguchi-chō, Sohara, Kakamigahara)
Q134926763	Ōyamazumi Shrine
Q134926765	Akasaka Shrine
Q134926774	Shinmeisha (Kakamigahara)
Q134926779	Nishikiyama Shrine
Q134926782	Ninomiya Shrine (Takayama City)
Q134926783	Masuyasu Shrine
Q134926789	Sarahayamatsu Shrine
Q134926794	Maruyama Shrine
Q134926798	Suwa Shrine (Izumo)
Q134926799	Tsuruta Hachimangū
Q134926802	Shinmei Shrine (Maewatari-higashi 1-chōme, Kakamigahara)
Q134926804	Kikuna Shrine
Q134926805	Tachi Shrine
Q134926809	Kobari Shrine
Q134926811	Murakami Shrine
Q134926814	Shirahige Shrine (Ōbukuro, Kawagoe)
Q134926816	Ita Shrine
Q134926817	Suwa Shrine (Kirinō-chō, Naka, Kakamigahara)
Q134926818	Nagara Shrine (Akauda-hon-machi, Tatebayashi)
Q134926819	Makigahora Shrine
Q134926820	Ōagatajinja
Q134926821	Nagara Shrine
Q134926823	Yakumo Shrine (Nishi-Mikado, Kamakura)
Q134926825	Misaki Shrine
Q134926826	Kumano Shrine (Unuma, Kakamigahara)
Q134926828	Fujinomiya Shrine
Q134926830	Ikamashi Shrine
Q134926832	Kusunoki Shrine
Q134926833	Hakusan Shrine (Naru, Shirotori, Gujō)
Q134926835	Ōshima Shrine
Q134926836	Osaki Shrine
Q134926839	Inari Shrine (Kakizawa-chō, Sohara, Kakamigahara)
Q134926840	Yakumo Shrine (kamakurashiyamanonai)
Q134926841	Hachiman Shrine (Kōa-chō, Sohara, Kakamigahara)
Q134926847	Nagahama Shrine
Q134926850	Takanehakusan Shrine
Q134926903	Shinmei Shrine (Kosano-chō, Kakamigahara)
Q134926905	Washizu Shrine
Q134926906	Urahoro Shrine
Q134926907	Toriyamahachimangū
Q134926910	Mishima Shrine (Minamiizu)
Q134926912	Kawasuso Shrine (Hakodate)
Q134926913	Koyasu Shrine
Q134926914	Hakusan Shrine (Yamada-chō, Takayama)
Q134926917	Arakigawa Shrine
Q134926918	Kanayamahiko Shrine
Q134926921	Nagoya Shrine
Q134926924	Sanai Shrine
Q134926926	Nagase Shrine
Q134926928	Suwa Shrine
Q134926931	Raiden Shrine
Q134926934	Hakusan Shrine (Ninna, Kawai-chō, Hida)
Q134926938	Hachiman Shrine (Natsuumaya, Kiyomi-chō, Takayama)
Q134926940	Inari Shrine
Q134926944	Madoromi Shrine
Q134926947	Kurano Shrine
Q134926948	Azuma Shrine (Yokohama)
Q134926953	Tachigao Shrine
Q134926954	Itakiso Shrine
Q134926956	Akagi Shrine
Q134926961	Nagara Shrine
Q134926963	Himemiya Shrine
Q134926965	Hachiman Shrine (Akutami, Gifu)
Q134926966	Suwa Shrine (Hino, Gifu)
Q134926975	Ikeda Shrine
Q134927012	Shirahige Shrine (Yoshida, Kawagoe)
Q134927047	Shōkawa Shrine
Q134927108	Nagara Shrine (Shimo-Sanbayashi-chō, Tatebayashi)
Q134927353	Hokuryu Shrine
Q134927392	Kamo Shrine
Q134927474	Hachiman Shrine
Q134927545	Ōma Shrine
Q134927573	Wakamiya Shrine
Q134927597	Inari Shrine
Q134927619	Wakamiya Hachiman Shrine
Q134927674	Hachiman Shrine (Otoi)
Q134927684	Nagare Shrine
Q134927694	Kotai Jingu (Osaka)
Q134927711	Sumiyoshi Shrine
Q134927747	Osakihakusanjinja
Q134927773	Noda Shrine
Q134927804	Daiba Shrine
Q134927823	Nyūkawa Shrine
Q134927876	Mishima Shrine (Minamiizu-chō Nijō)
Q134927886	Hiruko Shrine (Kamakura)
Q134927903	Unai Shrine
Q134927948	Iwai Shrine
Q134927981	Kumano Shrine (Horikō-machi, Tatebayashi)
Q134927983	Itsukushima Shrine
Q134927987	Watarase Shrine
Q134928007	Tenchi Shrine
Q134928018	Hie Shrine (Uwado, Kawagoe)
Q134928056	Chikubushima Shrine
Q134928064	Itayama jinja
Q134928092	Hisaizu Shrine (Kitane, Kōnosu)
Q134928100	Shitennō Shrine
Q134928112	Yasaka Shrine
Q134928140	Tenmangu Shrine (Kamimachiya, Kamakura)
Q134928230	Tsurumi Shrine
Q134928241	Hakusan Shrine (Warabiō, Mino)
Q134928360	Ninomiya Shrine (Kakamigahara)
Q134928370	Shinmei Shrine (Ōsano-chō, Kakamigahara)
Q134928395	Nagara Shrine
Q134928404	Tsushima Shrine (Higashi-Musu, Ampachi)
Q134928416	Komagata Shrine (Kamakura)
Q134928434	Asaji Shinmeisha
Q134928443	Chikatsu Shrine
Q134928463	Suwa Shrine (Nihari, Nyūkawa-chō, Takayama)
Q134928468	Asahi Hakusan Shrine
Q134928475	Inohanako Shrine
Q134928477	Shinmei Shrine (Maewatari-nishi-machi, Kakamigahara)
Q134928484	Ishikiri Shrine
Q134928492	Takahashi Shrine
Q134928495	Sengen Shrine (oshinomurashinobugusa)
Q134928538	Hakusan Shrine (Mochida-chō, Sohara, Kakamigahara)
Q134928552	Tenjin Shrine
Q134928571	Shirahige Shrine
Q134928573	Minowa Shrine
Q134928574	Kuwato Shrine
Q134928597	Ogawaizumisui Shrine
Q134928620	Hie Shrine (Shimo-Ningashi, Kawagoe)
Q134928647	Ayase Shrine
Q134928674	Sumiyoshi Shrine (Nakahara-ku, Kawasaki)
Q134928675	Shinmei Shrine (Kawagoe)
Q134928679	Tenjin Shrine (Konosu)
Q134928689	Kumano Shrine (Ikebe, Kawagoe)
Q134928718	Inari Shrine (Taya-machi, Tatebayashi)
Q134928722	Kumano Shrine (Machida)
Q134928738	Hakusan Shrine (Mikka-machi, Kiyomi-chō, Takayama)
Q134928742	Nijugohashira Shrine
Q134928745	Chihara Shrine
Q134928754	Gosho Shrine
Q134928772	Kagamijinja
Q134928789	Hachiman Shrine (Katachi, Mino)
Q134928794	Sarutahiko Shrine (Fukui)
Q134928798	Shinmeigū
Q134928802	Awabitamashiratama-hime-no-Mikoto Shrine
Q134928841	Hirose Shrine (Takayama)
Q134928875	Shinmei Shrine (Naka Nishi-Ichiba-chō, Kakamigahara)
Q134928894	Ouji Shrine
Q134928901	Komagata-Ōshige Shrine
Q134928912	Hakusan Shrine (Kando, Mino)
Q134928918	Hakusan Shrine
Q134928932	Hakusan Shrine (Yoshida, Kamioka-chō, Hida)
Q134928966	Hachiman Shrine (Asahi-chō, Takayama)
Q134928967	Suwa Shrine (Yamato)
Q134928997	Kumano Shrine (Kakamigahara)
Q134930157	Habuhime-no-Mikoto Shrine
Q134930206	Hachiman Shrine (Koura, Minamiizu)
Q134930277	Ninomiya Shrine
Q134930291	Katasuge Shrine
Q134930328	Otowatatsumi Shrine
Q134930376	Hajikama Shrine
Q134930396	Tamatsukuri Shrine
Q134930511	Nanao Soja Shrine
Q134930516	Takihira Shrine
Q134930531	Inakuhi Shrine
Q134930532	Ohiranosukune Shrine
Q134930534	Mishima Shrine (Aono, Minamiizu)
Q134930537	Watatsumi-no-Miko Shrine
Q134930551	Nago Shrine
Q134930558	Kisaki Shrine
Q134930580	Nasukaminokaneko Shrine
Q134930603	Ryou Shrine
Q134930633	Habuhime Shrine (Shimoda)
Q134930636	Kamisawa Shrine
Q134930667	Daisan Ōji Shrine
Q134930669	Wakamiya Shrine
Q134930691	Kita Shrine
Q134930702	Kunitama Shrine
Q134930713	Mishima Shrine (Minamiizu )
Q134930718	Ogushi Shrine
Q134930730	Sengen Shrine (Shimoda)
Q134930737	Manguu Shrine
Q134930739	Shizuma Shrine
Q134930744	Mishima Shrine (Shimoda)
Q134930749	Shiitori Shrine
Q134930771	Senshūke
Q134930879	Soumiya Shrine
Q134930888	Takada Shrine (Maniwa)
Q134957127	Kaneoka Gokoku Shrine
Q134973531	Rokujō Shrine
Q134986872	Hachiman Shrine
Q134986877	Hirase Hachiman Shrine
Q134986969	Hiyoshi Shrine
Q134986988	Asahi Daijingū
Q134987017	Shinmei Shrine
Q134987027	Shinmei Shrine
Q134987028	Shinmei Shrine
Q134989551	Tawa Shrine
Q135009132	Shrines receiving Tsukinami-sai and Niiname-sai offerings
Q135009152	Shrine receiving Hoe and Quiver
Q135009157	Shrines receiving Tsukinami-sai and Niiname-sai and Ainame-sai offerings
Q135009205	Shrine receiving Hoe offering
Q135009221	Shrine receiving Quiver offering
Q135013495	Hachiman Shrine
Q135016830	Kamimusubi Shrine
Q135017419	Takamimusubi Shrine
Q135017422	Tamatsume-musubi Shrine
Q135017425	Iku-musubi Shrine
Q135017429	Taru-musubi Shrine
Q135017431	Ōmiyanome Shrine
Q135017435	Miketsu Shrine
Q135017438	Kotoshironushi Shrine
Q135018062	Engishiki seat
Q135018984	Ikui no Kami Shrine
Q135018989	Sakui no Kami Shrine
Q135018991	Tsunagai no Kami Shrine
Q135018993	Hahiki no Kami Shrine
Q135018996	Asuha no Kami Shrine
Q135019513	Ama-no-Iwato-wake no Kami Shrine
Q135019783	Kushii-hamato-no-Kami Shrine
Q135019789	Toyoi-hamato-no-Kami Shrine
Q135019813	Ikushima no Mikannaki-no-matsuru-kami Shrine
Q135019822	Ikushima-no-Kami Shrine
Q135019823	Tarushima-no-Kami Shrine
Q135020545	Sono Shrine
Q135020550	Kara Shrine
Q135021836	Miketsuno Shrine
Q135021838	Honoikatsuchino Shrine
Q135021839	Takabeno Shrine
Q135021840	Ohomiyahiheno Shrine
Q135021842	Sakatonono Shrine
Q135021843	Narukamino Shrine
Q135021845	Futonotonomikotono Shrine
Q135021846	Kushimachinomikotono Shrine
Q135021848	Hayabusa Shrine
Q135022834	Engishiki subshrine
Q135022904	Shikinai Ronsha
Q135024354	Otokuni-nimasuo Hoikatsuchino Shrine
Q135027310	Niwabi no kami Shrine
Q135027312	Ama no iwa to wake no kami Shrine
Q135038739	Ishitsukurino Shrine
Q135038740	Hashiritano Shrine
Q135038741	Mitanino Shrine
Q135038745	Ohotoshino Shrine
Q135038747	Matano Shrine
Q135038751	Ihaino Shrine
Q135038752	Kamukahano Shrine
Q135038753	Kogano Shrine
Q135038755	Suharano Shrine
Q135038756	Irino Shrine
Q135038757	Wochikahano Ochikaha Shrine
Q135038767	Fukakahano Shrine
Q135038768	Ochikaha-no-Mikami-no Shrine
Q135038769	Amatsu-ihatowakewaka-himeno Shrine
Q135038770	Tomouchino Shrine
Q135038772	Izumo-no-winoheno Shrine
Q135038773	Izumotakanono Shrine
Q135038774	Kamoyamaguchino Shrine
Q135038775	Kamonohanino Shrine
Q135038776	Wono Shrine
Q135038778	Matono Shrine
Q135038780	Suhano Shrine
Q135038781	Itatano Shrine
Q135038782	Kamonokahāhini Shrine
Q135038783	Kamowokamotono Shrine
Q135038784	Mitsuno Shrine
Q135038785	Ohoshihano Shrine
Q135038786	Shinmei-sha
Q135038787	Katayamanomikono Shrine
Q135038788	Ohokurano Shrine
Q135038790	Asukatano Shrine
Q135038791	Mahatakino Shrine
Q135038792	Uchino Shrine
Q135038794	Amanohohinomikotono Shrine
Q135038795	Uchikuwochikatano Shrine
Q135038797	Ihatano Shrine
Q135038798	Aramino Shrine
Q135038799	Isetano Shrine
Q135038800	Murokino Shrine
Q135038801	Suchino Shrine
Q135038802	Kuhiwokano Shrine
Q135038803	Takano Shrine
Q135038804	Ahano Shrine
Q135038805	Sagano Shrine
Q135038806	Sakayano Shrine
Q135038807	Kannahino Shrine
Q135038808	Tenjin-sha
Q135038809	Chigi Shrine
Q135038810	Wakinoni- Shrine
Q135038811	Kamuharano- Shrine
Q135038812	Sakarakano Shrine
Q135038813	Wokatanokuno Shrine
Q135038814	Sawokano Shrine
Q135038815	Unatarinimasutakamihino Shrine
Q135038816	Waninimasu Akasakahiko Shrine
Q135038817	Anafukino Shrine
Q135038818	Wanishimono Shrine
Q135038836	Naratsuhiko Shrine
Q135038837	Kamuhatano Shrine
Q135038838	Taka- Shrine
Q135038839	Mori Shrine
Q135038840	Ihefuseno Shrine
Q135038841	Yakifu- Shrine
Q135038842	Misakiharanoiwatachinomikoto Shrine
Q135038843	Amenoihasuhino Shrine
Q135038844	Ihotachino Shrine
Q135038845	Tsufunomiakata- Shrine
Q135038846	Sakino Shrine
Q135038847	Tatsutahiko & Tatsutahimeno Shrine
Q135038931	Kanwokano Shrine
Q135038947	Honoikatsuchino Shrine
Q135038948	Uheno Shrine
Q135038949	Tatano Shrine
Q135038950	Kosenoyamakuchino Shrine
Q135038951	Ooanamochino Shrine
Q135038952	Ohokura- Shrine
Q135038953	Katsuragi-shitori-niimasuameno-hatsuchino-mikoto Shrine
Q135038954	Kanamurano Shrine
Q135038955	Katsuragimiagatano Shrine
Q135038956	Fukamisono Shrine
Q135038957	Shitsumino Shrine
Q135038958	Taimayamaguchi Shrine
Q135038959	Taimayamakuchino Shrine
Q135038960	Ohosakanoyamakuchi Shrine
Q135038961	Ishino Shrine
Q135038962	Atahimeno Shrine
Q135038964	Futamino Shrine
Q135038965	Miyasakinonarukamino Shrine
Q135038966	Honoikatsuchino Shrine
Q135038967	Takamakishino Shrine
Q135038968	Wochisomano Shrine
Q135038969	Takamanoyamasatawono Shrine
Q135038970	Hitowoseno Shrine
Q135038971	Yoshinonoyamakuchino Shrine
Q135038972	Niukawakami Shrine
Q135038973	Takahokono Shrine
Q135038974	Kahakamikashihono Shrine
Q135038975	Ihatano Shrine
Q135038977	Utamikomarino Shrine
Q135038978	Katono- Shrine
Q135038979	Nifuno Shrine
Q135038980	Mukumotono Shrine
Q135038981	Takatsunono Shrine
Q135038982	Umasakahimeno Shrine
Q135038983	Miino Shrine
Q135038984	Okada-no-ohatame Shrine
Q135038985	Miwanomikomimusuhime- Shrine
Q135038986	Sakuramino Shrine
Q135038987	Tsurukinushino Shrine
Q135038988	Murofunoriuketsuno Shrine
Q135038989	Tsukanakino Shrine
Q135038990	Makimuku- Shrine
Q135038991	Wosata- Shrine
Q135038992	Hase-Yamaguchi-Niimasu Shrine
Q135038993	Ekurino Shrine
Q135038994	Minakuchino Shrine
Q135038995	Kuhauchino Shrine
Q135038996	Hikitano Shrine
Q135038997	Utayorino- Shrine
Q135038998	Inashirono Shrine
Q135038999	Wakasakurano Shrine
Q135039000	Nabekurano Shrine
Q135039001	Takayaaheno Shrine
Q135039002	Chishirono Shrine
Q135039003	Himekuhano Shrine
Q135039005	Futsuno Shrine
Q135039006	Itowino Shrine
Q135039007	Kakamitsukuriitano Shrine
Q135039008	Kosenoyama-ihakura- Shrine
Q135039009	Sakinosuno Shrine
Q135039010	Harutano Shrine
Q135039011	Kayanarumino Shrine
Q135039012	Asuka Kawakami-ni-Imasu Usutakihime-no-Mikoto Shrine
Q135039013	Higashiohotanihimenomikoto Shrine
Q135039015	Kuretsuhikono Shrine
Q135039016	Kahamatano Shrine
Q135039017	Ketsuwakino Shrine
Q135039018	Ohotoshino Shrine
Q135039019	Hatano Shrine
Q135039020	Mitoshino Shrine
Q135039021	Torisakano Shrine
Q135039022	Takinomotono Shrine
Q135039023	Kosetsuhiko-no-Mikoto Shrine
Q135039024	Amatsuihatowakeno Shrine
Q135039025	Hatamikawino Shrine
Q135039026	Ifukiikatsuchi- Shrine
Q135039027	Meharano- Shrine
Q135039028	Ihareyamakuchino Shrine
Q135039029	Unehino- Shrine
Q135039030	Taketano Shrine
Q135039031	Sakatono Shrine
Q135039032	Koheno Shrine
Q135039033	Amanokakoyamano- Shrine
Q135039034	Shitawi Shrine
Q135039035	Yamahenomiakatano- Shrine
Q135039036	Shiratsutsumino Shrine
Q135039037	Yafukino Shrine
Q135039038	Tsukenoyamakuchino Shrine
Q135039044	Hafuritano Shrine
Q135039045	Ihakamiichino Shrine
Q135039046	Shimobeno Shrine
Q135039047	Itsumotakewono Shrine
Q135039099	Komamakurataka Misanusubi Shrine
Q135039105	Karai Shrine (Yamato Province)
Q135039106	Hokkederaza Shrine
Q135039107	Tamamusuhi-no-mikoto Shrine
Q135039108	Tokarino Shrine
Q135039109	Takayano Shrine
Q135039111	Morimotono Shrine
Q135039112	Hakutahikono Shrine
Q135039113	Hakutahimeno Shrine
Q135039114	Kanayamahikono Shrine
Q135039115	Kanayamahimeno Shrine
Q135039116	Ohokomano Shrine
Q135039117	Wakayamatohimeno- Shrine
Q135039118	Wakayamatohimeno- Shrine
Q135039119	Tsufukumino Shrine
Q135039120	Tsuharano Shrine
Q135039121	Kashinashino Shrine
Q135039122	Ohotsuno Shrine
Q135039123	Kuriharano Shrine
Q135039124	Mitsukuweno Shrine
Q135039125	Takamiyano Shrine
Q135039126	Takamiyaohomorino Shrine
Q135039127	Kunakano Shrine
Q135039129	Tsushimabeno Shrine
Q135039130	Hosoyano Shrine
Q135039131	Sakahino Shrine
Q135039132	Ihatano Shrine
Q135039133	Kahamatano Shrine
Q135039134	Yukeno Shrine
Q135039135	Tsuruyumishimano Shrine
Q135039136	Okiheno Shrine
Q135039138	Uhano Shrine
Q135039139	Katsurano Shrine
Q135039140	Nakamurano Shrine
Q135039141	Kamotakatano Shrine
Q135039142	Hamukosono Shrine
Q135039143	Michiheno Shrine
Q135039144	Komano Shrine
Q135039145	Tsurumino Shrine
Q135039146	Shikiakatanushino Shrine
Q135039147	Nakanono Shrine
Q135039148	Shikino Shrine
Q135039149	Kurotano Shrine
Q135039150	Makimotono Shrine
Q135039152	Tachibino Shrine
Q135039153	Ichiimotono Shrine
Q135039154	Tawino Shrine
Q135039155	Mikafutsunomikoto Shrine
Q135039156	Hikosajifutsunomikoto Shrine
Q135039157	Yamanowino Shrine
Q135039158	Ohotorino Shrine
Q135039159	Woshihakeno Shrine
Q135039160	Ikukunino Shrine
Q135039161	Kaden Shrine
Q135039162	Ihatsutano- Shrine
Q135039163	Kunino Shrine
Q135039165	Kamo Shrine
Q135039167	Ohotorimihahino Shrine
Q135039168	Ohotoriwiseno Shrine
Q135039169	Ohamano Shrine
Q135039170	Sakanouheno Shrine
Q135039171	Ohotoshino Shrine
Q135039172	Hakatano Shrine
Q135039173	Ahano Shrine
Q135039174	Soneno Shrine
Q135039175	Arihono Shrine
Q135039177	Hokurano Shrine
Q135039180	Itsumino Shrine
Q135039181	Kusumotono Shrine
Q135039182	Ahachino Shrine
Q135039185	Hatano Shrine
Q135039186	Marokasa Shrine
Q135039188	Wokamino Shrine
Q135039190	Kamusakino Shrine
Q135039191	Hihashiri Shrine
Q135039192	Kakitano Shrine
Q135039193	Hatano Shrine
Q135039194	Kutamano Shrine
Q135039195	Okamino Shrine
Q135039196	Himekamino Shrine
Q135039197	Kusatsuohotoshino Shrine
Q135039198	Nakatomisumuchino Shrine
Q135039200	Sumuchisoneno Shrine
Q135039202	Himekosono Shrine
Q135039208	Nihiyano- Shrine
Q135039210	Sukukuno Shrine
Q135039214	Hashiriochino Shrine
Q135039216	Mishimakamono Shrine
Q135039217	Isanakino Shrine
Q135039219	Iketano Shrine
Q135039221	Iwashitsuno Shrine
Q135039222	Wokatano Shrine
Q135039223	Ohokuninushino Shrine
Q135039225	Kineno Shrine
Q135039227	Kusasa Shrine
Q135039228	Nomano Shrine
Q135039229	Utsukano Shrine
Q135039231	Hatakino Shrine
Q135039234	Suchiarakino Shrine
Q135039235	Makiyamano Shrine
Q135039237	Womiyano Shrine
Q135039241	Tosakano Shrine
Q135039244	Ahano Shrine
Q135039245	Ashino Shrine
Q135039247	Kineno Shrine
Q135039249	Tamorino Shrine
Q135039250	Hichino Shrine
Q135039251	Hihikino Shrine
Q135039252	Hishikino Shrine
Q135039254	Ida Shrine
Q135039255	Witano Shrine
Q135039256	Womi- Shrine
Q135039257	Takaseno Shrine
Q135039258	Sakatono Shrine
Q135039259	Nawino Shrine
Q135039260	Unanenofushimino Shrine
Q135039261	Isanakino Shrine
Q135039262	Tsukiyomino Shrine
Q135039263	Iso Shrine
Q135039264	Naraharano Shrine
Q135039265	Ohokunitamahimeno Shrine
Q135039266	Kaharano- Shrine
Q135039267	Kamusakino Shrine
Q135039268	Wemurano Shrine
Q135039269	Kiyonowihano Shrine
Q135039270	Raiden Shrine
Q135039271	Kansha Shrine
Q135039272	Kasuyano Shrine
Q135039274	Take Shrine
Q135039275	Nakano Shrine
Q135039276	Womino Shrine
Q135039277	Afukamuyamano Shrine
Q135039278	Nanamino Shrine
Q135039279	Iwoumino Shrine
Q135039280	Hayashino Shrine
Q135039281	Afukano- Shrine
Q135039282	Moruyamano Shrine
Q135039283	Unisakurano Shrine
Q135039284	Unino Shrine
Q135039285	Amatamitsu- Shrine
Q135039287	Afukakotano- Shrine
Q135039288	Kishino Shrine
Q135039289	Urufutsuno Shrine
Q135039290	Amanokagoyamano Shrine
Q135039291	Anashino Shrine
Q135039292	Nakaretano Shrine
Q135039294	Hatada Shrine
Q135039295	Ihatano Shrine
Q135039296	Hichino Shrine
Q135039297	Sakikurusuno Shrine co-EnShrinement
Q135039298	Takeohoyotono Shrine
Q135039299	Takesasafueno Shrine
Q135039300	Oikurano Shrine
Q135039301	Isawano Shrine
Q135039302	Mureno Shrine
Q135039303	Unino Shrine
Q135039304	Kunarino Shrine
Q135039305	Ohokunitamano Shrine
Q135039306	Ohowakeno Shrine
Q135039307	Hitsukurano Shrine
Q135039308	Isonokamino Shrine
Q135039309	Ironouheno Shrine
Q135039310	Ohokushino Shrine
Q135039311	Ohitano Shrine
Q135039312	Ihasakino Shrine
Q135039313	Kamukakino Shrine
Q135039314	Tachinono Shrine
Q135039315	Ohomuwano Shrine Co-Enshrinement
Q135039316	Mononoheno Shrine Co-Enshrinement
Q135039317	Kasechino Shrine
Q135039319	Nifunonakano Shrine
Q135039320	Horisakano Shrine Co-Enshrinement
Q135039321	Kunitsuno Shrine
Q135039322	Hatano Shrine
Q135039323	Mononoheno Shrine
Q135039324	Inahano Shrine
Q135039325	Sukano Shrine
Q135039326	Asakano Shrine
Q135039327	Hateno Shrine
Q135039328	Wokahano Shrine
Q135039329	Iyamano Shrine
Q135039330	Kahaahino Shrine
Q135039332	Toshitano Shrine
Q135039333	Okisomeno Shrine
Q135039334	Ohoichino Shrine
Q135039335	Shifumino Shrine
Q135039337	Wonino Shrine
Q135039338	Minoyano Shrine
Q135039339	Ayutano Shrine
Q135039340	Wokahachino Shrine
Q135039341	Hisatsuchino Shrine
Q135039342	Karahino Shrine
Q135039343	Funayamano Shrine
Q135039344	Inō Jinja
Q135039345	Kawarano Shrine
Q135039346	Tawino Shrine
Q135039347	Ohonokosono Shrine
Q135039348	Kotoimino Shrine
Q135039349	Sakawino Shrine
Q135039351	Wosakino Shrine
Q135039352	Hisatsuchino Shrine
Q135039353	Ihatsumino Shrine
Q135039354	Minefurino Shrine
Q135039355	Hatorino Shrine
Q135039356	Yokomichino- Shrine
Q135039357	Kurumano Shrine
Q135039358	Kahamatano Shrine
Q135039361	Makiwono Shrine
Q135039362	Shihakakino Shrine
Q135039363	Amenohitokuhatano Shrine
Q135039364	Wokishino- Shrine
Q135039365	Ohowino Shrine
Q135039366	Miyakeno Shrine
Q135039367	Eno Shrine
Q135039368	Fukeno Shrine
Q135039370	Nakaseno Shrine
Q135039371	Oshiyamano Shrine
Q135039372	Mimukono Shrine
Q135039374	Takaichino Shrine
Q135039375	Mitsukakino Shrine
Q135039376	Kishino Shrine
Q135039377	Onitano Shrine
Q135039378	Kahano Shrine
Q135039379	Yagino Shrine
Q135039380	Okabuto Shrine
Q135039381	Wokahano Shrine
Q135039382	Ihinono Shrine
Q135039383	Kukushimino Shrine
Q135039385	Takawokano Shrine
Q135039387	Ohokino Shrine
Q135039388	Ashikano Shrine
Q135039389	Yafutano Shrine
Q135039390	Sukino Shrine
Q135039391	Fukatano Shrine
Q135039392	Hashino Shrine
Q135039393	Ohokano- Shrine
Q135039394	Etano Shrine
Q135039395	Kafuno Shrine
Q135039396	Kamusakino Shrine
Q135039397	Wokosono Shrine
Q135039398	Ashimitano Shrine
Q135039399	Tsuhakikishino Shrine
Q135039400	Ikarukano Shrine
Q135039401	Noharano Shrine
Q135039403	Kirutano Shrine
Q135039404	Isoheno Shrine
Q135039405	Usakikamino Shrine
Q135039406	Ohowano Shrine
Q135039407	Tahikano Shrine
Q135039411	Toriiteno Shrine
Q135039414	Yasotsuminokurano Shrine
Q135039415	Shiteno Shrine
Q135039416	Mimitoshino Shrine
Q135039418	Mimitsuneno Shrine
Q135039419	Utsushitano Shrine
Q135039420	Kushitano Shrine
Q135039423	Ide Shrine
Q135039424	Uekurino Shrine
Q135039425	Fushino Shrine
Q135039426	Hotsumino Shrine
Q135039427	Sakurano Shrine
Q135039428	Wishirino Shrine
Q135039429	Nakakurano Shrine
Q135039430	Nahashirono Shrine
Q135039431	Haseno Shrine
Q135039432	Kamono Shrine
Q135039433	Ishino Shrine
Q135039434	Tanaheno Shrine
Q135039435	Winaheno Shrine
Q135039436	Totorinoyamatano Shrine
Q135039437	Totorino Shrine
Q135039438	Ohotanino Shrine
Q135039440	Kamono Shrine
Q135039441	Hoshikahano Shrine
Q135039442	Kuhanano Shrine
Q135039443	Sanofuno Shrine
Q135039444	Wotsuno Shrine
Q135039445	Woyamano Shrine
Q135039446	Noshirino Shrine
Q135039448	Wonono Shrine
Q135039449	Fukaeno Shrine
Q135039450	Nukatano Shrine
Q135039451	Uga Shrine
Q135039452	Nakatomino Shrine
Q135039453	Haseno Shrine
Q135039454	Tatsusaka Shrine
Q135039455	Ahashimano-isahano Shrine
Q135039456	Morokuhano Shrine
Q135039457	Kunitamano Shrine
Q135039458	Fuchishimano Shrine
Q135039459	Utashino Shrine
Q135039460	Yunokino Shrine
Q135039461	Ikuhano Shrine
Q135039462	Okamuno Shrine
Q135039463	Sakateno Shrine
Q135039464	Minuno Shrine
Q135039465	Hasokino Shrine
Q135039466	Harikumano Shrine
Q135039467	Nomino Shrine
Q135039469	Mokuhino Shrine
Q135039470	Chichihayano Shrine
Q135039471	Ihatono Shrine
Q135039473	Muroharano Shrine
Q135039474	Ohokuchino Shrine
Q135039475	Himefuno Shrine
Q135039476	Kahawano Shrine
Q135039477	Asawino Shrine
Q135039478	Kutano Shrine
Q135039479	Tsutsumiharino Shrine
Q135039480	Ishitsukurino Shrine
Q135039481	Chinono Shrine
Q135039482	Shihoeno Shrine
Q135039483	Fuchino Shrine
Q135039484	Tomoeno Shrine
Q135039491	Anahoheno Shrine
Q135039492	Ufusunano Shrine
Q135039494	Kahashimano Shrine
Q135039497	Inakino Shrine
Q135039498	Ishitsukurino Shrine
Q135039499	Ikakaharano Shrine
Q135039500	Yamanano Shrine
Q135039501	Morokuhano Shrine
Q135039503	Ikutano Shrine
Q135039505	Takumino Shrine
Q135039506	Narumi- Shrine
Q135039507	Ketsurikurino Shrine
Q135039508	Takumino Shrine
Q135039512	Tachinono Shrine
Q135039513	Witeno Shrine
Q135039514	Wokuchino Shrine
Q135039515	Shihomichino Shrine
Q135039516	Hitano Shrine
Q135039517	Ueno Shrine
Q135039518	Toyamano Shrine
Q135039520	Katayamano Shrine
Q135039521	Kuniharano Shrine
Q135039522	Mutsushino Shrine
Q135039524	Takamuno Shrine
Q135039526	Takeno Shrine
Q135039527	Katayamano Shrine
Q135039528	Ohomeno Shrine
Q135039529	Hitsushino Shrine
Q135039530	Kahashimano Shrine
Q135039531	Wokuchino Shrine
Q135039533	Kaneno Shrine
Q135039534	Wanirano Shrine
Q135039536	Tanahatano Shrine
Q135039537	Watano Shrine
Q135039538	Shifukahano Shrine
Q135039539	Ohonokino Shrine
Q135039540	Woharino Shrine
Q135039541	Oi Shrine
Q135039542	Sakanihano Shrine
Q135039543	Wohariheno Shrine
Q135039545	Ishitsukurino Shrine
Q135039546	Kamutsuchikamano Shrine
Q135039548	Shimotsuchikamano Shrine
Q135039551	Mitano Shrine
Q135039552	Takamuno Shrine
Q135039553	Kaharano Shrine
Q135039554	Harinano Shrine
Q135039555	Ifuno Shrine
Q135039556	Mononoheno Shrine
Q135039558	Hikowakamikono Shrine
Q135039559	Irumino Shrine
Q135039560	Akuhino Shrine
Q135039562	Hatsuno Shrine
Q135039563	Nomino Shrine
Q135039564	Nogami Shrine
Q135039565	Hyōzu Shrine
Q135039568	Ihono Shrine
Q135039570	Hirosahano Shrine
Q135039571	Hahiho Shrine
Q135039572	Washitorino Shrine
Q135039573	Sakamutono Shrine
Q135039574	Hinakano Shrine
Q135039575	Hisono Shrine
Q135039576	Kataharano Shrine
Q135039577	Mitsuno Shrine
Q135039578	Akahikono Shrine
Q135039579	Ashino Shrine
Q135039580	Tadaki Shinmeigu
Q135039581	Wihanano Shrine
Q135039582	Oomuwano Shrine
Q135039583	Tsunosakuhikono Shrine
Q135039584	Tsumorino Shrine
Q135039586	Okino Shrine
Q135039587	Sokonomitachino Shrine
Q135039588	Kakuruno Shrine
Q135039590	Wotsuno Shrine
Q135039591	Ninomiya Shrine
Q135039592	Hachisakino Shrine
Q135039593	Ohosechino Shrine
Q135039594	Orono Shrine
Q135039595	Takane Shrine
Q135039596	Rokusho Shrine
Q135039597	Wakayamatono Shrine
Q135039598	Nakanono Shrine
Q135039599	Ohomikano Shrine
Q135039600	Torokuno Shrine
Q135039601	Inari Shrine
Q135039602	Ohoseno Shrine
Q135039603	Hatorino Shrine
Q135039604	Asahihatakano Shrine
Q135039605	Kokura Shrine
Q135039607	Irumino Shrine
Q135039608	Tanakano Shrine
Q135039609	Mioyano Shrine
Q135039610	Mikonokamino Shrine
Q135039612	Hakiharano- Shrine
Q135039614	Wokunino Shrine
Q135039616	Mumanushino Shrine
Q135039617	Yamanano Shrine
Q135039618	Koneno Shrine
Q135039619	Shimanano Shrine
Q135039620	Kohoriheno Shrine
Q135039621	Masakuno Shrine
Q135039622	Narano Shrine
Q135039623	Ohokusuno Shrine
Q135039624	Hatoritano Shrine
Q135039625	Ihitsusawano Shrine
Q135039626	Ashitsukino Shrine
Q135039628	Takehono Shrine
Q135039629	Nakatsu Shrine
Q135039630	Shirasahano Shrine
Q135039631	Toyotsumino Shrine
Q135039633	Fujino Shrine
Q135039635	Momosaha Shrine
Q135039636	Hafuhimeno- Shrine
Q135039637	Ikamuhimeno- Shrine
Q135039638	Sakitamahimeno- Shrine
Q135039639	Takemikakano- Shrine
Q135039641	Ihare- Shrine
Q135039642	Hayashino- Shrine
Q135039644	Katasukano- Shrine
Q135039645	Yasuno- Shrine
Q135039647	Nakichi- Shrine
Q135039648	Kamino- Shrine
Q135039649	Terano- Shrine
Q135039651	Takeishitsukino- Shrine
Q135039653	Ihanohimeno- Shrine
Q135039654	Sukihoko- Shrine
Q135039655	Ihakurawakeno- Shrine
Q135039656	Shiritakino Shrine
Q135039658	Minamikono Shrine
Q135039659	Achiko Shrine
Q135039660	Ihatewakeno- Shrine
Q135039661	Hotsusakeno- Shrine
Q135039662	Ohotsunoyukino- Shrine
Q135039663	Fusawokino Shrine
Q135039664	Sasaharahime- Shrine
Q135039666	Takama Shrine
Q135039667	Kamono Shrine
Q135039668	Fumunashino Shrine
Q135039669	Kutsumino Shrine
Q135039670	Ihatokono Shrine
Q135039671	Hiroseno Shrine
Q135039672	Ohoasano Shrine
Q135039673	Yanakihara Shrine
Q135039674	Homusuhino- Shrine
Q135039675	Hikitachikarano- Shrine
Q135039676	Ametsuseno- Shrine
Q135039677	Nakaohotoshino Shrine
Q135039678	Shinmei Shrine
Q135039679	Inamiyano- Shrine
Q135039681	Sengen Shrine (Ihakurano- Shrine)
Q135039683	Shinmei Shrine
Q135039684	Kamuheno Shrine
Q135039685	Mononoheno Shrine
Q135039687	Kahinano Shrine
Q135039688	Kurotonano Shrine
Q135039689	Kanasakurano Shrine
Q135039690	Matsunowono Shrine
Q135039691	Tamamorono Shrine
Q135039692	Ohowimatano Shrine
Q135039693	Yamanashiwokano Shrine
Q135039697	Kamuheno Shrine
Q135039702	Homino Shrine
Q135039703	Kasayano Shrine
Q135039704	Sakuno Shrine
Q135039705	Yukeno Shrine
Q135039706	Uhetono Shrine
Q135039708	Asamano Shrine
Q135039709	Nakawono Shrine
Q135039710	Hokotsukino Shrine
Q135039711	Hinokimine Shrine
Q135039713	Funagata Shrine
Q135039714	Kenoka Shrine
Q135039716	Toubu Shrine
Q135039717	Suwa Shrine
Q135039718	Suwa Shrine (Hirono Shrine)
Q135039719	Shirane Shrine
Q135039720	Takaheyano Shrine
Q135039721	Hihitano Shrine
Q135039722	Ohohano Shrine
Q135039724	Ihatatewono Shrine
Q135039725	Hietano Shrine
Q135039726	Sukiyamano Shrine
Q135039727	Wono Shrine
Q135039728	Ohomatonotsuno- Shrine
Q135039729	Anasahano- Shrine
Q135039730	Torakashiwa Shrine
Q135039731	Awowino Shrine
Q135039732	Atachino Shrine
Q135039733	Takehimeno Shrine
Q135039735	Yokomino Shrine
Q135039736	Takefuhikono Shrine
Q135039737	Ihahino Shrine
Q135039738	Itsumono- Shrine
Q135039739	Nakahikahano Shrine
Q135039740	Miyameno Shrine
Q135039741	Itsumonoihahino Shrine
Q135039742	Inanohimeno Shrine
Q135039743	Shirakamino Shrine
Q135039744	Tanakano Shrine
Q135039745	Narano Shrine
Q135039746	Imakiawoyasakainamino Shrine
Q135039747	Imakiawosakanoinamiaramitamano Shrine
Q135039748	Imakiawosakainaminoikekamino Shrine
Q135039749	Mukuno Shrine
Q135039750	Kumeda Shrine
Q135039751	Mimeno-amehirinohimeno- Shrine
Q135039752	Nakoshinoyamano Shrine
Q135039756	Samukaha Shrine
Q135039757	Makatano Shrine
Q135039758	Morono Shrine
Q135039759	Mitsuchino Shrine
Q135039760	Amino Shrine
Q135039761	Amenohayatamahimeno- Shrine
Q135039762	Inamurano Shrine
Q135039763	Tachinono Shrine
Q135039764	Oi Shrine
Q135039765	Aoyama Shrine
Q135039766	Fuchiuchino Shrine
Q135039767	Ihafuneno Shrine
Q135039768	Sashinono Shrine
Q135039769	Iharino Shrine
Q135039770	Nushiishino Shrine
Q135039774	Higonen Shrine
Q135039776	Kokutokamigami Shrine
Q135039779	Kawai Shrine (Hitachiota)
Q135039780	Sashinou Shrine (Ishioka)
Q135039781	Kumoimiyasatozou Shrine
Q135039783	Sugatami Shrine
Q135039785	Shitorino Shrine
Q135039789	Kantano Shrine
Q135039791	Wonono Shrine
Q135039792	Ifukino Shrine
Q135039794	Takanono Shrine
Q135039795	Ishihenokashiki- Shrine
Q135039796	Kahatano Shrine
Q135039797	Ihimichino Shrine
Q135039798	Kahakareno Shrine
Q135039799	Shimonifukahano Shrine
Q135039800	Hiritano Shrine
Q135039802	Kaminifukahano Shrine
Q135039803	Isoheno Shrine
Q135039806	Ohoyano Shrine
Q135039807	Sukatano Shrine
Q135039808	Oitsushimano Shrine
Q135039810	Kahaketano Shrine
Q135039811	Karonono Shrine
Q135039812	Isoheno Shrine
Q135039813	Ashikino Shrine
Q135039816	Tsuweno Shrine
Q135039817	Yamatano Shrine
Q135039818	Yamatano Shrine
Q135039819	Hinateno Shrine
Q135039820	Ifukino Shrine
Q135039821	Wokano Shrine
Q135039822	Shihotsuno Shrine
Q135039823	Yutsukino Shrine
Q135039824	Woeno Shrine
Q135039825	Yaahino Shrine
Q135039826	Wokamotono Shrine
Q135039827	Katayamano Shrine
Q135039828	Hikitarino Shrine
Q135039829	Masotano Shrine
Q135039830	Ohohano Shrine
Q135039831	Kansaki Shrine
Q135039832	Ohosahano Shrine
Q135039833	Ameyahotsurano Shrine
Q135039834	Ashisakino Shrine
Q135039835	Kurumitano Shrine
Q135039836	Himetano Shrine
Q135039837	Ohaheno Shrine
Q135039839	Akahono Shrine
Q135039840	Sakuraichino Shrine
Q135039841	Yokoyama Shrine
Q135039842	Ohotano Shrine
Q135039843	Hyōzu Shrine
Q135039844	Akamino Shrine
Q135039845	Hamino Shrine
Q135039846	Sakuragi Shrine
Q135039847	Ichihisakino Shrine
Q135039848	Samino Shrine
Q135039849	Tsuhakino Shrine
Q135039850	Sahakatono Shrine
Q135039851	Ikagosakano Shrine
Q135039852	Yoshirono Shrine
Q135039853	Fuseno- Shrine
Q135039854	Nokitano Shrine
Q135039855	Ofufurano Shrine
Q135039858	Ihatakino Shrine
Q135039859	Takanono Shrine
Q135039860	Ohokurano Shrine
Q135039861	Kurotano Shrine
Q135039863	Nifuno Shrine
Q135039864	Amenoihatowakenotono Shrine
Q135039865	Amahibiki-no-Mikoto Shrine
Q135039866	Kusawokano Shrine
Q135039867	Otano Shrine
Q135039868	Ohoamino Shrine
Q135039869	Ohomitsuwakeno Shrine
Q135039870	Amatsukahano- Shrine
Q135039871	Ashitsumino Shrine
Q135039872	Yorokino Shrine
Q135039873	Taheno Shrine
Q135039874	Kumano Shrine
Q135039875	Ohokahano Shrine
Q135039876	Wonono Shrine
Q135039877	Hie Shrine
Q135039878	Ichiharano Shrine
Q135039879	Ohotano Shrine
Q135039880	Tomoyuhino Shrine
Q135039881	Tsunono Shrine
Q135039882	Ohoarahikono Shrine
Q135039883	Ohosakino Shrine
Q135039884	Sakamoto Shrine
Q135039885	Yama Shrine
Q135039886	Shiroshino Shrine
Q135039888	Ohomitsuwakeno Shrine
Q135039889	Ohonono Shrine
Q135039890	Woumino Shrine
Q135039891	Ohoneno Shrine
Q135039892	Arakurano Shrine
Q135039893	Miefuno Shrine
Q135039894	Tsukino Shrine
Q135039895	Nakatano Shrine
Q135039896	Ukitano Shrine
Q135039897	Uhatono Shrine
Q135039898	Arakatano Shrine
Q135039899	Hananakano Shrine
Q135039902	Kataakatatsuno Shrine
Q135039903	Hinamorino Shrine
Q135039904	Murakunino Shrine
Q135039905	Ohoyamano Shrine
Q135039906	Tabu Shrine
Q135039907	Nakayamano Shrine
Q135039908	Sakamotono Shrine
Q135039909	Enano Shrine
Q135039910	Ohotsuno Shrine
Q135039911	Takatano Shrine
Q135039912	Atayutano Shrine
Q135039913	Achino Shrine
Q135039917	Fuseno Shrine
Q135039918	Haheshinano Shrine
Q135039919	Tanishinano Shrine
Q135039920	Hiokino Shrine
Q135039921	Shimitsuno Shrine
Q135039924	Ikeno Shrine
Q135039925	Hatano Shrine
Q135039926	Takemitsu- Shrine
Q135039927	Itsumono Shrine
Q135039928	Wokahano Shrine
Q135039929	Moritano Shrine
Q135039930	Ahanono Shrine
Q135039931	Shiratamatarihono- Shrine
Q135039934	Wochino Shrine
Q135039935	Wouchino Shrine
Q135039936	Kasaharano Shrine
Q135039937	Wosakano Shrine
Q135039938	Takamori Shrine
Q135039939	Ahasano Shrine
Q135039940	Nakamurano Shrine
Q135039942	Tamayorihimeno- Shrine
Q135039943	Hafurino Shrine
Q135039944	Yamaihe Shrine
Q135039945	Shihonono Shrine
Q135039946	Komayuminono Shrine
Q135039947	Etano Shrine
Q135039948	Umasei Shrine
Q135039949	Shutsusoku Shrine
Q135039950	Utooru Shrine
Q135039951	Hachikushi Shrine
Q135039952	Nadachi Shrine
Q135039953	Aizuhime Shrine
Q135039954	Umasakebu Shrine
Q135039955	Azusasuijin Shrine
Q135039956	Susukigisui Shrine
Q135039957	Hachikensukune-no-Mikoto Shrine
Q135039958	Waseda Shrine
Q135039959	Tateshina Shrine
Q135039960	Ikenama Shrine
Q135039961	Kiriharaoomoto Shrine
Q135039962	Tsukiiizumi-no-kami Shrine
Q135039963	Ikahono Shrine
Q135039964	Kahasukuneno Shrine
Q135039965	Akagi Shrine
Q135039966	Odaka Shrine
Q135039967	Nyū Shrine
Q135039968	Inekugutsu Shrine
Q135039969	Ohomuwano Shrine
Q135039970	Ohosakino Shrine
Q135039971	Murahino Shrine
Q135039974	Arakashi Shrine
Q135039975	Munakatano Shrine
Q135039976	Imon Shrine
Q135039977	Kasosan Shrine
Q135039978	Akiraishigami Shrine
Q135039980	Shirakahano Shrine
Q135039981	Yamiso- Shrine
Q135039982	Ihitoyohimeno Shrine
Q135039983	Karitamineno Shrine
Q135039984	Takano Shrine
Q135039986	Sukino Shrine
Q135039987	Ihakami- Shrine
Q135039988	Yukuno Shrine
Q135039989	Ihitoyono Shrine
Q135039990	Kamiishino Shrine
Q135039991	Onsen Shrine
Q135039992	Arawokahano Shrine
Q135039993	Yunoishino Shrine
Q135039994	Kashima-Itsunohikeno Shrine
Q135039995	Kashimawonatano Shrine
Q135039996	Kashima Shrine
Q135039997	Atsumayakunino Shrine
Q135039998	Shirawaseno Shrine
Q135039999	Shikitamahayamitamano Shrine
Q135040000	Kashima Shrine
Q135040001	Hitsushisakino Shrine
Q135040002	Katoriitsuno- Shrine
Q135040003	Isarihayawakeno- Shrine
Q135040004	Sohano Shrine
Q135040005	Wokamiheshino Shrine
Q135040006	Toriya Shrine
Q135040007	Ohoshima Shrine
Q135040008	Kusuhinano Shrine
Q135040009	Kesemano Shrine
Q135040010	Ihinoyamano Shrine
Q135040011	Hitakamino Shrine
Q135040012	Futamatano Shrine
Q135040013	Ishikamino Shrine
Q135040014	Kesemaohoshimano Shrine
Q135040015	Wotono Shrine
Q135040017	Himatsurino Shrine
Q135040018	Sakamineno Shrine
Q135040019	Masutamineno Shrine
Q135040020	Takano Shrine
Q135040021	Oshiwono Shrine
Q135040022	Uhatono Shrine
Q135040023	Shihahime Shrine
Q135040024	Wotono Shrine
Q135040026	Komakataneno Shrine
Q135040027	Wakano Shrine
Q135040028	Katoshimikokamino Shrine
Q135040029	Worushiwake- Shrine
Q135040032	Ihano Shrine
Q135040033	Wakaetokono Shrine
Q135040036	Ihatewino Shrine
Q135040037	Isahakahano Shrine
Q135040038	Totowino Shrine
Q135040039	Oroheshino Shrine
Q135040040	Komatsuno Shrine
Q135040041	Kokaneyamano Shrine
Q135040042	Ihahashino Shrine
Q135040043	Rikukotano Shrine
Q135040044	Tona- Shrine
Q135040045	Kinutateno Shrine
Q135040046	Ihitoyo- Shrine
Q135040047	Okitsushimano Shrine
Q135040048	Toriyamineno Shrine
Q135040049	Haishiwano Shrine
Q135040050	Mahikusano Shrine
Q135040051	Chinoka Shrine
Q135040052	Womonoimino Shrine
Q135040053	Tsukiyama Shrine
Q135040054	Wokano Shrine
Q135040055	Sohikahano Shrine
Q135040056	Tatano Shrine
Q135040057	Wakasahikono Shrine
Q135040059	Woamino Shrine
Q135040060	Ihakura- Shrine
Q135040061	Ihakurahimeno Shrine
Q135040062	Shihimurano Shrine
Q135040063	Hakono Shrine
Q135040064	Kusuyano Shrine
Q135040065	Miwano Shrine
Q135040066	Nifuno Shrine
Q135040067	Anashino Shrine
Q135040068	Sohino Shrine
Q135040069	Kohakino Shrine
Q135040070	Karitahikono Shrine
Q135040071	Karitahimeno Shrine
Q135040072	Awoumino Shrine
Q135040073	Isanakino Shrine
Q135040075	Kagoyamano Shrine
Q135040076	Shizushino Shrine
Q135040077	Hiokino Shrine
Q135040078	Ohoihino Shrine
Q135040079	Sasachino Shrine
Q135040081	Sukamano Shrine
Q135040082	Mikatano Shrine
Q135040083	Imoino Shrine
Q135040084	Tayuhino Shrine
Q135040085	Nifuno Shrine
Q135040086	Oritano Shrine
Q135040087	Hiyoshi Shrine
Q135040088	Sakino Shrine
Q135040089	Takanamino Shrine
Q135040090	Nifuno Shrine
Q135040091	Subeno Shrine
Q135040092	Konono Shrine
Q135040093	Mimino Shrine
Q135040094	Oseno Shrine
Q135040095	Tsuneno Shrine
Q135040096	Notono Shrine
Q135040097	Kurami Shrine
Q135040098	Yamatsutano Shrine
Q135040099	Kahiruno Shrine
Q135040101	Tsurukino Shrine
Q135040103	Nifuno Shrine
Q135040105	Tayuhino Shrine
Q135040107	Kutsumino Shrine
Q135040110	Nosakano Shrine
Q135040112	Shihisakino Shrine
Q135040114	Ohokurano Shrine
Q135040115	Washisakino Shrine
Q135040117	Ichifurino Shrine
Q135040118	Atago Shrine
Q135040119	Inohatano Shrine
Q135040120	Asomurano- Shrine
Q135040123	Shirakino Shrine
Q135040124	Yokokurano Shrine
Q135040125	Kasuga Shrine
Q135040126	Yokoyamano Shrine
Q135040127	Chihamura- Shrine
Q135040128	Kahiruno Shrine
Q135040130	Takawokano Shrine
Q135040133	Kahirutanokuchino Shrine
Q135040136	Misakino Shrine
Q135040137	Oritano Shrine
Q135040138	Ihatano Shrine
Q135040139	Ameyahoyorotsu- Shrine
Q135040140	Amekunitsuhikono Shrine
Q135040141	Amekunihimeno Shrine
Q135040142	Shirokihikono Shrine
Q135040143	Anikono Shrine
Q135040144	Amayono Shrine
Q135040145	Tofuno Shrine
Q135040148	Nakawokano Shrine
Q135040149	Makeno Shrine
Q135040151	Hirawiteno Shrine
Q135040152	Ohoyamamitano Shrine
Q135040154	Sasamushino Shrine
Q135040155	Ikazuchi Shrine
Q135040156	Hoyamano Shrine
Q135040157	Kuninakano Shrine
Q135040158	Isoheno Shrine
Q135040159	Wokamotono Shrine
Q135040160	Suhaasuki Shrine
Q135040161	Nitsuno Shrine
Q135040162	Tonano Shrine
Q135040166	Woyamatano Shrine
Q135040169	Ukamu Shrine
Q135040171	Katashihano Shrine
Q135040176	Shikiyamano Shrine
Q135040181	Sukimorino- Shrine
Q135040186	Tsuchinowano Shrine
Q135040188	Nahonono Shrine
Q135040194	Make Shrine
Q135040199	Tochiwino Shrine
Q135040203	Shihisakino Shrine
Q135040205	Yosunano Shrine
Q135040206	Yamakatano Shrine
Q135040207	Mikatono Shrine
Q135040209	Wakeno Shrine
Q135040210	Kamusohino Shrine
Q135040212	Uheno Shrine
Q135040213	Asuhano Shrine
Q135040214	Ihakurano Shrine
Q135040215	Kamuhano Shrine
Q135040217	Daitsukiiwakura Shrine
Q135040218	Sakatohitokotono Shrine
Q135040219	Kasahayano Shrine
Q135040220	Kuninariohonono Shrine
Q135040221	Takaoihakurano Shrine
Q135040222	Arashimano Shrine
Q135040223	Fukurono Shrine
Q135040224	Sakanawino Shrine
Q135040225	Misaki Shrine
Q135040226	Tsunakoshino Shrine
Q135040227	Taneno Shrine
Q135040228	Kumetano Shrine
Q135040229	Okami Shrine
Q135040230	Ajiwase Shrine
Q135040231	Wikuchi Shrine
Q135040232	Yanakiseno Shrine
Q135040234	Konosumino Shrine
Q135040235	Katakishino Shrine
Q135040236	Ohomisono Shrine
Q135040237	Hikonano Shrine
Q135040239	Heitano Shrine
Q135040240	Kiheno Shrine
Q135040242	Hirawoka Shrine
Q135040243	Ketanino Shrine
Q135040244	Shihano Shrine
Q135040245	Etano Shrine
Q135040246	Ukusono Shrine
Q135040247	Ikino Shrine
Q135040248	Hosorokino Shrine
Q135040249	Yokoyamano Shrine
Q135040250	Mikunino Shrine
Q135040251	Ihatano Shrine
Q135040252	Misakano Shrine
Q135040253	Takamukuno Shrine
Q135040254	Kasamano Shrine
Q135040255	Ihetsuno Shrine
Q135040257	Ohominatono Shrine
Q135040258	Itosakino Shrine
Q135040259	Kanayamahiko Shrine (Tsuruga)
Q135040260	Suisaki-no-kami Shrine
Q135040261	Shinoharano Shrine
Q135040262	Tokarino Shrine
Q135040264	Mikino Shrine
Q135040265	Miyamuraisoheno Shrine
Q135040266	Hatorino Shrine
Q135040267	Imunamino Shrine
Q135040268	Hiokino Shrine
Q135040269	Ketamikono Shrine
Q135040270	Shihotsuno Shrine
Q135040272	Tatano Shrine
Q135040273	Kasukamino Shrine
Q135040274	Hatasakano Shrine
Q135040275	Takinamino Shrine
Q135040276	Kumatano Shrine
Q135040277	Motomurawino Shrine
Q135040278	Nukahikashino Shrine
Q135040279	Nukanishino Shrine
Q135040281	Mimano Shrine
Q135040282	Sakino Shrine
Q135040283	Naramotono Shrine
Q135040284	Kasamano Shrine
Q135040285	Michino Shrine
Q135040286	Kamutano Shrine
Q135040288	Wohamano Shrine
Q135040289	Nomano Shrine
Q135040290	Miwa Shrine
Q135040291	Kamo Shrine
Q135040292	Kantano Shrine
Q135040293	Shimonomano Shrine
Q135040294	Kumukeno Shrine
Q135040295	Sukino Shrine
Q135040297	Notsuchino Shrine
Q135040298	Noka Shrine
Q135040299	Kasanono Shrine
Q135040300	Ahimino Shrine
Q135040301	Shiwono Shrine
Q135040302	Kanshiro Shrine
Q135040303	Setohikono Shrine
Q135040304	Tehayahimeno Shrine
Q135040305	Shihishihano- Shrine
Q135040306	Natsumihimeno Shrine
Q135040307	Morowoka- Shrine
Q135040308	Momonuhikono Shrine
Q135040309	Kumakafutsuarakashihikono Shrine
Q135040310	Fuchitsuhikono Shrine
Q135040311	Ohonamochinokamikataishino Shrine
Q135040313	Notohime Shrine
Q135040314	Fuchiharahikono Shrine
Q135040315	Sukaoshihimeno Shrine
Q135040316	Kafutohikono Shrine
Q135040317	Amehikake- Shrine
Q135040318	Toriyahikono Shrine
Q135040319	Araiso- Shrine
Q135040320	Kutehikono Shrine
Q135040321	Shirahikono Shrine
Q135040322	Yokihikono Shrine
Q135040323	Arakashi- Shrine
Q135040324	Kushiinatakino Shrine
Q135040325	Iyahimeno Shrine
Q135040326	Mikatonushino- Shrine
Q135040327	Sukunahikonokamikata- Shrine
Q135040328	Fukeshihikono Shrine
Q135040329	Ihasehikono Shrine
Q135040330	Kamusukinoitsumuhimeno Shrine
Q135040331	Ihakura- Shrine
Q135040332	Mimanahikono Shrine
Q135040333	Mimanahimeno Shrine
Q135040334	Kamumeitsukino- Shrine
Q135040335	Okutsuhimeno Shrine
Q135040336	Hetsuhimeno Shrine
Q135040338	Komashi- Shrine
Q135040339	Kashihara- Shrine
Q135040340	Nakawokano Shrine
Q135040352	Hayashino Shrine
Q135040354	Kuharano Shrine
Q135040356	Asawino Shrine
Q135040358	Michino Shrine
Q135040361	Mononoheno Shrine
Q135040363	Kakumino Shrine
Q135040366	Kumeno Shrine
Q135040368	Fuseno Shrine
Q135040370	Hayakahano Shrine
Q135040373	Isoheno Shrine
Q135040376	Yashiro Shrine
Q135040378	Kusaoka Shrine
Q135040380	Anekura- Shrine
Q135040381	Hayahoshino Shrine
Q135040382	Kumano Shrine
Q135040383	Kamutono Shrine
Q135040386	Takeihakatsuno Shrine
Q135040394	Hiokino Shrine
Q135040396	Fuseno Shrine
Q135040398	Ishitakeo Shrine
Q135040399	Tatehoko Shrine
Q135040400	Onda Shrine
Q135040401	Miyazuhachimanguu
Q135040402	Tamuke Shrine
Q135040405	Usaka Shrine
Q135040406	Usaka Shrine
Q135040408	Itahachimanguu
Q135040414	Nunakahano Shrine
Q135040416	Ohomuwano Shrine
Q135040419	Ahitano Shrine
Q135040421	Sata Shrine
Q135040424	Mononoheno Shrine
Q135040426	Mizushimaisobe Shrine
Q135040428	Sugawara Shrine
Q135040430	Isokimi Shrine
Q135040432	Eno Shrine
Q135040434	Awomino Shrine
Q135040436	Matotano Shrine
Q135040438	Miyakeno Shrine
Q135040440	Kiriharano Shrine
Q135040443	Tsuno Shrine
Q135040445	Wonifu Shrine
Q135040447	Unakushino Shrine
Q135040450	Mishimanoisobeno Shrine
Q135040451	Ukahano Shrine
Q135040452	Tatano Shrine
Q135040453	Ihawino Shrine
Q135040454	Ohosakino Shrine
Q135040455	Sakamotono Shrine
Q135040456	Awomino Shrine
Q135040457	Utsurahashino Shrine
Q135040458	Ikureno Shrine
Q135040459	Tsukitano Shrine
Q135040460	Wofuseno Shrine
Q135040461	Ikarashino Shrine
Q135040462	Iyahikono Shrine
Q135040463	Nakaseno Shrine
Q135040464	Nakayamano Shrine
Q135040466	Asaihinono Shrine
Q135040467	Funaeno Shrine
Q135040468	Tsuchifutano Shrine
Q135040469	Ichikahano Shrine
Q135040470	Ishiwino Shrine
Q135040471	Mikuri Shrine
Q135040472	Kahaahino Shrine
Q135040473	Kamaharano Shrine
Q135040474	Nishinamino Shrine
Q135040475	Arakahano Shrine
Q135040476	Taki Shrine
Q135040477	Urushiyama Shrine
Q135040478	Momokahano Shrine
Q135040479	Minatono Shrine
Q135040480	Ohomeno Shrine
Q135040483	Hikitaheno Shrine
Q135040484	Mononoheno Shrine
Q135040485	Mikeno Shrine
Q135040486	Ihimochino Shrine
Q135040487	Woshikino Shrine
Q135040488	Ohohatano Shrine
Q135040490	Atsukushihikono Shrine
Q135040491	Itsumono Shrine
Q135040492	Kuhatano Shrine
Q135040493	Kamunono Shrine
Q135040494	Atagono Shrine
Q135040495	Obata Shrine
Q135040496	Hashiritano Shrine
Q135040497	Matsuo Shrine
Q135040498	Date Shrine
Q135040499	Yonono Shrine
Q135040500	Takino Shrine
Q135040501	Hietanono Shrine
Q135040502	Shitahino Shrine
Q135040503	Itsushinokanoisoheno Shrine
Q135040504	Shihakano Shrine
Q135040505	Henakino Shrine
Q135040506	Sakachishino Shrine
Q135040507	Kamutano Shrine
Q135040508	Kahachitatanuhino Shrine
Q135040509	Ohohimeno Shrine
Q135040510	Sasaha Shrine
Q135040511	Futamurano Shrine
Q135040512	Kumakurano Shrine
Q135040513	Takakurano Shrine
Q135040514	Samiyano Shrine
Q135040515	Karinono Shrine
Q135040516	Chinono Shrine
Q135040517	Ineno Shrine
Q135040518	Sachino Shrine
Q135040519	Atawokano Shrine
Q135040520	Tatenuhino Shrine
Q135040521	Seritano Shrine
Q135040522	Nihiwino Shrine
Q135040523	Nunukino Shrine
Q135040524	Ashii Shrine
Q135040525	Kawarano Shrine
Q135040526	Itsukino Shrine
Q135040528	Kamuno Shrine
Q135040529	Ikunono Shrine
Q135040530	Amukano Shrine
Q135040531	Amaterutamano- Shrine
Q135040532	Arakino Shrine
Q135040533	Suhakiheno Shrine
Q135040534	Ahichino Shrine
Q135040535	Asusukino Shrine
Q135040536	Mitetsukino Shrine
Q135040537	Satano Shrine
Q135040542	Kamunahino Shrine
Q135040543	Iyano Shrine
Q135040544	Akakunino Shrine
Q135040545	Takakurano Shrine
Q135040546	Sasukano Shrine
Q135040547	Shimamano Shrine
Q135040548	Fukutano Shrine
Q135040549	Kinosaki Shrine
Q135040550	Ichifuseno Shrine
Q135040551	Iyakaki Shrine
Q135040552	Shitorino Shrine
Q135040553	Takatano Shrine
Q135040554	Arasuno Shrine
Q135040555	Yaharano Shrine
Q135040556	Maratano Shrine
Q135040557	Miyakeno Shrine
Q135040558	Hiharano Shrine
Q135040559	Mononoheno Shrine
Q135040560	Iyatono Shrine
Q135040561	Sushirono Shrine
Q135040562	Fukafu Shrine
Q135040563	Utsukino Shrine
Q135040564	Kuritano Shrine
Q135040565	Tayuno Shrine
Q135040566	Urano Shrine
Q135040567	Yataheno Shrine
Q135040568	Achiheisoheno Shrine
Q135040569	Miheno Shrine
Q135040570	Kotsumino Shrine
Q135040572	Itatsurano Shrine
Q135040573	Sukisuweno Shrine
Q135040574	Wakanono Shrine
Q135040575	Kuhiwokano Shrine
Q135040576	Hamino Shrine
Q135040578	Inashirono Shrine
Q135040579	Nakino Shrine
Q135040580	Yatano Shrine
Q135040581	Ohoukano Shrine
Q135040582	Nakuno Shrine
Q135040583	Misotanino Shrine
Q135040584	Kuniharano Shrine
Q135040586	Echino Shrine
Q135040587	Ohonono Shrine
Q135040589	Ikuwauheno Shrine
Q135040590	Shifuhino Shrine
Q135040591	Fukataheno Shrine
Q135040592	Yukawono Shrine
Q135040593	Karatachi Shrine
Q135040594	Himefuno Shrine
Q135040595	Kumano Shrine
Q135040596	Ifukino Shrine
Q135040598	Itsushimino Shrine
Q135040599	Yatano Shrine
Q135040600	Marotano Shrine
Q135040601	Himefuno Shrine
Q135040602	Moroyoshino Shrine
Q135040603	Murawokano Shrine
Q135040604	Kikiheno Shrine
Q135040605	Asakonoisobeno Shrine
Q135040606	Tokano- Shrine
Q135040607	Hiyausuno Shrine
Q135040608	Akafuchino Shrine
Q135040609	Iyuno Shrine
Q135040610	Shitorino Shrine
Q135040611	Ashikano Shrine
Q135040612	Sanano Shrine
Q135040613	Uruhano Shrine
Q135040614	Asamano Shrine
Q135040615	Yawokano Shrine
Q135040616	Ikutono Shrine
Q135040617	Tatenuhino Shrine
Q135040618	Hyōzu Shrine
Q135040619	Wosakano Shrine
Q135040620	Sakitsuhiko- Shrine
Q135040621	Winoheno Shrine
Q135040622	Tetanino Shrine
Q135040623	Sakakino Shrine
Q135040624	Honamano Shrine
Q135040625	Kutsuno Shrine
Q135040626	Ohoyohino Shrine
Q135040627	Kiriharano Shrine
Q135040628	Mitsuwokano Shrine
Q135040629	Saraki- Shrine
Q135040630	Miwino Shrine
Q135040631	Moriuchino Shrine
Q135040632	Wanamino Shrine
Q135040633	Yama‑no‑Kami Shrine
Q135040634	Mitsushino Shrine
Q135040635	Kirinono Shrine
Q135040636	Suruno Shrine
Q135040637	Sasakino Shrine
Q135040638	Hiteno Shrine
Q135040640	Sukino Shrine
Q135040641	Wono Shrine
Q135040643	Tetanino Shrine
Q135040644	Ohofuhe- Shrine
Q135040645	Amukano Shrine
Q135040646	Hichino Shrine
Q135040647	Wosakano Shrine
Q135040648	Tamarakino Shrine
Q135040649	Ashitano Shrine
Q135040650	Minono Shrine
Q135040651	Himefuno Shrine
Q135040653	Takanukino Shrine
Q135040654	Kutowa- Shrine
Q135040655	Hiokino Shrine
Q135040657	Tatenuhino Shrine
Q135040658	Witano Shrine
Q135040659	Omohiyarino Shrine
Q135040660	Miwino Shrine
Q135040661	Takafuno Shrine
Q135040662	Sakuno Shrine
Q135040663	Kamutono Shrine
Q135040664	Ichino Shrine
Q135040665	Sutanino Shrine
Q135040666	Karakuni Shrine
Q135040667	Kumano Shrine
Q135040668	Anamekino Shrine
Q135040670	Meshirono Shrine
Q135040676	Yosakino Shrine
Q135040679	Fukuhino Shrine
Q135040681	Woeno Shrine
Q135040683	Mimiwino Shrine
Q135040684	Momoshimano Shrine
Q135040685	Hyōzu Shrine
Q135040686	Fukasaka Shrine
Q135040688	Hyōzu Shrine
Q135040689	Kehi Shrine
Q135040690	Kuruhi Shrine
Q135040691	Omonami Shrine
Q135040692	Nishitono Shrine
Q135040693	Amano Shrine
Q135040694	Saukeno Shrine
Q135040695	Takanono Shrine
Q135040696	Isakino Shrine
Q135040697	Norihano Shrine
Q135040698	Miino Shrine
Q135040699	Kurahashino Shrine
Q135040700	Akotanino Shrine
Q135040701	Kuhaharano Shrine
Q135040702	Irokino Shrine
Q135040703	Nifuno Shrine
Q135040704	Futakata Shrine
Q135040705	Ohoiheno Shrine
Q135040707	Ohotoshi Shrine
Q135040708	Menuno Shrine
Q135040709	Suga Shrine
Q135040710	Tatano Shrine
Q135040711	Woshirono Shrine
Q135040712	Shitsumino Shrine
Q135040713	Isofuno Shrine
Q135040714	Toyono Shrine
Q135040715	Takasaka Shrine
Q135040716	Kuronono Shrine
Q135040717	Harukino Shrine
Q135040718	Oshirono Shrine
Q135040719	Ohomuwano Shrine
Q135040720	Samino- Shrine
Q135040721	Takanono Shrine
Q135040723	Koyano- Shrine
Q135040724	Hinono Shrine
Q135040725	Kamurono Shrine
Q135040726	Takonouheno Shrine
Q135040727	Ikamu Shrine
Q135040728	Tsukiwori Shrine
Q135040729	Arasaka Shrine
Q135040730	Temino Shrine
Q135040731	Hatori Shrine
Q135040732	Mitanino Shrine
Q135040733	Ohoeno Shrine
Q135040734	Tsuhakichino- Shrine
Q135040735	Shihonono- Shrine
Q135040736	Tsuhanamino Shrine
Q135040737	Isononosakino Shrine
Q135040738	Takamukuno Shrine
Q135040739	Himenuno Shrine
Q135040740	Watarino Shrine
Q135040742	Kutamino Shrine
Q135040743	Furutachino Shrine
Q135040744	Mitekuranuno Shrine
Q135040745	Nakatomitakatakeno Shrine
Q135040746	Iwano Shrine
Q135040747	Amahinatorino- Shrine
Q135040748	Atakatsutakemikumano Shrine
Q135040749	Ohowasamino- Shrine
Q135040750	Ohonomino- Shrine
Q135040751	Hayakahano Shrine
Q135040752	Hatawino Shrine
Q135040753	Kachimino Shrine
Q135040755	Itawi Shrine
Q135040756	Shikanuno Shrine
Q135040757	Gatsuyu Shrine
Q135040758	Shitorino Shrine
Q135040759	Kusakano Shrine
Q135040760	Munakatano Shrine
Q135040761	Sakino Shrine
Q135040762	Noritono Shrine
Q135040763	Tanakano Shrine
Q135040764	Tatewino Shrine
Q135040766	Hayatamano Shrine
Q135040767	Fukomino Shrine
Q135040768	Ihasakano Shrine
Q135040769	Sakusano Shrine
Q135040770	Takahino Shrine
Q135040771	Yamashirono Shrine
Q135040773	Himetsukino Shrine
Q135040774	Noshirono Shrine
Q135040775	Fujina Ōanamochi Shrine
Q135040776	Fushifuno Shrine
Q135040777	Kutamino Shrine
Q135040778	Nimasukarakuniitateno Shrine
Q135040779	Kimachino Shrine
Q135040780	Sawino Shrine
Q135040781	Sawitakamochino Shrine
Q135040782	Shishichino Shrine
Q135040783	Urufuno Shrine
Q135040784	Sutano Shrine
Q135040786	Karakuniitateno Shrine
Q135040787	Chikuya Shrine
Q135040900	Hayatsumushiwakeno Shrine
Q135040901	Yamasano Shrine
Q135040902	Kushimikenono Shrine
Q135040903	Fuheno Shrine
Q135040904	Tsuheshirono Shrine
Q135040905	Ohonamochi Shrine
Q135040906	Ohonamochimiko Shrine
Q135040907	Sakutano Shrine
Q135040909	Shihomino Shrine
Q135040910	Itakino Shrine
Q135040911	Miwosano Shrine
Q135040912	Ichiharano Shrine
Q135040913	Yukino Shrine
Q135040914	Kachihino Shrine
Q135040915	Kachihinotakamori Shrine
Q135040916	Tawomoteno Shrine
Q135040917	Kumeno Shrine
Q135040918	Fushikimino Shrine
Q135040919	Takeno Shrine
Q135040921	Kuramino Shrine
Q135040922	Hayatsumushino Shrine
Q135040923	Kahakamino Shrine
Q135040924	Nakamino Shrine
Q135040925	Kadoeno Shrine
Q135040926	Yokotano Shrine
Q135040927	Nisano Shrine
Q135040928	Nisanokashinowino Shrine
Q135040930	Ikumano Shrine
Q135040932	Oi Shrine
Q135040933	Hitano Shrine
Q135040934	Miwino Shrine
Q135040935	Uchino Shrine
Q135040936	Tarumino Shrine
Q135040937	Wetomono Shrine
Q135040938	Kososhino Shrine
Q135040939	Ohonotsuno Shrine
Q135040940	Kutamino Shrine
Q135040941	Sakano Shrine
Q135040942	Umino Shrine
Q135040943	Takuno Shrine
Q135040944	Mitsuno Shrine
Q135040946	Noroshino Shrine
Q135040947	Kotsuno Shrine
Q135040948	Motomame Shrine
Q135040949	Suijin Shrine
Q135040950	Ohonamochino Shrine
Q135040951	Ohokamiookisakino Shrine
Q135040952	Inochihimeno Shrine
Q135040953	Kantamamikono Shrine
Q135040954	Kantamainochinushino Shrine
Q135040955	Kamuohonamochimikono Shrine
Q135040956	Inasehagino Shrine
Q135040958	Oanamochi Miko Tamae Shrine Shrine
Q135040959	Asukino Shrine
Q135040960	Karakuniitateno Shrine
Q135040961	Amewakahikono Shrine
Q135040962	Susanowono Shrine
Q135040964	Kantamaihotoshino Shrine
Q135040965	Kanasukino Shrine
Q135040966	Kanisanakino Shrine
Q135040967	Amanohinatorino Shrine
Q135040968	Isakano Shrine
Q135040969	Achisukino Shrine
Q135040970	Amewakahikono Shrine
Q135040971	Inasano Shrine
Q135040972	Kusakano Shrine
Q135040973	Amashirohikono Shrine
Q135040974	Amashirohimeno Shrine
Q135040975	Inuno Shrine
Q135040976	Kantamaitsunohimeno Shrine
Q135040977	Kantamano Shrine
Q135040979	Hikosawakeno Shrine
Q135040983	Ifukino Shrine
Q135040990	Tsukarino Shrine
Q135040992	Isahano Shrine
Q135041000	Mitamino Shrine
Q135041002	Himechino Shrine
Q135041010	Akatano Shrine
Q135041013	Wakafutsunushino Shrine
Q135041022	Ihano Shrine
Q135041024	Tsumushino Shrine
Q135041032	Ukano Shrine
Q135041036	Minumano Shrine
Q135041037	Fuseno Shrine
Q135041040	Ohomino Shrine
Q135041043	Itsumono Shrine
Q135041044	Karakuniitateno Shrine
Q135041045	Hishirono Shrine
Q135041046	Karakamano Shrine
Q135041048	Toriyano Shrine
Q135041049	Kanshirono Shrine
Q135041050	Sokinoyano Shrine
Q135041051	Karakuniitatematsuruno Shrine
Q135041052	Isakano Shrine
Q135041053	Kumuno Shrine
Q135041054	Kamori Shrine
Q135041055	Ijinno Shrine
Q135041056	Hachino Shrine
Q135041057	Tachimushino Shrine
Q135041060	Akono Shrine
Q135041061	Yakukano Shrine
Q135041062	Aneno Shrine
Q135041064	Sashimuno Shrine
Q135041065	Takikino Shrine
Q135041066	Takino Shrine
Q135041067	Oanamochi Shrine
Q135041069	Kunimurano Shrine
Q135041070	Wakasuserihimeno Shrine
Q135041071	Saeki Shrine
Q135041072	Chiino Shrine
Q135041073	Hifuchino Shrine
Q135041074	Kantamakotsunotama Shrine
Q135041075	Arino Shrine
Q135041076	Zakarihimeno Shrine
Q135041077	Yanono Shrine
Q135041078	Ohoyamano Shrine
Q135041079	Kunawino Shrine
Q135041080	Yamuyano Shrine
Q135041081	Honokano Shrine
Q135041082	Yamuyahikono Shrine
Q135041083	Yamuyahikomayumino Shrine
Q135041084	Hinano Shrine
Q135041086	Asurino Shrine
Q135041087	Kanmusuhitamano- Shrine
Q135041089	Yamuya- Shrine (Co-Enshrinement)
Q135041090	Mitoyano Shrine
Q135041091	Taheno Shrine
Q135041092	Ihishi Shrine
Q135041093	Kahaheno Shrine
Q135041094	Ikatakeno Shrine
Q135041095	Misahano Shrine
Q135041096	Unochino Shrine
Q135041097	Sumineno Shrine
Q135041098	Yakuchino Shrine
Q135041099	Mishirono Shrine
Q135041100	Fusuno Shrine
Q135041101	Kisukino Shrine
Q135041102	Katano Shrine
Q135041103	Saseno Shrine
Q135041104	Seritano Shrine
Q135041105	Ushiwono Shrine
Q135041106	Amanohohino- Shrine
Q135041107	Kamutano Shrine
Q135041108	Sasuka Shrine
Q135041110	Asakurahiko-no-Mikoto Shrine
Q135041111	Nihikusohimeno- Shrine
Q135041112	Nihehimeno Shrine
Q135041114	Sahime- Shrine
Q135041115	Nowino Shrine
Q135041116	Kamubeno Shrine
Q135041118	Kikamino Shrine
Q135041119	Yamanohenoyashirohime- Shrine
Q135041120	Hiyakurakuno Shrine
Q135041122	Minokamino Shrine
Q135041124	Kokubunjihiyakurakuno Shrine
Q135041125	Tahatono Shrine
Q135041126	Tsutono Shrine
Q135041127	Oomatsuriamaihakatohikono Shrine
Q135041128	Ohiihikono- Shrine
Q135041129	Kushiro-kokeka- Shrine
Q135041130	Ohotoshino Shrine
Q135041131	Yamaheno Shrine
Q135041132	Yasuno Shrine
Q135041133	Amatsuno Shrine
Q135041135	Tatatakehorineno- Shrine
Q135041136	Ohoharano Shrine
Q135041137	Sukanonoamenotakarawakakono- Shrine
Q135041138	Shimihaamaihakatsuno- Shrine
Q135041139	Wonono-azuwake- Shrine
Q135041140	Make-no-Mikoto Shrine
Q135041141	Nakirahimeno- Shrine
Q135041142	Kamonahino Shrine
Q135041143	Wakenosu Shrine
Q135041144	Amatakekanakaya Shrine
Q135041146	Kasuga Shrine
Q135041147	Mononoheno Shrine
Q135041148	Mikatatano Shrine
Q135041149	Iwatsuhimeno Shrine
Q135041150	Shirakunino Shrine
Q135041151	Takamikura Shrine
Q135041152	Hafuritano Shrine
Q135041153	Nakatomiitateno Shrine
Q135041154	Yahirano Shrine
Q135041155	Iheshimano Shrine
Q135041156	Yahono Shrine
Q135041157	Kurawokino Shrine
Q135041158	Amakohino Shrine
Q135041159	Yohino Shrine
Q135041161	Ohoyamatonokotoshironushino Shrine
Q135041162	Nishino Shrine
Q135041163	Sayotsuhimeno Shrine
Q135041164	Ten'ichi Shrine
Q135041165	Nihitsukino Shrine
Q135041166	Takahano Shrine
Q135041167	Aratano Shrine
Q135041168	Konawino Shrine
Q135041169	Katsurano- Shrine
Q135041170	Ootsu Shrine
Q135041171	Amemahitotsunono Shrine
Q135041172	Takatakeno Shrine
Q135041174	Isoheno Shrine
Q135041175	Sakahino Shrine
Q135041176	Sumiyoshi Shrine
Q135041177	Sukatano Shrine
Q135041178	Konashino Shrine
Q135041179	Kakitano Shrine
Q135041180	Wokiharano Shrine
Q135041181	Saharano Shrine
Q135041182	Kataheno Shrine
Q135041183	Ichiahano Shrine
Q135041184	Yokomino Shrine
Q135041185	Kutono Shrine
Q135041187	Usakamino Shrine
Q135041188	Nakatano Shrine
Q135041189	Kakuyano Shrine
Q135041190	Ameihatowakeno Shrine
Q135041191	Daku Shrine
Q135041192	Osasa Shrine
Q135041193	Ta Shrine
Q135041195	Kyuukenshin Shrine
Q135041196	Okamogami Shrine
Q135041197	Kamono Shrine
Q135041198	Munakatano Shrine
Q135041199	Fuse Shrine
Q135041202	Kamineno Shrine
Q135041204	Ihatowakeno Shrine
Q135041207	Tenjin-sha
Q135041208	Ise Shrine
Q135041209	Amahakarino Shrine
Q135041210	Kunitsu Shrine
Q135041212	Sekimonbetsu Shrine
Q135041213	Kamono Shrine
Q135041214	Kamono Shrine
Q135041215	Tatsuchiurano- Shrine
Q135041216	Momoiyamano Shrine
Q135041218	Sukafuno Shrine
Q135041219	Furukohorino Shrine
Q135041221	Nomatano Shrine
Q135041222	Ihatatamino Shrine
Q135041225	Miwa Shrine
Q135041227	Masakino Shrine
Q135041228	Anatono- Shrine
Q135041229	Aritano Shrine
Q135041231	Kamishimano Shrine
Q135041234	Ueno Shrine
Q135041237	Antsukino- Shrine
Q135041238	Widono- Shrine
Q135041240	Takeinatakisayafutsuno Shrine
Q135041241	Susanowonono Shrine
Q135041242	Nihitsuhimeno Shrine
Q135041244	Takamorono Shrine
Q135041245	Hikosasukino Shrine
Q135041246	Tarihirino Shrine
Q135041247	Kunitakayorihikono Shrine
Q135041248	Okamino Shrine
Q135041249	Sorahikono Shrine
Q135041250	Takao- Shrine
Q135041251	Warihimeno Shrine
Q135041252	Chihayahikono Shrine
Q135041253	Chihayahimeno Shrine
Q135041254	Kumakeno Shrine
Q135041258	Itsumono Shrine
Q135041263	Misakano Shrine
Q135041265	Futamatano Shrine
Q135041266	Kuroyamahachimanguu
Q135041267	Kumanomiya
Q135041268	Akada Shrine
Q135041269	Murayano Shrine
Q135041270	Mibu Shrine
Q135041271	Yutaka Shrine
Q135041272	Takechi-Ishiuchi-no-Mikoto Shrine
Q135041273	Wotano Shrine
Q135041275	Kunikakasuno Shrine
Q135041276	Tsumatsuhimeno Shrine
Q135041277	Ikuhimeno Shrine
Q135041278	Tsuwada Tenman-gu Shrine
Q135041279	Takatsumihimeno Shrine
Q135041280	Katamaneno Shrine
Q135041281	Amano Shrine
Q135041283	Ametachikarawono Shrine
Q135041285	Ihayano Shrine
Q135041287	Tsukisano Shrine
Q135041288	Kamo Shrine
Q135041289	Yuranominatono Shrine
Q135041290	Shichikuno Shrine
Q135041292	Kishikahano Shrine
Q135041293	Kahakamino Shrine
Q135041294	Yaharano Shrine
Q135041299	Minakuchino Shrine
Q135041300	Kutono Shrine
Q135041301	Kaehimeno Shrine
Q135041302	Ushihiko Shrine
Q135041304	Takefutsuno Shrine
Q135041305	Kamono Shrine
Q135041306	Tawano Shrine
Q135041307	Yokotano Shrine
Q135041308	Isanamino Shrine
Q135041309	Takeno Shrine
Q135041311	Ameyoritateno Shrine
Q135041313	Amatsukasahikono Shrine
Q135041314	Yasokono Shrine
Q135041315	Mitsuhanomeno Shrine
Q135041316	Haniyamano- Shrine
Q135041319	Yamatoookuni- Shrine
Q135041321	Imuheno Shrine
Q135041330	Amamurakumono Shrine
Q135041333	Amatsunumahikono Shrine
Q135041341	Hihameno- Shrine
Q135041343	Iwatowakeyakurahimeno Shrine
Q135041351	Ama-no-iwato-wake-toyotamahimeno Shrine
Q135041358	Mano- Shrine
Q135041365	Watatsumitoyotamahimeno Shrine
Q135041369	Kotoshironushino Shrine
Q135041371	Yamakatano- Shrine
Q135041372	Unawino Shrine
Q135041373	Wanasaifusono Shrine
Q135041374	Murohimeno Shrine
Q135041375	Take- Shrine
Q135041377	Kashihahimeno Shrine
Q135041378	Shitori Shrine (ishiimachi)
Q135041379	Ibiryou Shrine
Q135041380	Funejin Shrine
Q135041381	Shiratori Shrine (Ishiimachi)
Q135041382	Shitaharino Shrine
Q135041383	Fuseno Shrine
Q135041384	Kamusakino Shrine
Q135041385	Tawano Shrine
Q135041386	Ohominohikono Shrine
Q135041387	Wanikaha Shrine
Q135041389	Uhei Shrine
Q135041390	Kushinashino Shrine
Q135041391	Kamunono Shrine
Q135041392	Ohoasano Shrine
Q135041393	Kumokeno Shrine
Q135041394	Takayano Shrine
Q135041395	Yamatano Shrine
Q135041396	Kamarano Shrine
Q135041397	Uheno shrine
Q135041398	Kuroshimano shrine
Q135041400	Kajishuu Shrine
Q135041401	Amakawa Shrine
Q135041402	Kabiratsu Shrine
Q135041403	Kouke Shrine
Q135041404	Matsui Shrine
Q135041407	Funayama Shrine
Q135041410	Iwata Shrine
Q135041411	Sasakuno Shrine
Q135041412	Futsuno Shrine
Q135041413	Sufuno Shrine
Q135041414	Ohosukino Shrine
Q135041422	Himesakano Shrine
Q135041423	Makimoto Shrine
Q135041427	Ajimino Shrine
Q135041429	Iyono Shrine
Q135041435	Isonono Shrine
Q135041437	Iyotsuhikono- Shrine
Q135041438	Ayaen Shrine
Q135041440	Ikari Shrine
Q135041443	Ikawa Shrine
Q135041444	Tokui Shrine
Q135041445	Ōhama Hachiman Daijin Shrine
Q135041446	Uwatsuhiko Shrine
Q135041447	Murotsuno Shrine
Q135041448	Take Shrine
Q135041449	Sakamotono Shrine
Q135041450	Komatsuno Shrine
Q135041451	Fukafuchino Shrine
Q135041452	Uwetano Shrine
Q135041453	Ihatsuchi Shrine
Q135041454	Amanoihatowakenoyasukunitama- Shrine
Q135041455	Itsutano Shrine
Q135041457	Kinen Shrine
Q135041458	Minehonnin Shrine
Q135041460	Kannachigi Shrine
Q135041461	Soga Shrine
Q135041462	Ootani Shrine
Q135041463	Ise Shrine
Q135041465	Uga Shrine
Q135041467	Sekiryuu Shrine
Q135041468	Sekiryuu Shrine
Q135041469	Shitono Shrine
Q135041470	Materafuno Shrine
Q135041471	Minagino Shrine
Q135041472	Wohonamuchino Shrine
Q135041474	Iseamaterasumioyano Shrine
Q135041475	Toyohimeno Shrine
Q135041476	Miseno- Shrine
Q135041477	Himekami Shrine
Q135041478	Ohotarashihimeno- Shrine
Q135041482	Oshihoneno Shrine
Q135041483	Toyohimeno- Shrine
Q135041484	Takewoshimokorihikono Shrine
Q135041485	Sasamutano Shrine
Q135041486	Aso-Hime Shrine
Q135041487	Kirishimano Shrine
Q135041488	Karakunino- Shrine
Q135041489	Mitsuno Shrine
Q135041490	Atamino Shrine
Q135041491	Hyōzu Shrine
Q135041492	Tsukuyomi Shrine
Q135041494	Kunikatanushino Shrine
Q135041498	Takamioyano Shrine
Q135041500	Tenakahimeno Shrine
Q135041502	Sashifutsuno Shrine
Q135041503	Dousashifutsu Shrine
Q135041504	Nakatsu Shrine
Q135041505	Tsunoheno Shrine
Q135041506	Ame-no-Tanakawono Shrine
Q135041507	Ameno-tanakahimeno Shrine
Q135041508	Misakitono Shrine
Q135041511	Kunitsukami Shrine
Q135041512	Amano Shrine
Q135041514	Tsuno Shrine
Q135041515	Yono Shrine
Q135041518	Ohokutamano Shrine
Q135041520	Nijino Shrine
Q135041521	Minoheno Shrine
Q135041522	Kutsuokamino Shrine
Q135041523	Mononoheno- Shrine
Q135041526	Watatsumi Shrine (Engishiki)
Q135041527	Shimaohokunitamano Shrine
Q135041528	Noritono Shrine
Q135041529	Amenomorohanomikoto Shrine
Q135041531	Unutono Shrine
Q135041532	Wohirano- Shrine
Q135041533	Nasukaminokanenomikono Shrine
Q135041534	Inakuhino Shrine
Q135041535	Yukiahino Shrine
Q135041536	Watamiyakobimiko Shrine
Q135041537	Korokuno Shrine
Q135041538	Korokuno- Shrine
Q135041540	Shimaohokunitamano- Shrine
Q135041542	Ohoshimano Shrine
Q135041543	Harahano Shrine
Q135041544	Takamitamano Shrine
Q135041546	Shirokane- Shrine
Q135041547	Ikatsuchino- Shrine
Q135041548	Watatsumino Shrine
Q135041549	Amateruno Shrine
Q135041550	Sumiyoshi Shrine
Q135041552	Watatsumino Shrine
Q135041554	Tahirano Shrine
Q135041555	Shikishimano Shrine
Q135041556	Tsutsuchino Shrine
Q135041557	Kanayamano Shrine
Q135041558	Okido Shrine
Q135041559	Hirano Shrine
Q135045395	Kamohara Shrine
Q135068635	Ottokousha (Yamashiro Province)
Q135068645	Izumo Inoe-no-Shrine
Q135068646	Inoue Shrine (Otagi district)
Q135068662	Izumotakano Shrine (Otagi district)
Q135068666	Okage Shrine (Otagi district)
Q135068669	Sarutahiko Shrine
Q135068695	Hajio Shrine (Otagi district)
Q135068699	Ono Shrine (Otagi district)
Q135068704	Sunami Shrine (Kamigamo Setsumatsusha)
Q135068705	Suwa Shrine (Otagi district)
Q135068709	Shizuhara Shrine (Otagi district)
Q135068711	Kawai Shrine (Shimogamo Shrine Keidai-Sessha)
Q135068802	Itata Shrine
Q135068806	Yamamori Shrine (Otagi district)
Q135068807	Sai Shrine
Q135068808	Itsukushima Shrine
Q135068809	Daijingu-sha Shrine
Q135068810	Mitsui Shrine
Q135068811	Mitsuzuka Shrine
Q135068812	Shinmei Shrine
Q135068813	Iwatoochiba Shrine
Q135068816	Iwakami Shrine
Q135068818	Tanaka Shrine
Q135068821	Asukata Shrine
Q135068833	Kohata Shrine (Gokasho)
Q135068835	Kohata Shrine (Kobata)
Q135068851	Ishida Shrine
Q135068853	Ishida Shrine (Kuse district)
Q135068854	Arami Shrine (Tomino)
Q135068870	Sakuoka Shrine
Q135068872	Sakuoka Shrine (Tsuzuki district)
Q135068874	Tenjin-sha
Q135068875	Shuichi Shrine
Q135068876	Tanakurahiko Shrine
Q135068885	Kasuga Shrine
Q135068897	Saoka Shrine
Q135068907	Soeokenza Shrine
Q135068927	Ookurahime Shrine
Q135068930	Ookurahimegami Shrine
Q135069027	Hakanishi Shrine
Q135069030	Kashima Shrine
Q135069032	Takashifune Shrine
Q135069035	Oosakayamaguchi Shrine
Q135069036	Oosakayamaguchi Shrine
Q135069093	Yoshinoyamaguchi Shrine
Q135069096	Shikinai Kawakami Kashio Shrine
Q135069097	Ookura Shrine
Q135069098	Sōja Mikumari Shrine
Q135069100	Uda no Mikumari Shrine Shimosha Lower Shrine
Q135069101	Takatsunono Shrine
Q135069103	Mikumari Shrine
Q135069104	Mitsuimyoujin
Q135069105	Tsuruginushi Shrine
Q135069106	Tsuruginushi Shrine (Uda district)
Q135069107	Tsurugishushin Shrine (Yamato Province)
Q135069108	Kasuga Shrine
Q135069110	Wakasa Shrine
Q135069111	Osanazakura Shrine
Q135069113	Chiyo Shrine (Kasuga Keidai-sha)
Q135069115	Chiyo Shrine (Moriichi Keidai-sha)
Q135069116	Kayorunarubiinochi Shrine
Q135069117	Kuzu Shrine
Q135069118	Asukakawakamizausutakihimeinochi Shrine
Q135069119	Usutakihimeinochi Shrine
Q135069120	Higashiotanihimemikoto Shrine
Q135069122	Higashiotani Himemikoto Shrine
Q135069124	Tenman Shrine
Q135069127	Yamayukibouyamakuchi Shrine
Q135069128	Ishisunyamaguchi Shrine
Q135069129	Yamaguchi Shrine
Q135069130	Kasuga Shrine
Q135069131	Sakamonshin Shrine
Q135069132	Ama-no-Iwato Shrine
Q135069135	Kuninotokotachi Shrine
Q135069136	Shinmei Shrine
Q135069137	Shitai Shrine (Asago)
Q135069139	Yamabe Miyagata Shrine
Q135069140	Yamabe Miyagata Shrine
Q135069141	Yorumiyakoki Shrine
Q135069142	Yatsurugi Shrine
Q135069143	Kuzu Shrine
Q135069147	Morimoto Shrine
Q135069151	Taza Shrine
Q135069159	Inoda Shrine
Q135069160	Inoda Shrine (Iga Province)
Q135069162	Jouguuko Shrine
Q135069190	Suhara Tai Shrine
Q135069191	Matsushita Shrine
Q135069192	Ogiwara Shrine
Q135069193	Ima Shrine
Q135069194	Raiden Shrine
Q135069196	Takabuku Taisha
Q135069198	Shimizu Shrine
Q135069200	Niigaki Shrine
Q135069202	Hatada Shrine
Q135069203	Amanokaguyama Shrine
Q135069216	Hisamamechi Shrine
Q135069219	Hisamamechi Shrine (Ise Province)
Q135069225	Kotoimi Shrine
Q135069226	Kotoimi Shrine (Ise Province)
Q135069227	Sakai Shrine
Q135069228	Sakai Shrine (Ise Province)
Q135069230	Myoujin Shrine
Q135069232	Kameyama Shrine
Q135069234	Oi Shrine
Q135069237	Miyake Shrine
Q135069238	Kou Shrine
Q135069240	Nagase Shrine
Q135069241	Nagase Shrine
Q135069242	Kandate Iino Takaichi Shrine  Co-Enshrinement
Q135069244	Ooshikamiyake Shrine
Q135069249	Inabu Shrine
Q135069253	Hiyoshi Shrine
Q135069291	Tenjin-sha
Q135069326	Shokuwa Shrine
Q135069335	Yonogami Shrine
Q135069336	Tateno Shrine
Q135069341	Yonogami Shrine
Q135069342	Koguchi Shrine
Q135069343	Yonogami Shrine
Q135069344	Tenjin-sha
Q135069345	Hakusan Shrine
Q135069346	Takamu Shrine
Q135069347	Katayamahachiman Shrine
Q135069348	Katayama Shrine
Q135069349	Nanao Shrine
Q135069352	Tenmoku Shrine
Q135069355	Dainichi-dō Shrine
Q135069356	Takamu Shrine
Q135069358	Yamaguchihachiman Shrine
Q135069360	Hakusan Shrine
Q135069361	Hachiman‑sha
Q135069364	Kaneno Shrine former site
Q135069366	Keikō Tennō Shrine
Q135069369	Fujimori Shinmei-sha
Q135069370	Wajiryou Shrine (Owari Province)
Q135069372	Ryoshagu Shrine
Q135069373	Sansha Myōjin
Q135069375	Men Shrine
Q135069376	Jiko Shrine
Q135069378	Suwa Shrine
Q135069379	Ōnogi Shrine
Q135069380	Rokusho Shrine
Q135069381	Hakusan Shrine
Q135069383	Shibukawa Shrine
Q135069384	Sakaniwa Shrine
Q135069385	Nanatoko Shrine
Q135069387	Tenjin-sha
Q135069390	Tenjin-sha
Q135069391	Ikachi Hachimanguu
Q135069394	Kumano Shrine
Q135069396	Gokiso Hachiman Shrine
Q135069397	Tenjinnomori
Q135069399	Washitori Shrine
Q135069400	Suwa Shrine
Q135069401	Minato Shrine
Q135069402	Suwa Shrine
Q135069404	Wakayamato Shrine (Miyaguchi, Hamana Ward, Hamamatsu City)
Q135069405	Wakayamato Shrine (Tōtōmi Province)
Q135069406	Sanmei Shrine
Q135069407	Sanmei Shrine (Tōtōmi Province)
Q135069408	Fuji Sengen-gū Shrine
Q135069409	Nanatsumori Shrine
Q135069411	Hatorida Shrine
Q135069412	Shiraha Shrine
Q135069413	Tomichirokutokoroasama Shrine
Q135069414	Momosawa Shrine
Q135069415	Momosawa Shrine (Suruga Province)
Q135069434	Wakamiya Shrine
Q135069437	Yama‑no‑Kami Shrine
Q135069438	Hachiōji Shrine
Q135069440	Takeasa Shrine
Q135069443	Nago Shrine
Q135069448	Nanako‑no‑Miya Shrine
Q135069451	Suwa Shrine
Q135069454	Mishima Shrine
Q135069455	Mishima Shrine (Izu Province)
Q135069458	Shinmei Shrine
Q135069461	Ooasa Shrine
Q135069462	Akaou Shrine
Q135069463	Motomiya Shrine
Q135069466	Hikiterikio Shrine
Q135069467	Azumaya-gū
Q135069470	Kurotona Shrine
Q135069471	Kurotona Shrine (Kai Province)
Q135069491	Kanazakura Shrine (Yamanashi district)
Q135069494	Ooimata Shrine
Q135069496	Hachiman Hommi Shrine
Q135069497	Hokensuwajuugotokoro Shrine
Q135069498	Saku Shrine
Q135069499	Saku Shrine (Kai Province)
Q135069502	Kineshou Shrine
Q135069503	Kineshou Shrine (Kai Province)
Q135069505	Takamori Shrine
Q135069507	Unokihachiman Shrine
Q135069520	Anazawa Tenjin Shrine
Q135069521	Haguromita Shrine
Q135069529	Hisai Shrine
Q135069537	Hikawa Shrine
Q135069539	Miyame Shrine
Q135069544	Shinmei Shrine
Q135069545	Izumonoinamihi Shrine
Q135069546	Inenohime Shrine
Q135069548	Mishima Shrine
Q135069549	Taigaseishin Shrine
Q135069550	Kumano Daijin Shrine
Q135069551	Kasuga-sha (Higashi-Beppu)
Q135069552	Kumano Shrine
Q135069554	Shinmei-sha
Q135069555	Harunamiya Shrine
Q135069556	Shinmei-sha
Q135069558	Harunamiya Shrine
Q135069559	Imajouaosakainejitsukoumitama Shrine
Q135069560	Inari Shrine
Q135069564	Shinmei-sha
Q135069565	Harunamiya Shrine
Q135069571	Muku Shrine (Shimoyoshida, Chichibu City, Saitama Prefecture)
Q135069577	Nakoshiyama Shrine
Q135069580	Nakoshiyama Shrine (Awa Province)
Q135069590	Kashima Shrine
Q135069591	Tateno Shrine (Hitachi Province)
Q135069592	Tateno Shrine (Kuji district)
Q135069597	Tateno Shrine
Q135069598	Ariga Shrine
Q135069601	Sashinou Shrine (Hitachi Province)
Q135069604	Ebisuhari Shrine
Q135069605	Iizuna Shrine
Q135069606	Sokubi Shrine
Q135069607	Taian Shrine
Q135069608	Koyasu Shrine
Q135069614	Onotoufuu Shrine
Q135069624	Obata Shrine
Q135069625	Oka Shrine
Q135069626	Nagaoka Shrine
Q135069628	Katorigo Shrine
Q135069631	Katori Shrine
Q135069635	Sazae Shrine
Q135069641	Sazae Shrine (Azai district)
Q135069647	Kashima Shrine
Q135069650	Okamoto Shrine
Q135069653	Gosha Shrine
Q135069658	Hikitari Shrine
Q135069661	Minamihama Shrine
Q135069663	Kashima Shrine
Q135069665	Ooba Shrine
Q135069666	Hiyoshi Shrine
Q135069671	Nokita Shrine
Q135069684	Hie and Ōmizubetsu Shrines
Q135069687	Oono Shrine
Q135069757	Nakamiya Shrine
Q135069768	Nunosei Shrine (Shinano Province)
Q135069771	Hioki Shrine
Q135069775	Hioki Shrine (Sarashina district)
Q135069778	Shimizu Shrine
Q135069788	Shimitsuno Shrine (candidate)
Q135069792	Iki Shrine
Q135069795	Iki Shrine
Q135069800	Oketomohiro Shrine
Q135069803	Ogawa Shrine
Q135069806	Ogawa Shrine (Shinano Province)
Q135069809	Ogawa Hachiman Shrine
Q135069811	Morita Shrine
Q135069815	Morita Shrine (Shinano Province)
Q135069817	Awano Shrine
Q135069821	Awano Shrine (Shinano Province)
Q135069827	Sumetarihonomikoto Shrine
Q135069832	Takeshigyomeihoutomiinochihikoshinbetsu Shrine
Q135069835	Takeshigyomeihoutomiinochihikoshinbetsu Shrine (Shinano Province)
Q135069848	Munakata Shrine
Q135069858	Amido Shrine
Q135069862	Kashima Shrine
Q135069865	Funagatayama Shrine
Q135069866	Co-Enshrinement at Gassan Shrine
Q135069870	Ooshima Shrine
Q135069871	Misaki Shrine
Q135069874	Keisenasaooshima Shrine
Q135069876	Taka Shrine
Q135069878	Shiwahime Shrine
Q135069881	Shiwahime Shrine (Kurihara district)
Q135069885	Bandai Shrine
Q135069886	Iidewaki Shrine
Q135069887	Tobisawa Shrine
Q135069889	Tsurugiryuujin Shrine
Q135069890	Sugio Shrine
Q135069891	Onga Shrine
Q135069893	Onga Shrine (Tagawa district)
Q135069895	Wakasa-hime Shrine
Q135069896	Tsurugi Shrine
Q135069898	Takaoka Shrine
Q135069899	Hakusan Shrine
Q135069901	Oda Shrine
Q135069903	Shintsuyutakahiko Shrine
Q135069904	Shiragi Shrine
Q135069905	Aniko Shrine
Q135069906	Hino Shrine
Q135069907	Omushi Shrine
Q135069908	Amayo Shrine
Q135069910	Okata Shrine
Q135069911	Asaki Shrine
Q135069912	Asaki Shrine (Echizen Province)
Q135069913	Ikazuchi Shrine
Q135069914	Kamo Shrine
Q135069917	Iki Shrine
Q135069918	Shinmei Shrine
Q135069920	Kasuga Shrine
Q135069921	Kasuga- Shrine
Q135069922	Naramoto Shrine
Q135069924	Naramoto Shrine (Ishikawa district)
Q135069927	Kasano Shrine
Q135069928	Noka Shrine
Q135069931	Kasano Shrine
Q135069932	Kasano Shrine (Kaga Province)
Q135069933	Setohiko Shrine
Q135069935	Setohiko Shrine (Noto Province)
Q135069936	Shiibaenhime Shrine
Q135069938	Shiibaenhime Shrine (Noto Province)
Q135069939	Morookahiko Shrine
Q135069945	Morookahiko Shrine (Hakui district)
Q135069955	Hisashiinatakihime Shrine
Q135069962	Hisashiinatakihime Shrine (Noto Province)
Q135069964	Mikadoshuhiko Shrine
Q135069967	Mikadoshuhiko Shrine (Noto Province)
Q135069969	Hayashi Shrine
Q135069970	Michi Shrine
Q135069971	Michi Shrine (Etchū Province)
Q135069972	Kahisaya Shrine
Q135069973	Sokukawa Shrine
Q135069974	Sokukawa Shrine (Etchū Province)
Q135069975	Hayakawahachiman Shrine
Q135069976	Kumano Shrine
Q135069978	Kumano Shrine (Nei district)
Q135069979	Hioki Shrine (Etchū Province)
Q135069980	Hioki Shrine (Niikawa district)
Q135069982	Nunakawa Shrine
Q135069983	Nunakawa Shrine (Echigo Province)
Q135069984	Ō Shrine
Q135069985	Oono Shrine
Q135069986	Fujisaki Shrine
Q135069989	Sekiyama Shrine
Q135069990	Miyake Shrine (Echigo Province)
Q135069992	Miyake Shrine
Q135069994	Kiriharaishibe Shrine
Q135069995	Kiriharaishibe Shrine (Echigo Province)
Q135069996	Shoutanjou Shrine
Q135069997	Unagushi Shrine
Q135070001	Ishii Shrine (Santō district)
Q135070002	Yagi Shrine
Q135070007	Nioukogami Shrine
Q135070008	Nishinaya Shrine
Q135070009	Mike Shrine
Q135070010	Daizen Shrine
Q135070013	Izumo Shrine
Q135070016	Asuzushi Shrine
Q135070017	Shinoda Shrine
Q135070018	Ookawa Shrine
Q135070019	Sawa Shrine
Q135070020	Arasu Shrine
Q135070021	Arasu Shrine (Tango Province)
Q135070022	Miyake Shrine (Tango Province)
Q135070023	Kawabe Hachiman Shrine
Q135070024	Kumano Shrine
Q135070025	Hisarida Shrine
Q135070026	Sumiyoshi Shrine
Q135070027	Achikouisobu Shrine
Q135070028	Sutsuhiko Shrine
Q135070030	Itaretsuhachiman Shrine
Q135070032	Itaretsu Shrine
Q135070033	Sutsuhiko Shrine
Q135070034	Warenogami Shrine
Q135070035	Oono Shrine (Tango Province)
Q135070036	Oono Shrine (Takeno district)
Q135070037	Kokorozashinunohi Shrine
Q135070038	Enkan Shrine
Q135070039	Kumano Shrine
Q135070040	Kumanowakamiyamikami Shrine
Q135070041	Kumanoshinguu Shrine
Q135070042	Ibuki Shrine
Q135070043	Inunoki Shrine
Q135070044	Yada Shrine
Q135070045	Yadahachiman Shrine
Q135070046	Hyōzu Shrine
Q135070047	Hachiman‑sha
Q135070048	Iyu Shrine
Q135070049	Aokura Shrine
Q135070050	Kotekan Shrine
Q135070052	Tatehou Shrine
Q135070053	Tatehou Shrine (Tajima Province)
Q135070054	Hanaoka Shrine
Q135070056	Gosha Shrine
Q135070057	Kasuga Shrine
Q135070058	Ootoshi Shrine
Q135070059	Juurokuhashira Shrine
Q135070060	Saraki-mura Hyozu Shrine
Q135070061	Hinode Shrine
Q135070062	Hinode Shrine (Tajima Province)
Q135070063	Ōube Hyoju Shrine (Okuno)
Q135070064	Dainamabuheishushin Shrine (Tajima Province)
Q135070065	Ifukube Shrine
Q135070066	Anamigo Toshunushi Ōube Hyoju Shrine
Q135070067	Anmuka Shrine
Q135070068	Anmuka Shrine (Tajima Province)
Q135070070	Kosaka Shrine
Q135070071	Kosaka Shrine (Tajima Province)
Q135070073	Ikisa Shrine
Q135070074	Hiranai Shrine
Q135070075	Kuwahara Shrine
Q135070076	Kuwahara Shrine (Tajima Province)
Q135070080	Bishu Shrine
Q135070081	Takyonoue Shrine
Q135070083	Kousuna Shrine
Q135070084	Izanami Shrine
Q135070085	Tsurugi Shrine
Q135070088	Nunowareya Shrine
Q135070089	Yahaku Shrine
Q135070090	Nodai Shrine
Q135070091	Fukutomi Shrine
Q135070092	Kutaya Shrine
Q135070094	Tamatsukuritenmanguu
Q135070095	Sai Shrine
Q135070097	Izumo Jisai Shrine
Q135070098	Sai Takamori Shrine
Q135070100	Ishimiya Shrine
Q135070101	Oomori Shrine
Q135070102	Yamakyou Shrine
Q135070103	Yamakyou Shrine (Izumo Province)
Q135070105	Sakuta Shrine
Q135070106	Karakuri Shrine
Q135070107	Karakuri Shrine
Q135070108	Sakuta Shrine
Q135070109	Itaki Shrine
Q135070110	Atago Shrine
Q135070111	Hibayamakume Shrine okumiya
Q135070112	Kumano Shrine (Satomiya)
Q135070113	Kume Shrine
Q135070115	Yokota Shrine
Q135070116	Yokota Shrine (Izumo Province)
Q135070121	Kuniji Shrine
Q135070122	Etomo Shrine
Q135070123	Etomo Shrine (Izumo Province)
Q135070124	Tomomaegami Shrine
Q135070126	Sansha Shrine
Q135070128	Tarumi Shrine
Q135070129	Suwa Shrine
Q135070130	Nagahama Shrine
Q135070131	Motosakazuki Shrine
Q135070135	Unochi Shrine
Q135070137	Sumine Shrine
Q135070138	Nunosu Shrine
Q135070139	Nunosu Shrine (Izumo Province)
Q135070143	Sahimeyama Shrine
Q135070144	Sahimeyama Shrine
Q135070145	Yamabeyatsushirohimemiko Shrine
Q135070146	Yamabeyatsushirohimemiko Shrine (Iwami Province)
Q135070147	Hekireki Shrine
Q135070148	Kaguraokahachimanguu
Q135070150	Kaguraokahachimanguu
Q135070151	Itakeru Shrine
Q135070152	Kokubunji Hekireki Shrine
Q135070154	Ootoshi Shrine
Q135070164	Inari Shrine
Q135070165	Myouken Shrine
Q135070166	Oohara Shrine
Q135070167	Oohara Shrine (Iwami Province)
Q135070169	Oohara Shrine (Ochi district)
Q135070170	Kamimateinochi Shrine
Q135070171	Isousatsu Shrine
Q135070173	Iwaida Shrine
Q135070174	Iwaida Shrine
Q135070175	Hachiman Shrine
Q135070176	Ieshima Shrine
Q135070177	Miyaura Shrine
Q135070178	Kurai Shrine
Q135070179	Nokuwa Shrine
Q135070180	Kouhou Shrine
Q135070181	Isozaki Shrine
Q135070182	Saho Shrine
Q135070184	Saho Shrine (Harima Province)
Q135070186	Sumiyoshi Shrine
Q135070187	Sumiyoshi Shrine (Harima Province)
Q135070188	Sugata Shrine
Q135070189	Sumiyoshi Shrine
Q135070190	Kogihara Shrine
Q135070191	Kogihara Shrine (Harima Province)
Q135070192	Tadouraza Shrine
Q135070193	Takashima Shrine
Q135070194	Sugo Amatsu Shrine
Q135070195	Furukoori Shrine
Q135070196	Ikeda Shrine
Q135070197	Yamato Shrine
Q135070198	Anatoyama Shrine
Q135070199	Anatoyama Shrine
Q135070201	Kamishima Shrine
Q135070203	Tenjin-sha
Q135070205	Ukou Shrine
Q135070207	Oomotoukou Shrine
Q135070208	Ashitsugiyama Shrine
Q135070209	Ashitsugi Shrine
Q135070210	Ashitsugi Shrine (Bitchū Province)
Q135070211	Takeinatashisayafutsu Shrine
Q135070213	Ninomiya Shrine
Q135070214	Tenjin-sha
Q135070215	Susanoo Shrine
Q135070216	Hachiman Shrine
Q135070217	Takaokami Shrine
Q135070218	Kuniji Shrine
Q135070219	Sorahiko Shrine
Q135070220	Sorahiko Shrine (Bingo Province)
Q135070221	Chinamiyoruhiko Shrine
Q135070222	Chinamiyoruhiko Shrine (Bingo Province)
Q135070223	Kumage Shrine
Q135070224	Kamo Shrine
Q135070226	Ootoshi Shrine
Q135070229	Iwakumahachimanguu
Q135070230	Misaka Shrine
Q135070231	Funajihachimanguu
Q135070233	Futamata Shrine
Q135070234	Shuuhou Shrine
Q135070247	Shiozakihonyukimiya Shrine
Q135070255	Shizuki Shrine
Q135070256	Kumano Shrine
Q135070257	Kishikawa Shrine
Q135070258	Sannō Shrine
Q135070259	Kawakami Shrine
Q135070260	Kawakami Shrine (Awaji Province)
Q135070262	Kawakami Shrine (Tsuna district)
Q135070263	Hachiman Shrine
Q135070265	Tasun Shrine
Q135070269	Takehiro Shrine
Q135070272	Kamogami Shrine
Q135070273	Hachiman Shrine
Q135070275	Oota Shrine (Tasun Shrine)
Q135070276	Kamogami Shrine
Q135070277	Takakoshi Shrine
Q135070278	Junisho Shrine
Q135070280	Takekami Shrine
Q135070281	Tenkoyasaka Shrine
Q135070283	Shō Hachimangū
Q135070285	Takehiro Shrine
Q135070286	Hachidai Ryūō Shrine
Q135070287	Ken Shrine
Q135070288	Yasaka Shrine
Q135070289	Umaokanitta Shrine
Q135070294	Tenmurakumo Shrine
Q135070295	Shikishima Shrine
Q135070296	Sugio Shrine
Q135070297	Biyatsukan Shrine
Q135070298	Sugio Shrine
Q135070299	Nakauchi Shrine
Q135070301	Hachiman Shrine
Q135070303	Toyotamahime Shrine
Q135070305	Sarutahiko Shrine
Q135070307	Tenjin-sha
Q135070308	Oujiwatatsumi Shrine
Q135070309	Ōji Shrine
Q135070311	Inoue Hachiman Shrine
Q135070313	Kazunasaitomiso Shrine
Q135070314	Atsu Shrine
Q135070315	Gashibahime Shrine
Q135070316	Fuse Shrine
Q135070317	Zouta Shrine
Q135070318	Shinzen Shrine
Q135070319	Kasuga Shrine
Q135070320	Otokoyama Shrine
Q135070321	Tawa Shrine
Q135070323	Tsuruha Shrine
Q135070324	Oomori Shrine
Q135070325	Hikimiya Shrine
Q135070326	Uhei Shrine Hongu
Q135070328	Kanno Shrine
Q135070329	Unki Shrine
Q135070330	Unkihachimanguu
Q135070331	Kaasaryou Shrine
Q135070332	Kamo Shrine
Q135070334	O Shrine
Q135070335	Oujin Shrine
Q135070336	Himesaka Shrine
Q135070337	Mishima Shrine
Q135070339	Iyotsubikoinochi Shrine
Q135070341	Takisakamoto Shrine
Q135070342	Ōji-no-Miya
Q135070343	Tensekimonbetsuankokutamashutenjin Shrine
Q135070344	Tensekimonbetsuankokutamashutenjin Shrine (Tosa Province)
Q135070345	Minagi Shrine
Q135070346	Ise Mioya Shrine
Q135070347	Ise Amaterasu Mioya Shrine
Q135070348	Toyohime Shrine
Q135070350	Toyohime Shrine (Chikugo Province)
Q135070351	Hachiman Shrine
Q135070352	Nishikanta Shrine
Q135070353	Tsumakirishima Shrine
Q135070354	Kirishima Higashi Shrine
Q135070356	Kumano Shrine
Q135070357	Ataya Shrine
Q135070358	Hachiman Shrine
Q135070359	Hyōzu Shrine
Q135070361	Nakatsu Shrine
Q135070363	Shirasahachiman Shrine
Q135070367	Koroku Shrine
Q135098105	Nomino Shrine
Q135098229	Womino Shrine
Q135098806	Mimorono Shrine
Q135098813	Kahawinotsuki Shrine
Q135098815	Naruikatsuchino Shrine
Q135098820	Isagawa Awa Shrine
Q135098821	Hongu Shrine Yohaisho of Kasuga-taisha
Q135098825	Himukahino Shrine
Q135098830	Sai Shrine
Q135098832	Tamatsurano Shrine
Q135098833	Tsunakoshino Shrine
Q135098834	Anashinoohohiyauzuno Shrine
Q135098838	Hatorino Shrine
Q135098841	Murayano Shrine
Q135098844	Kususumino Shrine
Q135098850	Asukanoyamakuchino Shrine
Q135098855	Miko- Shrine
Q135098858	Hime- Shrine
Q135098861	Womori- Shrine
Q135098863	Yatsuki- Shrine
Q135098868	Kankosahino Shrine
Q135098871	Nutehikono Shrine
Q135098873	Nutehimeno Shrine
Q135098877	Mioyano Shrine
Q135098878	Kamono Shrine
Q135098881	Kasukaheno-Mikono Shrine
Q135098886	Nakarano Shrine
Q135098887	Sayamatsutsumino Shrine
Q135098895	Ame-no-Mikumari-toyoura Shrine
Q135098896	Nunotahimeno- Shrine
Q135098897	Tameno Shrine
Q135098901	Funadamano Shrine
Q135098903	Mitekurano Shrine
Q135098906	Natsukino Shrine
Q135098908	Ohomano- Shrine
Q135098911	Ohokahachino Shrine
Q135098912	Sumaromeno Shrine
Q135098916	Hatorinoitomano Shrine
Q135098921	Hatorinomatokata Shrine
Q135098926	Nakaretanouheno Shrine
Q135098932	Kuninomi Shrine
Q135098936	Kushitatsukimotono Shrine
Q135098940	Ushinihano Shrine
Q135098950	Nakushirino Shrine
Q135098951	Akatanushino Shrine
Q135098954	Ihano Shrine
Q135098955	Nakatono Shrine
Q135098956	Tsuhakino Shrine
Q135098958	Munakatano Shrine
Q135098960	Ohomitamano Shrine
Q135098962	Hisakino- Shrine
Q135098964	Awofusuma Shrine
Q135098968	Toyoikatsuchino- Shrine
Q135098970	Kaminari Mihashira Shrine
Q135098971	Ikuikatsuchi- Shrine
Q135098973	Amenomikono- Shrine
Q135098974	Sunami Wakamiko Shrine
Q135098975	Kamuheno Shrine
Q135098977	Ohotoshi- Shrine
Q135098979	Koshikino- Shrine
Q135098982	Kuniwichino- Shrine
Q135098983	Ishitsukurino Shrine
Q135098985	Tamatsukurino Shrine
Q135098987	Tsurukano Shrine
Q135098988	Ohomuwanoshimosakino Shrine
Q135098990	Ametotsurukino Shrine
Q135098991	Amehimewakamikono Shrine
Q135098992	Isanahikono Shrine
Q135098994	Amesusuno Shrine
Q135098997	Tamasasarahikono Shrine
Q135099001	Womushino Shrine
Q135099002	Achieno Shrine
Q135099006	Utakino Shrine
Q135099008	Hiinohayahikono Shrine
Q135099012	Kagutsuchino Shrine
Q135099013	Izumowokano Shrine
Q135099017	Katsurakihimeno Shrine
Q135099507	Kusumi Shrine
Q135100459	Shikinai Subshrine
Q135103456	Hibara Shrine
Q135105679	Dazai no Kami Shrine
Q135140087	Fuji Shrine
Q135155264	Kanasago Gokoku Shrine
Q135173654	Yodo Shrine Otabisho
Q135177159	Ōmori Kamo Shrine
Q135177170	Myōjin Hokora
Q135178095	Tomouchi-sha (Kitano Tenmangu Setsumatsusha)
Q135178793	Inoue-sha
Q135179289	Kamo Yamaguchi (Sawada) Shrine
Q135179342	Iwai Shrine
Q135179343	Konzō-ji Temple
Q135179806	Yamanomori Shrine
Q135179857	Itata Shrine former site
Q135179865	Kifune Shrine former site
Q135179886	Ruined Mahatakino shrine candidate
Q135179930	Ikomayamaguchi Shrine former site
Q135180033	Tanaka Shrine (Fushimi)
Q135180035	Asukata Shrine (Jōnan-gū subshrine)
Q135184979	Tatsutahiko and Tatsutahime Shrines
Q135184983	Hegurinoiwatoko Shrine former site
Q135185020	Kataoka Shrine Former Site
Q135185060	Takasumi Shrine
Q135185095	Makimuku ni imasu wa kamita majin Shrine
Q135185122	Kagami-tsukuri-ita Shrine
Q135185299	Kobe Shrine
Q135185301	Kobe Shrine (Sugaru Shrine)
Q135185347	Shiratsutsumino shrine former site
Q135185391	Takayano Shrine (Co-enShrinement)
Q135185400	Morimotono Shrine
Q135185428	Co-Enshrinement at Tamanooya Shrine
Q135185433	Mioya Shrine Old Site
Q135185436	Co-Enshrinement in Tamanoya Shrine
Q135185440	Kamo Shrine Remains
Q135185487	Taisha Mioya Shrine
Q135185489	Takamiyaohomorino shrine Former Site
Q135185533	Kusumi Shrine former site
Q135185562	Yuge Shrine
Q135185575	Nagara Shrine former site
Q135185614	Yokono Shrine former site
Q135185616	Tsurumino Shrine former site
Q135185621	Kusumoto Shrine (Minami Kinomoto)
Q135185623	Kusumoto Shrine (Kita Kinomoto)
Q135185626	Konda Hachimangū former site
Q135185635	Miyake Shrine (Matsubara) former site
Q135185639	Tawino Shrine former site
Q135185681	Co-Enshrinement of Hyōzu Shrine
Q135185682	Awa Shrine Site
Q135185705	Akaruhimenomikoto Shrine former site
Q135185797	Iwashizu Shrine
Q135186068	Izanagi-no-Miya
Q135186069	Izanami-no-Miya
Q135186074	Tsukiyomi Aramitama Shrine
Q135186086	Katata Shrine
Q135186128	Watara Kunimi Shrine former site
Q135186131	Kiyonowihano Shrine former site
Q135186136	Kawara Shrine
Q135186137	Co-Enshrinement of Kawara Shrine
Q135186139	Hinokijiri Shrine (identified with Kawarabuchi Shrine)
Q135186161	Kamimura Shrine (former site)
Q135186162	Rikyū‑in Site
Q135186163	Ikazuchi Shrine
Q135186165	Nijugohashira Shrine Co-Enshrinement
Q135186166	Sumaromeno Shrine former site
Q135186167	Sumaromeno Shrine Co-Enshrinement
Q135186168	Sumaromeno Shrine former site
Q135186175	Kushida Shrine (Matsusaka) former site
Q135186179	Take Shrine former site
Q135186180	Take Shrine former site
Q135186182	Naka Shrine
Q135186183	Naka Shrine
Q135186187	Ōmi Shrine
Q135186188	Kamazoku‑Miden Shrine
Q135186191	Hatorinoitomano Shrine former site
Q135186194	Co-Enshrinement of Afukamuyamano Shrine
Q135186196	Afukamuyamano Shrine former site
Q135186197	Kawazoe Shrine
Q135186200	Uomi Shrine (Uomi, Matsusaka)
Q135186203	Uomi Shrine (Kawashima, Matsusaka)
Q135186205	Tsuda Shrine
Q135186206	Nijugohashira Shrine Co-Enshrinement
Q135186207	Hayashino Shrine former site
Q135186210	Afukano- shrine former site
Q135186212	Moruyamano Shrine Co-EnShrinement
Q135186213	Moruyamano Shrine former site
Q135186214	Hatada Shrine co-EnShrinement
Q135186215	Miyama Gozen Shrine
Q135186223	Kanhatorihatadono Shrine
Q135186224	Nijugohashira Shrine Co-Enshrinement
Q135186227	Hatorinomatokata Shrine former site
Q135186228	Uda Myojin Site (Saiku)
Q135186229	Akiba Shrine
Q135186232	Gongen Shrine (Ujizakura Shrine precincts)
Q135186236	Kitsune Mound (Ōta, Ueno Village)
Q135186239	Orikidono Shrine
Q135186243	Location Unknown
Q135186246	Afukako Shrine
Q135186249	Hachiōji Shrine (Morisho Village)
Q135186254	Nishitojoda Shrine
Q135186263	Oda Shrine (Isokami Shrine precincts)
Q135186268	Yahashira Shrine (Yotsuhikida, Kanki‑ji precincts)
Q135186275	Tsuda Shrine
Q135186281	Yahashira Shrine (Yotsuhikida branch)
Q135186284	Co-Enshrinement of Afukakotano Shrine
Q135186292	Urufutsu Shrine
Q135186293	Urufutsuno Shrine former site
Q135186294	Ukehi Shrine
Q135186297	Amano‑Kaguyama Shrine
Q135186298	Yahashira Shrine
Q135186300	Anashi Shrine
Q135186302	Anashi Shrine Site
Q135186305	Nijugohashira Shrine Co-Enshrinement
Q135186308	Hataketano Shrine former site
Q135186309	Hataketano Shrine former site
Q135186310	Nakaretanouheno Shrine Former site
Q135186316	Ihatano Shrine former site
Q135186317	Hatada Shrine Co-enshrinement (Ihatano)
Q135186318	Kamigaki Shrine
Q135186319	Hiji Shrine (Iwanai Village, Taki District)
Q135186320	Co-Enshrinement of Hichino Shrine
Q135186321	Hotsu Village Enshrinement Theory
Q135186322	Hotsuda Village Enshrinement Theory
Q135186323	Ukehi Shrine (Otobe Village)
Q135186324	Co-Enshrinement of Hichino Shrine Ronsha 6
Q135186325	Yahashira Shrine (Abu)
Q135186326	Hichino shrine Co-Enshrinement
Q135186327	Unioka Village Enshrinement Theory
Q135186328	Unori Village Enshrinement Theory
Q135186331	Sakikurusuno Shrine former site
Q135186341	Isawano Shrine former site
Q135186393	Kuninomi Shrine Site (Legendary Site A)
Q135186395	Kuninomi Shrine (Legendary Site B, Tokorocho, Matsusaka)
Q135186396	Aijikaue Shrine (Legendary Site C)
Q135186398	Nekura Shrine Site
Q135186400	Co-Enshrinement of Hitsukurano Shrine
Q135186401	Tsuda Shrine
Q135186407	Ironouheno Shrine former site
Q135186409	Kamiyama Shrine
Q135186410	Kushida Shrine
Q135186411	Ushiniwa Shrine
Q135186413	Ushinihano Shrine former site
Q135186414	Nijugohashira Shrine
Q135186415	Isetaniwa Shrine
Q135186416	Ohokushino Shrine former site
Q135186420	Yahashira Shrine
Q135186421	Ihita Shrine
Q135186425	Ohomuwano Shrine former site
Q135186429	Matsusaka Shrine
Q135186430	Kanbe Kandate Shinmei Shrine
Q135186441	Ryutengu Hata Shrine
Q135186442	Hata Shrine
Q135186443	Inaba Shrine
Q135186444	Karasu Shrine
Q135186477	Azaka Shrine
Q135186493	Hate Shrine
Q135186506	Hate Shrine
Q135186524	Ogawa Shrine
Q135186530	Ukehi Shrine
Q135186567	Kawabe Shrine
Q135186574	Kawabe Shrine
Q135186596	Toshita Shrine
Q135186603	Toshita Shrine
Q135186604	Oichi Shrine
Q135186605	Oichi Shrine
Q135186606	Shifumi Shrine
Q135186607	Shifuya Shrine Site
Q135186611	Ayuta Shrine
Q135186612	Kandate Shrine
Q135186613	Hisazuchi Sugawara Shrine
Q135186614	Hisazuchi Shrine
Q135186620	Onokosono Shrine
Q135186621	Onokosono Shrine
Q135186622	Kotoimi Shrine
Q135186623	Kotoimi Shrine
Q135186636	Ishizumi Shrine
Q135186637	Ishidate Shrine
Q135186638	Hataori Shrine
Q135186639	Hataori Shrine
Q135186645	Nobono Shrine Co-Enshrinement
Q135186646	Nakushirino Shrine Site
Q135186649	Kawamata Shrine
Q135186650	Kawamata Shrine
Q135186652	Kawamata Shrine
Q135186654	Kawamata Shrine
Q135186655	Kawamata Shrine
Q135186656	Kawamata Shrine
Q135186658	Shihakakino Shrine co-EnShrinement
Q135186659	Kataoka Shrine
Q135186660	Shonai Shrine
Q135186661	Amanohitokuhatano Shrine Site
Q135186667	Ooi Shrine (old site)
Q135186668	Co-Enshrinement in Seki Shrine
Q135186675	E Shrine
Q135186680	Miyake Shrine
Q135186687	Eno Shrine (Co-Enshrinement)
Q135186692	Ihano Shrine (Co-Enshrinement)
Q135186693	Ishigami Shrine
Q135186708	Katayama Shrine
Q135186709	Co-Enshrinement of Katayama Shrine
Q135186710	Kandate Iino Takaichi Shrine
Q135186711	Iino Shrine
Q135186713	Yagi Shrine
Q135186714	Yagi Shrine
Q135186717	Ogawa Shrine
Q135186718	Ogawa Shrine (Tsubaki-Nakato Keidai-sha)
Q135186720	Tsubaki Shrine (Iino Shrine goshi)
Q135186724	Iino Shrine
Q135186728	Takawokano Shrine former site
Q135186731	Oki Shrine
Q135186732	Co-Enshrinement of Ohokino Shrine Ronsha 2
Q135186733	Otsuka Shrine
Q135186734	Co-Enshrinement of Ohokino Shrine
Q135186735	Chota Great Camphor Tree
Q135186736	Oki shrine Yokkaichi
Q135186738	Ajiga Shrine
Q135186739	Ajiga Shrine
Q135186741	Haji Shrine
Q135186742	Nishihaji Shrine
Q135186746	Eda Shrine
Q135186747	Uonomori Shrine
Q135186748	Hirohata Shrine
Q135186749	Kafu Shrine
Q135186750	Kafu Shrine
Q135186751	Ashimita Shrine
Q135186752	Kafu Shrine
Q135186753	Tsubakikishi Shrine
Q135186754	Tsubaki Ō Shrine Betsugu Tsubakigishi Shrine
Q135186758	Unakami Mimitoshi Shrine
Q135186760	Unakami Shrine
Q135186762	Co-Enshrinement of Ohowano Shrine (Ronsha 1)
Q135186763	Ō Shrine
Q135186766	Unakami Mimitoshi Shrine
Q135186767	Hozumi Shrine
Q135186768	Mimutsune Shrine
Q135186769	Mimitsune Shrine
Q135186770	Mimutsune Shrine
Q135186774	Hozumi Shrine
Q135186775	Hotsumino Shrine former site
Q135186776	Co-Enshrinement of Hotsumino Shrine
Q135186777	Sakura Shrine old site
Q135186780	Co-Enshrinement of Sakurano Shrine
Q135186782	Old Hase Shrine Monument
Q135186783	Co-Enshrinement of Haseno Shrine
Q135186784	Tanahi Shrine
Q135186785	Tanahi Shrine
Q135186789	Tottori Shrine
Q135186790	Tottori Shrine
Q135186791	Ozu Shrine
Q135186792	Otsu Shrine
Q135186793	Oino Otsu Shrine
Q135186796	Nukata Shrine
Q135186797	Nukata Shrine
Q135187107	Asai Shrine
Q135187113	Kuroiwa Ishito Shrine
Q135187121	Shioe Shrine
Q135187123	Hachiman Shrine
Q135187125	Fuchimori Inari Shrine
Q135187127	Yatsurugi Shrine
Q135187134	Komori Katte Tenjin-sha
Q135187135	Ufusuna Shrine
Q135187136	Ufusuna Shrine
Q135187137	Ayabusuma Shrine
Q135187144	Ishizukuri Shrine
Q135187145	Shinmei-sha (Ishitsukurino Shrine)
Q135187148	Ikuta Shrine
Q135187149	Shinmei Ikuta Shrine
Q135187150	Ikuta Myojin Shrine
Q135187152	Ikuta Shrine
Q135187177	Tateno Tenjin
Q135187178	Tateno Tenjin Shrine
Q135187179	Ide Shrine
Q135187180	Shinmei Shrine
Q135187186	Hassho Shrine
Q135187187	Kumano-sha
Q135187190	Tenjin-sha
Q135187195	Hachiman Shrine (Suihokuchō)
Q135187196	Koyasu Shinmeisha
Q135187198	Shinmei Shrine
Q135187224	Tenjin-sha
Q135187225	Kunihara Shrine
Q135187226	Hakusan Shrine
Q135187273	Kanira Shrine
Q135187282	Warira Shrine
Q135187347	Kamichikama Shrine
Q135190151	Mita Shrine (sessha of Atsuta Jingū)
Q135190153	Mita Shrine (sessha of Shichishosha)
Q135190167	Narumi Shrine former site
Q135190176	Hikami Anego Shrine (Successor)
Q135190182	Nomi Shrine
Q135190183	Nomi Shrine
Q135190198	Hinaga Shrine
Q135190199	Hinaga Shrine
Q135190203	Kasumekasuga Shrine
Q135190207	Kumaku Shrine (subshrine)
Q135190209	Kumaku Shrine (subshrine 2)
Q135190217	Toga Shrine okumiya
Q135190221	Ishimaki Shrine (Shimosha)
Q135190242	Mitake Shrine
Q135190243	Hosoe Shrine
Q135190244	Shisho Shrine
Q135190246	Oro Shrine
Q135190247	Oro Shrine
Q135190250	Takane Shrine
Q135190252	Rokusho Shrine
Q135190254	Horiyaku Rokusho Shrine (Yoritomiya, sessha)
Q135190257	Kasuga Shrine
Q135190262	Nagano Shrine
Q135190265	Higashi Hachiōji Shrine
Q135190267	Matsuo Hachiōji Shrine
Q135190269	Yakumo Shrine
Q135190281	Ōmika Shrine
Q135190282	Higashi Misono Hachiman Shrine
Q135192592	Shiikewaki Shrine
Q135192593	Inari Shrine
Q135192598	Kaba Shinmeigu Shrine
Q135192609	Uchino Shinmei‑gū
Q135192612	Rokusho Shrine
Q135192613	Aritama Shrine
Q135192614	Gama Shinmei‑gū
Q135192615	Iida Inari Shrine
Q135192617	Koyasu Shrine
Q135192619	Iida Inari Shrine
Q135192621	Kogura Shrine
Q135192623	Iwata Shrine
Q135192635	Yamazumi Shrine
Q135192636	Otorii Hachiman Shrine
Q135192638	Mikura Hachiman Shrine (Okubo Hachiman Shrine)
Q135192639	Suwa Shrine
Q135192641	Kamitsuma Shrine
Q135192643	Mase Shrine
Q135192646	Yamana Shrine
Q135192649	Yamana Shrine
Q135192656	Kone Shrine (Kihara Gongen Shrine)
Q135192657	Kone Shrine
Q135192726	Inane Shrine (Haiden)
Q135192727	Inane Shrine (Honden)
Q135192730	Wakamiya
Q135192774	Hayashino- Shrine former site
Q135192779	Katsugumi Shrine
Q135192783	Ninomiya Shrine (Tsubota)
Q135192837	Kumano Shrine (Iwadono, Minamiizu Town)
Q135192860	Shiitori Shrine Main Hall
Q135192866	Nago Shrine (Mikojima)
Q135192867	Nago Shrine
Q135192924	Kuwato Shrine
Q135192926	Kosaka Shrine
Q135192929	Shizu Shrine
Q135192938	Ishitokutaka Shrine (Mamezuka Shrine)
Q135192964	Raiden-sha (sessha)
Q135192981	Minowa Shrine
Q135192983	Nomoto Shrine
Q135193001	Funayori Shrine
Q135193006	Shinmei Shrine
Q135193008	Inashimo Shrine
Q135193009	Naka Shrine
Q135193011	Inakami Shrine
Q135193029	Morokuchi Shrine
Q135193030	Kunitama Shrine
Q135193032	Morokuchi Shrine
Q135193034	Kunitama Shrine
Q135193035	Uramori Shrine
Q135193102	Awowino shrine former site
Q135193110	Takefuhikono shrine former site
Q135193122	Co-Enshrinement of Kuniwichino Shrine
Q135193123	Kuniichigi Shrine (Morito, Sakado)
Q135193130	Miyameno shrine former site
Q135193241	Kanbe Shrine
Q135193242	Kanbe Shrine
Q135193244	Kaina Shrine
Q135193246	Kanasakura Shrine
Q135193248	Kana Zakura Shrine
Q135193249	Kanazakura Shrine
Q135193252	Ninomiya Shrine
Q135193266	Kumano Shrine (former site of Ōba Shrine)
Q135193268	Ishitateo Shrine (Sanogawa)
Q135193270	Ishitateo Shrine (Isobe, Minami-ku, Sagamihara)
Q135193273	Suwa Myōjin (Zama City)
Q135193276	Kōtai Jingū (Karasumori Shrine)
Q135193288	Sugiyama Shrine (Chigasaki)
Q135193289	Tsurumi Shrine (Tsurumi Ward, Yokohama)
Q135193300	Tenjin Shrine (Miyamachi, Fuchu)
Q135193309	Aoi Shrine (Chofu)
Q135193311	Awowino Shrine okumiya
Q135193313	Adachi Shrine (Kamikisaki)
Q135193315	Atachino Shrine former site
Q135193321	Miyamoto Myojin Shrine (Saitama City)
Q135193327	Ihahino Shrine former site
Q135193332	Kitano Tenjinsha sessha
Q135193340	Tamashiki Shrine
Q135193341	Kisai Castle Ruins
Q135193348	Obusuma Shrine former site
Q135193361	Tanaka Shrine
Q135193362	Hachiman Shrine (Mikajiri)
Q135193363	Chigata Shrine (Tanaka, Kawamoto Village, Ōsato District)
Q135193364	Nireyama Shrine
Q135193365	Shōtengū
Q135193366	Nireyama Shrine
Q135193369	Nagahatabe Shrine former site
Q135193370	Nagahatabe Shrine former site
Q135193376	Kōtai Shrine? (site of Inami Shrine ruins at Aoyasaka, Imajo, Kanda, Nagahama)
Q135193377	Kōtai Shrine
Q135193378	Co-Enshrinement of Imakiawosakanoinamiaramitamano Shrine
Q135193379	Kumano Shrine (Tsutsumi, Kamisato Town)
Q135193385	Co-Enshrinement of Imakiawosakainaminoikekamino Shrine
Q135193390	Nakamakita Mukuge Shrine
Q135193391	Kamimakita Mukuge Shrine
Q135193392	Nomaki Mukuge Shrine
Q135193393	Minano Mukuge Shrine
Q135193395	Kanasana Shrine former site
Q135193397	Takagi Shrine former site
Q135193398	Iko‑no‑Hayamitama Hime Shrine
Q135193399	Iko-no-hayamitama Hime-no Shrine former site
Q135193410	Shirahama Shimotatematsubara Shrine
Q135193411	Chikura Shimotatematsubara Shrine
Q135193423	Miwanoe Shrine
Q135193425	Mitsuchino Shrine Kado‑no‑Miya
Q135193426	Mitsuchino Shrine Oku‑no‑Miya
Q135193460	Sashinono Shrine (Kakioka, Ishioka City)
Q135193461	Sashinono Shrine (Ishioka City)
Q135193465	Atago Shrine (Kasama City)
Q135193470	Sawawachigi Shrine (Nida Shrine)
Q135193471	Sawawachigi Shrine (Ōtsu Town)
Q135193473	Shitori Shrine
Q135193474	Shitori Shrine
Q135193476	Oaza Kanda Shrine
Q135193479	Kanda Shrine (Oaza Fumon)
Q135193493	Sakunado Shrine
Q135193504	Ihimichi Shrine
Q135193506	Īmichi Shrine
Q135193511	Asadono Shrine
Q135193512	Ninomiya Shrine
Q135193513	Shinkawa Shrine (Yasu City)
Q135193514	Shinkawa Shrine (Moriyama City)
Q135193515	Kojino Shrine Kamisha
Q135193516	Kojino Shrine
Q135193519	Isobe Shrine (Gamo)
Q135193521	Isobe Shrine (Omihachiman)
Q135193523	Nagasun Shrine
Q135193525	Sugata Shrine
Q135193526	Takeda Shrine
Q135193527	Umamioka Watamuki Shrine
Q135193528	Umamioka Watamuki Shrine
Q135193530	Oshima & Okitsushima Shrines
Q135193533	Otaki Shrine
Q135193537	Kawageta Shrine
Q135193540	Karuno Shrine (Kano)
Q135193541	Karuno Shrine (Iwakura)
Q135193605	Chōsun Shrine
Q135193623	Sakada Miyaoka Shrine
Q135193628	Hikone Shrine
Q135193631	Yamatsuteru Shrine
Q135193635	Yujino Shrine (Oji, Asai Town)
Q135193636	Yutsukino Shrine former site
Q135193637	Yujino Shrine (Yujino, Asai Town)
Q135193639	Oe Shrine (Onoe)
Q135193640	Oe Shrine (Higashi Onoe)
Q135193641	Koe Shrine (Ebie)
Q135193642	Yago Shrine (Nakano Town)
Q135193643	Yago Shrine (Nishiazai Town)
Q135193644	Hachiman Shrine
Q135193654	Hirano Shrine
Q135193657	Kamikoso Shrine
Q135193658	Kawamichi Shrine
Q135193661	Omi Shrine
Q135193662	Kasuga Shrine
Q135193669	Himetano Shrine former site
Q135193670	Ihabie Shrine (Takatsuki Town)
Q135193671	Ohahe Shrine
Q135193673	Yokoyama Shrine (Kinomoto Town)
Q135193674	Yokoyama Shrine (Takatsuki Town)
Q135193676	Sami Shrine (Yogo Town)
Q135193677	Sami Shrine (Takatsuki Town)
Q135193681	Co-Enshrinement of Tsuhakino Shrine
Q135193684	Ikagusaka Shrine (Furuhashi, Kinomoto Town)
Q135193685	Ikagusaka Shrine (Takatsuki Town)
Q135193686	Ikagusaka Shrine (Kitafusetoyama, Kinomoto Town)
Q135193705	Ishitsukurino Shrine former site
Q135193712	Ofubura Shrine
Q135193713	Ofubura Shrine
Q135193716	Nyu Shrine (Shimonyu)
Q135193719	Oyoku Shrine (Yogo Town)
Q135193720	Oyoku Shrine (Shigenori, Takatsuki Town)
Q135193722	Oyoku Shrine (Nishiyanagino, Takatsuki Town)
Q135193724	Omizuwake Shrine
Q135193725	Mizuwake Shrine
Q135193726	Oomote Shrine
Q135193727	Erehiko Shrine okumiya
Q135193728	Amanokawa no Mikoto Shrine
Q135193729	Kitano Shrine
Q135193732	Yoroki Shrine
Q135193733	Hiyoshi Shrine
Q135193734	Imamiya Shrine
Q135193735	Tabe Shrine
Q135193736	Taheno Shrine former site
Q135193737	Sada Shrine
Q135193738	Kumano Shrine (Imazu Town)
Q135193740	Kumano Shrine (Azumigawa Town)
Q135193743	Karasaki Shrine
Q135193745	Okawa Shrine
Q135193746	Ohokahano Shrine former site
Q135193747	Ono Shrine (Makino Town)
Q135193748	Ono Shrine (Kutsuki Ōno)
Q135193750	Co-Enshrinement of Machino Shrine
Q135193751	Gosha Shrine
Q135193753	Ichihara Shrine
Q135193754	Ichi Shrine
Q135193755	Ota Shrine
Q135193756	Ota Shrine
Q135193759	Ōarahiko Tomoyui Shrine
Q135193761	Hachiman Shrine (Makino Town Sekitei)
Q135193762	Hachiman Shrine (Uso Yokoyama)
Q135193764	Hioki Shrine
Q135193765	Sakanami Shrine
Q135193768	Tsuno Shrine (Imazu Town, Kakugawa)
Q135193774	Ohosakino Shrine former site
Q135193776	Daisuibetsu Shrine
Q135193777	Yorogi Shrine
Q135193779	Hiyoshi Shrine
Q135193783	Ōkuwa Shrine
Q135193784	Kōmi Shrine
Q135193785	Hakusan Shrine
Q135193786	Hie Shrine
Q135193790	Ukita Shrine
Q135193791	Inari Shrine
Q135193792	Yokobayashi Shrine
Q135193817	Kasami Shrine former site
Q135193819	Agatanushi Shrine (Minokamo) former site
Q135193824	Abushina Shrine former site
Q135193940	Murakuni Shrine Otabisho
Q135193944	Murakuni Masumida Shrine Former Site
Q135193949	Mii Shrine former site
Q135193957	Tabu Shrine former site
Q135193982	Ena Shrine
Q135194069	Achino Shrine okumiya
Q135194114	Arei Shrine okumiya
Q135194118	Hotaka Shrine okumiya
Q135194136	Fuse Shrine (Shinonoi Ishikawa, Nagano City)
Q135194138	Fuse Shrine (Shinonoi Yamafuse, Nagano City)
Q135194158	Nakatanino Shrine Kamisha
Q135194159	Nakatanino Shrine Shimosha
Q135194168	Hioki Shrine (Higashichikuma District)
Q135194175	Hioki Shrine (Nagano City)
Q135194181	Shimizu Shrine (Majima Town, Nagano City)
Q135194182	Shimizu Shrine (Tanoguchi, Shinonoi Town, Nagano City)
Q135194183	Shimizu Shrine (Misui Hieyama, Shinonoi Town, Nagano City)
Q135194194	Higanotome Shrine
Q135194198	Higanotome Shrine
Q135194205	Haruta Shrine (Lower Shrine)
Q135194208	Haruta Shrine (Upper Shrine)
Q135194225	Ogawa Shrine
Q135194226	Ogawa Shrine
Q135194228	Morita Shrine (Nanie, Nagano City)
Q135194230	Morita Shrine (Hobo, Nagano City)
Q135194232	Awano Shrine (Toyono, Nagano City)
Q135194233	Awano Shrine (Ueno, Nagano City)
Q135194234	Iizuna Shrine okumiya
Q135194236	Sumetariho-no-Mikoto & Suwa Shrine
Q135194241	Sumisaka Shrine (Sumisaka, Suzaka City)
Q135194243	Sumisaka Shrine (Suzaka, Suzaka City)
Q135194244	Ochi Shrine (Suzaka City)
Q135194245	Ochi Shrine (Nakano City)
Q135194246	Onai Shrine
Q135194247	Onai Shrine
Q135194248	Onai Hachiman Shrine
Q135194249	Keyakihara Shrine
Q135194252	Takamori Shrine (satellite shrine)
Q135194253	Takamori Shrine (central shrine)
Q135194254	Takamori Shrine Oku‑sha
Q135194255	Takakura Shrine
Q135194258	Iwai Shrine
Q135194259	Shuku Shrine (in Susukimizu Shrine precinct)
Q135194261	Yamaihe Shrine okumiya
Q135194263	Shiono Shrine (Hono, Ueda City)
Q135194265	Shiono Shrine (Maeyama, Ueda City)
Q135194266	Komayuminono Shrine (village shrine)
Q135194267	Komayuminono Shrine (central shrine)
Q135194268	Komayuminono Shrine (inner shrine)
Q135194269	Komayuminono Shrine
Q135194278	Kahashukuneno Shrine (Gyokoda, Shibukawa City)
Q135194281	Akakino Shrine former site
Q135194292	Futarasan Shrine Chūgū-shi
Q135194293	Futarasan Shrine okumiya
Q135194300	Shirakawa Shrine
Q135194307	Taga Shrine (Natori)
Q135194309	Taga Shrine (Takasaki, Tagajō)
Q135194310	Taga Shrine
Q135194311	Taga Shrine
Q135194312	Taga Shrine (Ichikawa, Tagajō City)
Q135194313	Suki Shrine
Q135194314	Narukami Kamo Myojin Shrine (in Tsuru‑ga‑mine Hachiman Shrine precinct)
Q135194316	Kashima Tenashiwake Shrine
Q135194319	Kashima Tenashiwake Shrine
Q135194327	Kashima Shrine (Yoshida-saku, Watari Town, Watari District, Miyagi Prefecture)
Q135194332	Kashima Shrine (Toriyano, Fukushima City)
Q135194333	Kashima Shrine (Oda, Fukushima City)
Q135194334	Kashima Shrine (Okajima, Fukushima City)
Q135194335	Kashima Shrine (Kunimi, Date District)
Q135194336	Kuronuma Shrine (Oyamadoden, Fukushima City)
Q135194337	Kuronuma Shrine (Kanazawa, Matsukawa)
Q135194339	Kuronuma Shrine
Q135194344	Shikitama Hayamitama Shrine
Q135194345	Co-Enshrinement of Shikitamahayamitamano Shrine
Q135194348	Izu Shrine
Q135194349	Wabuchi Shrine
Q135194354	Ikohaya Wakimikoto Shrine
Q135194360	Toriya‑zaki Shrine
Q135194362	Toriya Shrine
Q135194372	Ryūjin Shrine (Isuzu Shrine sessha)
Q135194373	Asahiyama Kesenma Shrine
Q135194375	Haguro Shrine
Q135194377	Kesenma Ōshima Shrine
Q135194378	Ihinoyama Shrine (Miyashita‑kita)
Q135194379	Ihinoyama Shrine (Sotoyoshino Tobara)
Q135194383	Ishigami Shrine
Q135194384	Ishigami Shrine
Q135194385	Rokuishi Shrine
Q135194386	Ryuguchi Shrine Inner Ishigami Shrine
Q135194387	Ryuguchi Shrine Inner Ishigami Shrine (old site)
Q135194388	Ishigami Shrine (precinct of Yakumo Shrine)
Q135194389	Iwakura Shrine
Q135194396	Prominent candidate Kamo Koetsu Shrine
Q135194397	Yanaizu Kokūzō Shrine
Q135194398	Ōshima Shrine
Q135194399	Kanmine Shrine (Haramachi Ward)
Q135194402	Kashima Miko Shrine Former Site
Q135194405	Kifune Shrine
Q135194406	Omote Katana Shrine (Kurihara City)
Q135194407	Omote Katana Shrine (Ōsaki City)
Q135194408	Shinyama Shrine
Q135194410	Shihahime Shrine (Ōsaki City)
Q135194411	Shihahime Shrine (Takashimizu Gorin, Kurihara City)
Q135194412	Shihahime Shrine (Shibahime, Kurihara City)
Q135194413	Yuei Shrine
Q135194414	Mitake Shrine
Q135194417	Ise-no-Miya (nonexistent)
Q135194418	Komagatane Shrine Satomiya
Q135194419	Komagatane Shrine Take‑no‑miya
Q135194420	Waga Shrine
Q135194422	Waga Shrine
Q135194423	Oga Hachiman Shrine
Q135194424	Katoshimikokamino Shrine (Co-Enshrinement)
Q135194426	Katori Omiko Shrine
Q135194429	Komagata Shrine okumiya
Q135194431	Oroheshino Shrine former site
Q135194432	Komatsu Shrine (Miyagi Prefecture)
Q135194433	Komatsu Shrine (Fukushima Prefecture)
Q135194434	Osaki Hachiman Shrine
Q135194439	Hyojo Shrine
Q135194440	Ozaki Shrine
Q135194446	Okitsushima Shrine (Kikudamachi, Kōriyama City)
Q135194465	Sanjin gousai-den, Ideha Shrine
Q135194466	Onga Shrine (Ioka)
Q135194467	Onga Shrine (Ongahara)
Q135194469	Onga Shrine (Sotonojima)
Q135194471	Shioyuhiko Shrine okumiya
Q135194475	Sohikahano Shrine former site
Q135194476	Shinmei-sha
Q135194485	Karitahimeno Shrine former site
Q135194488	Izanagi Shrine
Q135194489	Yamanokami no Mori
Q135194494	Oda Shrine (Sada, Mihama Town)
Q135194495	Oda Shrine (Kitada, Mihama Town)
Q135194508	Asomurano- Shrine former site
Q135194510	Sanno Shrine (precinct shrine of Kehi Shrine)
Q135194511	Kasuga Shrine
Q135194516	Takaoka Shrine (subsidiary of Oshio Hachimangū)
Q135194517	Oda Shrine (within Tsurugi Shrine grounds)
Q135194519	Nosaka Shrine (merged with Oda Shrine)
Q135194521	Ame-no-Yahorotsu-hime Shrine (subsidiary of Oshio Hachimangū)
Q135194522	Amenokunitsuhiko Shrine (small subsidiary within Tsunemiya Shrine precinct)
Q135194523	Amenokunitsuhiko Shrine (small subsidiary within Oshio Hachimangū precinct)
Q135194524	Amenokunitsuhime Shrine (small subsidiary within Tsunemiya Shrine precinct)
Q135194525	Amenokunitsuhime Shrine (small subsidiary within Oshio Hachimangū precinct)
Q135194529	Hakusan Shrine
Q135194539	Amayono Shrine former site
Q135194543	Tofu Shrine
Q135194545	Jufu Shrine
Q135194547	Nagaoka Shrine
Q135194548	Hakusan Shrine
Q135194554	Sakatsurugi Shrine
Q135194557	Maide Shrine
Q135194558	Tsurugi Shrine
Q135194562	Co-Enshrinement of Ohoyamamitano Shrine
Q135194563	Kasuga Shrine
Q135194564	Hachiman Shrine
Q135194565	Oarai Isozaki Shrine
Q135194566	Co-Enshrinement of Ohoyamamitano Shrine Ronsha 5
Q135194567	Shinmei Shrine
Q135194598	Co-Enshrinement of Ikatsuchi Shrine
Q135194617	Kuninaka Shrine
Q135194622	Kuninaka Shrine
Q135194632	Okada Shrine
Q135194637	Okafuto Shrine
Q135194644	Suwa Atsugi Shrine
Q135194646	Suwa Atsugi Shrine
Q135194649	Ajimano Shrine
Q135194650	Suwa Shrine
Q135194658	Ukama Shrine
Q135194660	Ukama Shrine
Q135194663	Ukama Shrine
Q135194667	Ukama Shrine
Q135194670	Ukama Shrine
Q135194672	Katashiba Shrine
Q135194673	Kasuga Shrine
Q135194678	Shikiyama Shrine (Sabae)
Q135194679	Shikiyama Shrine (Echizen)
Q135194682	Hachiman Shrine
Q135194683	Co-Enshrinement of Tsuchinowano Shrine
Q135194684	Tsuchi-no-Miya Shrine (sessha of Shinmei-sha)
Q135194692	Hachiman Shrine
Q135194693	Iwakura Shrine (within Sasoza Shrine precinct)
Q135194694	Kaba Hachiman Shrine
Q135194695	Hachiman Shrine
Q135194696	Kazahaya Shrine
Q135194697	Kasuga Shrine
Q135194698	Hachiman Shrine
Q135194703	Co-Enshrinement of Kuninariohonono Shrine
Q135194707	Kunio Ōno Shrine
Q135194710	Shinmei Shrine
Q135194711	Takao Iwakura Shrine
Q135194720	Hachiman Shrine
Q135194721	Shinmei-sha
Q135194735	Katagishi Shrine
Q135194736	Co-Enshrinement of Katakishino Shrine
Q135194737	Hikona Shrine (Shinmei Shrine Keidai-sha)
Q135194738	Hikawa Shrine
Q135194739	Kibe Shrine (Harue Town, Sakai City)
Q135194740	Kibe Shrine (Sakai Town, Sakai City)
Q135194742	Co-Enshrinement of Hirawoka Shrine
Q135194743	Shinmei-sha
Q135194744	Hikawa Shrine
Q135194746	Hirawoka Shrine former site
Q135194747	Ketaniya Kokuryū Shrine
Q135194748	Kurotatsu Shrine
Q135194749	Kokuryu Shrine (Hakusan Shrine precincts)
Q135194754	Ishida Shrine
Q135194755	Kasuga Shrine
Q135194759	Tenman Shrine (reference)
Q135194760	Kamejima Shrine (reference)
Q135194762	Tokari Shrine
Q135194763	Keta Mikogami Shrine
Q135194764	Co-Enshrinement of Ketamikono Shrine
Q135194767	Takinami Shrine
Q135194768	Takinami Shrine (Nomi City)
Q135194769	Takinami Hachiman Shrine
Q135194773	Shirayama Hime Shrine okumiya
Q135194803	Naramoto Shrine (Miyamaru‑machi, Hakusan City)
Q135194804	Naramoto Shrine (Shimokashiwanocho, Hakusan City)
Q135194805	Naramoto Shrine (Kamikashiwanocho, Hakusan City)
Q135194806	Kanda Shrine (Hakusan City)
Q135194808	Kanda Shrine (Kanazawa City)
Q135194810	Noma Shrine (Tamahokocho, Kanazawa City)
Q135194812	Noma Shrine (Kosaka Town, Kanazawa City)
Q135194815	Sukunahikona Shrine
Q135194816	Kanda Shrine
Q135194817	Gunge Shrine (Yoshihara, Kanazawa)
Q135194819	Hiyoshi Shrine
Q135194820	Gunge Shrine (Suzumi, Kanazawa)
Q135194822	Nomizuchi Shrine
Q135194823	Kanayama-hiko Shrine
Q135194824	Kasano Shrine
Q135194856	Seto Hiko Shrine (Kashima District)
Q135194857	Seto Hiko Shrine (Hakui District)
Q135194858	Seto Sugawara Shrine
Q135194859	Tebayahime Shrine (Upper Shrine)
Q135194860	Tebayahime Shrine (Lower Shrine)
Q135194861	Shiiba Enpime Shrine
Q135194862	Shiiba Enpime Shrine
Q135194863	Morooka Hiko Shrine (Nisho‑miya, Shiga Town)
Q135194864	Wakamiya Shrine
Q135194865	Morooka‑Hiko Shrine (Higashi Komuro, Shiga Town)
Q135194866	Morooka Hiko Shrine (Wajima City)
Q135194867	Kushibi Shrine
Q135194869	Kumakafutsuarakashihiko Shrine
Q135194870	Ōanamochi Miyo Shrine
Q135194877	Ōnamochi Zōseki Shrine
Q135194879	Yachihoko Shrine
Q135194880	Sugaoshihime Shrine
Q135194881	Dake Shrine
Q135194882	Nichimen Shrine
Q135194883	Amehikage‑Hime Shrine (Ninomiya, Nakanoto Town)
Q135194884	Amehikagehime Shrine (Nishibaba, Nakanoto Town)
Q135194885	Araishi Hiko Shrine
Q135194886	Hiyoshi Shrine
Q135194887	Araishi Shrine
Q135194890	Noto Ikutama-hiko Shrine (Keta Hongū)
Q135194892	Noto Ikutama-hiko Shrine
Q135194893	Notobu Shrine
Q135194897	Shirahiko Shrine (Nanao City)
Q135194898	Shirahiko Shrine (Kashima District)
Q135194900	Kushiina Inataki-hime Shrine (Kokubu Town)
Q135194901	Kushiina Inataki-hime Shrine (Iikawa Town)
Q135194902	Mikatonushi Hiko Shrine (Hakui City)
Q135194903	Mikatonushi Hiko Shrine (Nanao City)
Q135194904	Mikadonushihiko Shrine
Q135194905	Sukunahiko Statue Stone Shrine (Kashima District)
Q135194906	Sukunahiko Statue Stone Shrine (Nanao City)
Q135194907	Sumiyoshi Shrine
Q135194908	Jūzō Shrine
Q135194909	Hirota Shrine
Q135194911	Ichihara Kitadai-hiko Shrine
Q135194913	Ishise-hiko Shrine
Q135194914	Morooka Hiko Shrine
Q135194917	Ōhata Kamisugi Izumuhime Shrine
Q135194918	Kamisugi Izumuhime Shrine
Q135194920	Mimanahiko Shrine
Q135194922	Ichihara Kitadai-hiko Shrine
Q135194923	Mimanahiko Shrine
Q135194924	Nagoshi Shrine
Q135194925	Kan-no-Me Shrine
Q135194926	Morohashi Inari Shrine
Q135194927	Okinami Suwa Shrine
Q135194928	Okutsu‑Hime Shrine (Ama Town)
Q135194929	Okutsu‑Hime Shrine (Hōsu Town)
Q135194930	Anamizu Omiya Shrine
Q135194932	Juzo Shrine
Q135194933	Hakusan Shrine
Q135194934	Suzu Shrine Takakuragu
Q135194935	Suzu Shrine Kinbungu
Q135194936	Suzu Shrine okumiya
Q135194938	Nakawokano Shrine
Q135194940	Nakawokano Shrine
Q135194941	Nakawokano Shrine
Q135194942	Hayashi Shrine (Tonami, Hayashi)
Q135194944	Yabunami Shrine (Tonami)
Q135194945	Yabunami Shrine (Nanto)
Q135194946	Yabunami Shrine (Takaoka)
Q135194947	Hachimangū
Q135194948	Iwatani‑mon Shrine
Q135194949	Hime Shrine (Oyabe)
Q135194951	Hime Shrine (Yanase, Tonami)
Q135194952	Hime Shrine (Shimonakajo, Tonami)
Q135194953	Hime Shrine (Nanto)
Q135194956	Motoogami Shrine
Q135194957	Asai Shrine (Fukuoka, Takaoka)
Q135194958	Asai Shrine (Ishizutsumi, Takaoka)
Q135194963	Michino Shrine (Imizu)
Q135194964	Michino Shrine (Takaoka City)
Q135194965	Michino Shrine (Himi City)
Q135194969	Hayakawa Shrine (Himi City)
Q135194970	Hayakawa Shrine (Takaoka City)
Q135194974	Kusaoka Shrine
Q135194975	Kamo Shrine
Q135194976	Takashina Shrine
Q135194979	Anekura Himemi Shrine (Funakura, Toyama City)
Q135194998	Kumano Shrine (Miyabo, Toyama City)
Q135195000	Kumano Shrine (Tomosaka, Fuchu Town)
Q135195001	Kumano Shrine (Nakama, Fuchu Town)
Q135195002	Kumano Shrine (Kumanomichi, Fuchu Town)
Q135195006	Takaoka Sekino Shrine
Q135195009	Sugihara Shrine (Yao Town, Toyama City)
Q135195010	Sugihara Shrine (Taya, Fuchu Town)
Q135195012	Sugihara Shrine (Hamako, Fuchu Town)
Q135195013	Kando Shrine
Q135195015	Kashima Shrine
Q135195016	Ichihara Shrine (Shimmei, Namerikawa City)
Q135195017	Ichihara Shrine (Yanagihara, Namerikawa City)
Q135195018	Hiokino Shrine
Q135195019	Hiokino Shrine
Q135195020	Fuse Shrine
Q135195021	Oyama Shrine
Q135195022	Oyama Shrine Honsha
Q135195023	Oyama Shrine Chūgū-kiganden
Q135195025	Oyama Shrine Maedate-shadan
Q135195026	Kumano Shrine
Q135195027	Nunagawa Shrine (Ama-no Shrine precinct)
Q135195029	Nunagawa Shrine
Q135195031	Ō Shrine (Itoigawa)
Q135195034	Ō Shrine
Q135195036	Abito Shrine
Q135195037	Matsuo Shrine
Q135195039	Fuchū Hachiman Shrine
Q135195041	Tsurugi Shrine
Q135195042	Sata Shrine
Q135195043	Yasaka Shrine
Q135195044	Mizushima Isobe Shrine (Nashidaira, Kiyosato District)
Q135195047	Mizushima Isobe Shrine (Itoigawa City)
Q135195048	Mizushima Isobe Shrine (Aoyagiboganoike, Kiyosato District)
Q135195049	Eno Shrine
Q135195050	Naoe Hachiman Shrine
Q135195053	Awomino Shrine former site
Q135195054	Maruta Shrine (Nadachi District)
Q135195055	Maruta Shrine (Kakizaki District)
Q135195056	Miyake Shrine (Myoken Town)
Q135195057	Miyake Shrine
Q135195058	Miyake Shrine (Muikaichi Town)
Q135195059	Kirihara Isobe Shrine (Kamigiri)
Q135195060	Kirihara Ishibe Shrine (Teradomari)
Q135195061	Takahikone Shrine
Q135195062	Tono Shrine (Yoitamachi Town)
Q135195063	Tono Shrine (Serikawa Town)
Q135195066	Kinpu Shrine
Q135195067	Unagushi Shrine
Q135195068	Mishima Isōbe Shrine (Hojo, Kashiwazaki City)
Q135195069	Mishima Ishibe Shrine (Nishiyama Town, Kashiwazaki City)
Q135195074	Ukawa Shrine (Yamamiya, Takayanagi Town, Kashiwazaki City)
Q135195075	Kurohime Shrine (Sato‑miya, Takayanagi Town, Kashiwazaki City)
Q135195076	Ukawa Shrine (Miyaba Town, Kashiwazaki City)
Q135195077	Ukawa Shrine (Shindo, Kashiwazaki City)
Q135195078	Ukawa Shrine (Noda, Kashiwazaki City)
Q135195079	Taki Shrine
Q135195082	Tata Shrine
Q135195083	Mishima Shrine (current site)
Q135195085	Mishima Shrine (Kashiwazaki) former site
Q135195086	Ishii Shrine (Nishiyama, Kashiwazaki)
Q135195088	Ishii Shrine (Nagaoka)
Q135195089	Ishii Shrine (Hōjō, Kashiwazaki)
Q135195090	Ishii Shrine (Nishihonmachi, Kashiwazaki)
Q135195091	Uonuma Shrine (Ojiya)
Q135195092	Uonuma Shrine (Minamiuonuma District)
Q135195093	Imai Shrine
Q135195094	Sakamoto Shrine
Q135195095	Hiyoshi Shrine
Q135195096	Hachimangū
Q135195097	Uonuma Shrine
Q135195098	Sakamoto Shrine (Miya, Minamiuonuma)
Q135195099	Imai Shrine
Q135195100	Shimizu‑Kawabe Shrine
Q135195101	Suwa Shrine
Q135195102	Ichinomiya Shrine
Q135195103	Imai Shrine
Q135195104	Kahahino Shrine
Q135195105	Akirakuchi Shrine
Q135195106	Suwa Shrine
Q135195110	Co-Enshrinement of Utsurahashino Shrine
Q135195111	Co-Enshrinement of Utsurahashino Shrine Ronsha 2
Q135195113	Hakusan-dō Shrine
Q135195114	Tsukita Shrine (Tsukioka, Sanjo)
Q135195115	Tsukita Shrine (Aramachi, Sanjo)
Q135195116	Obuse Shrine
Q135195117	Gosen Hachiman Shrine
Q135195125	Nagase Shrine (Miyayori, Kamo)
Q135195126	Nagase Shrine (Kamijo, Kamo)
Q135195127	Yatsu Hachiman Shrine
Q135195128	Nakayama Shrine (Gosen)
Q135195129	Nakayama Shrine (Sanjo)
Q135195131	Tanino Shrine
Q135195132	Tanino Shrine (Agano)
Q135195134	Tanino Shrine (Niigata)
Q135195135	Shinmei-sha
Q135195136	Funae Taijingū
Q135195137	Matsuhama Inari Shrine
Q135195138	Hassho Shrine
Q135195144	Fujito Shrine
Q135195145	Shinmei-gū
Q135195146	Kawai Shrine
Q135195148	Kambara Shrine
Q135195149	Hakotake Hachiman Shrine
Q135195153	Arakawa Shrine (Koiwanai, Murakami)
Q135195154	Arakawa Shrine (Arakawa, Murakami)
Q135195155	Arakawa Shrine (Tainai)
Q135195156	Taki Shrine (Iwagasaki, Murakami)
Q135195160	Shira Falls
Q135195167	Taki Shrine (Takane, Murakami)
Q135195174	Co-Enshrinement of Takino Shrine
Q135195178	Kawachi Shrine
Q135195184	Kuwata Shrine (Mahori)
Q135195189	Date Shrine
Q135195192	Takakura Shrine (Sannan, Tamba)
Q135195193	Takakura Shrine (Aogaki, Tamba)
Q135195195	Samiyano Shrine former site
Q135195197	Karinono Shrine former site
Q135195202	Ini Shrine
Q135195203	Nunaki Shrine
Q135195204	Yafuri Shrine
Q135195208	Ihonowino Shrine former site
Q135195209	Kamino Shrine (current site)
Q135195210	Kamuno Shrine former site
Q135195211	Kamo Shrine
Q135195212	Isobe Shrine (Miwakare Park)
Q135195226	Yagaki Shrine
Q135195227	Matsuoji Temple Aobayama Gongen (reference)
Q135195230	Arasu Shrine (Fukuchiyama City)
Q135195231	Arasu Shrine (Maizuru City)
Q135195232	Shihara Shrine
Q135195233	Tenman Shrine
Q135195235	Hioikehime Shrine
Q135195239	Miyazaki Shrine
Q135195243	Kono Shrine okumiya
Q135195244	Omushi Shrine
Q135195246	Kitsumi Shrine
Q135195249	Tayu Shrine
Q135195250	Tayu Shrine
Q135195251	Ura Shrine
Q135195252	Uramiya Shrine
Q135195258	Miheno Shrine former site
Q135195265	Oya Shrine
Q135195267	Kotsumi Shrine (Yosa District)
Q135195269	Kotsumi Shrine (Kyotango City)
Q135195273	Itatsura Inari Shrine
Q135195282	Yoshino Shrine
Q135195283	Ninomiya Shrine
Q135195291	Nagu Shrine
Q135195293	Co-Enshrinement of Nakuno Shrine
Q135195295	Ono Shrine
Q135195296	Ōno Shrine (Ōmiya)
Q135195299	Shifuhi Shrine (Amino Town)
Q135195300	Shifubi Shrine (Tango Town)
Q135195307	Ibuki Shrine
Q135195308	Ibuki Shrine
Q135195311	Maruta Shrine (Koyama, Kumihama Town)
Q135195312	Maruta Shrine (Sekiya no Ue, Kumihama Town) (reference)
Q135195313	Mefu Shrine
Q135195314	Nunomori Shrine
Q135195316	Muraoka Shrine
Q135195317	Hiruko Shrine
Q135195326	Sasagoryo Shrine
Q135195329	Shidori Shrine (Ikuno)
Q135195330	Shidori Shrine (Arai)
Q135195332	Sano Shrine
Q135195333	Hirano Shrine
Q135195341	Tatenui Shrine
Q135195342	Tatenui Shrine (subsidiary shrine of Sai Shrine)
Q135195353	Kiri‑hara Shrine
Q135195362	Hinode Shrine (Hatayama, Tantō Town)
Q135195363	Hinode Shrine (Minamio, Tantō Town)
Q135195377	Ōube Hyoju Shrine (Tantō Town)
Q135195380	Amuka Shrine
Q135195381	Amuka Shrine
Q135195384	Kosaka Shrine (Miki, Izushi Town)
Q135195385	Kosaka Shrine (Morii, Izushi Town)
Q135195387	Himefuno Shrine former site
Q135195502	Kumano Shrine
Q135195503	Kama Shrine
Q135195508	Hyōzu Shrine
Q135195552	Ikisa Shrine
Q135195553	Sanpō-sha (Heinai Shrine)
Q135195555	Kuwabara Shrine (Morimoto, Takeno Town)
Q135195556	Kuwabara Shrine (Kuwanohon, Takeno Town)
Q135195565	Mitori Shrine
Q135195566	Arasuna Shrine
Q135195567	Miyu Shrine
Q135195597	Ōgamiyama Shrine okumiya
Q135195620	Izumo Jisai Shrine Keidaisha Tenjinsha
Q135195732	Hinomisaki Shrine (branch shrine outside the precincts of Hongū Shrine)
Q135195733	Sakuta Shrine
Q135195742	Co-Enshrinement of Shishichino Shrine
Q135197702	Ushio Shrine
Q135197704	Kifusa Shrine
Q135197709	Yamabe Yashirohime Shrine
Q135197711	Yamabe Yashirohime Shrine
Q135197720	Tsunotsu Otoshi Shrine
Q135197721	Otoshi Shrine
Q135197723	Otoshi Shrine
Q135197724	Otoshi Shrine
Q135197725	Otoshi Shrine
Q135197727	Otoshi Shrine
Q135197730	Hachimangū
Q135197736	Ohara Shrine
Q135197737	Ohara Shrine
Q135197821	Sumiyoshi Shrine
Q135197837	Sawara Shrine
Q135197839	Komi Hachiman Shrine
Q135197849	Kutono Shrine former site
Q135197864	Nakatano Shrine former site
Q135197886	Isonokamifutsumitama Shrine former site
Q135197890	Fuse Shrine former site
Q135197892	Kamineno Shrine former site
Q135197896	Tenjin-sha
Q135197898	Amatsu Shrine
Q135197900	Amano Hachiman Shrine
Q135197907	Naiku (Okayama)
Q135197913	Ojiharina Mawakahime Shrine former site
Q135197919	Takeshima Shrine
Q135197922	Hirohata Hachimangū
Q135197924	Momoiyamano Shrine Former Site
Q135197931	Furukohorino Shrine Co-EnShrinement
Q135197933	Soja Shrine Keidai-sha
Q135197934	Nomatano Shrine Co-EnShrinement
Q135197944	Co-Enshrinement of Kamishimano Shrine
Q135197951	Unoe Shrine
Q135197967	Hikosasukino shrine former site
Q135197968	Kibitsu Shrine Keidai-sha
Q135197969	Tarihirino shrine former site
Q135197983	Takao- Shrine former site
Q135197990	Warihimeno Shrine former site
Q135197991	Warihimeno Shrine former site
Q135197992	Bingokunininomiya Chihayahiko Shrine
Q135198027	Tsumatsuhime Shrine (Hirao)
Q135198053	Ōyunohara & Ama Shrine
Q135198054	Mitoake Shrine (Oyunohara)
Q135198056	Kagi-no-miya (Kumano Hayatama Shrine)
Q135198066	Yahara Shrine
Q135198067	Ehara Nishinomiya Shrine
Q135198080	Ushihiko Shrine
Q135198086	Takefutsu Shrine
Q135198094	Hachiman Shrine
Q135198098	Tenno-miya Tate Shrine
Q135198105	Tenno-miya Tate Shrine
Q135198111	Amamurakumo Shrine
Q135198123	Tateiwa Shrine
Q135198131	Sho Hachiman Shrine
Q135198132	Takehime Shrine
Q135198154	Higashikamo Shrine
Q135198156	Nishikamo Shrine
Q135198210	Anumi Shrine
Q135198253	Kamado Shrine Shimogu
Q135198256	Materafuno Shrine okumiya
Q135198283	Takeo Shimokorihiko Shrine Shimogu
Q135198290	Honoo-Honome Shrine Kami-no-Miya
Q135198292	Honoo-Honome Shrine Nakatsu-no-Miya
Q135198293	Honoo-Honome Shrine Shimo-no-Miya
Q135198295	Shijiki Shrine Okitonomiya
Q135198296	Shijiki Shrine Endo-no-miya
Q135198617	Takami-Oya Shrine
Q135198619	Hakozaki Hachiman Shrine
Q135198629	Remains of Amenotenagahime Shrine
Q135198631	Kunitsu Shrine
Q135198632	Tsunomiya Shrine
Q135198634	Watatsumi Shrine
Q135198643	Mononobe Futsu Shrine Site
Q135198689	Shima Okunitama Shrine
Q135198701	Shima Okunitama Miko Shrine
Q135198715	Shima Okunitama Shrine
Q135198758	Norito Shrine
Q135198763	Hekireki Shrine
Q135198814	Ame‑no‑Morohano‑Mikoto Shrine
Q135198837	Ame‑no‑Morohano‑Mikoto Shrine
Q135198847	Ame‑no‑Morohano‑Mikoto Shrine
Q135198962	Komaki Sukune‑no‑Mikoto Shrine
Q135198978	Komai Sukune‑no‑Mikoto Shrine
Q135199025	Nasu Kamino Kaneko Shrine
Q135199045	Nasu Kamino Kaneko Shrine
Q135199133	Yukiai Shrine
Q135199151	Shitaru Norito Shrine
Q135199158	Sae‑no‑Kami Shrine
Q135199312	Koroku Shrine
Q135199365	Koroku Miko Shrine
Q135199395	Koroku Shrine
Q135199422	Norito Shrine
Q135199454	Shima Okunitama Miko Shrine
Q135199481	Shima Miko Shrine
Q135199504	Kunimoto Shrine
Q135199570	Oushima Shrine
Q135199579	Motoshima Shrine
Q135199590	Shima Okunitama Shrine
Q135199653	Hamadono Shrine
Q135199776	Ginzanjo Shrine
Q135199795	Ginzan Shrine
Q135199854	Ikatsuchi‑no‑Mikoto Shrine
Q135199864	Ikazuchi Shrine
Q135200293	Shikishima Shrine
Q135200308	Shikanoshima Shrine
Q135200314	Shika Myojin Site
Q135200362	Ginzan Shrine (Tsutsuchi Yohaijo)
Q135200374	Tsutsuchi Shrine
Q135200387	Take Shrine
Q135200405	Tsutsuchi Shrine
Q135200437	Ginzan Shrine
Q135200444	Ginzanjo Shrine
Q135206465	Shikinai Shōsha
Q135206467	Kokuhei-sha
Q135206470	Shikinai Taisha
Q135206474	Myōjin Taisha
Q135206476	Shikinai Shōsha
Q135206477	Kanpei-sha
Q135206478	Shikinai Taisha
Q135206482	Myōjin Taisha
Q135206688	Kaden Shrine Former Site
Q135206791	Wokamino Shrine former site
Q135206799	Ame-no-Mikumari-Toyoura Shrine former site
Q135206803	Niiya Nimasu Amateru-mitama Shrine
Q135206826	Mitekurano Shrine former site
Q135206858	Okata Shrine
Q135215048	Hyōzu Shrine
Q135229657	Ahachino Shrine
Q135236062	Yamashiro Sōja Shrine
Q135236063	Kokufu Shrine
Q135236067	Iga Sōja Shrine
Q135236069	Miyake Shrine
Q135236070	Kokufu Shrine
Q135236072	Mikawa Sōja
Q135236146	Miyamae-cho Hachimangu
Q135236147	Rokusho Shrine (Tateyama)
Q135236148	Ōmi Sōja Shrine
Q135236149	Rokusho Shrine (Tsuruoka)
Q135236150	Sō Shrine (Obama)
Q135236151	Sōja Daijingū
Q135236152	Sōsha Shrine (Sado)
Q135236153	Inaba Sōja Shrine
Q135236154	Kokuchōri Shrine
Q135236157	Jūichimyōjin Shrine
Q135236158	Hachiman Sōsha Ryo Shrine
Q135236159	Chikuzen Sōja Shrine
Q135236160	Sōsha Hachimangū
Q135236161	Bungo Sōja Shrine
Q135236162	Hizen Sōja Shrine
Q135236163	Haraido Shrine
Q135236164	Tsushima Sōja Shrine
Q135236642	Enumeration of 22
Q135249051	Ono Shrine
Q135249403	Gifu Prefectural Shrine Association
Q135259221	Ōtawara Gokoku Shrine
Q135259253	Kinchakusan Gokoku Shrine
Q135259482	Nishiōashi Gokoku Shrine
Q135260497	Fujiwarachō Gokoku Shrine
Q135270092	Kuhiwokano Shrine
Q135270104	Ihatano Shrine
Q135270114	Miino Shrine
Q135270117	Ishino Shrine
Q135270118	Soenomi Agata Imasu Shrine
Q135270126	Mishimakamono Shrine
Q135270127	Iketano Shrine
Q135270129	Wokatano Shrine
Q135270265	Hosorokino Shrine
Q135270269	Amano Shrine
Q135270279	Takeishitsukino- Shrine
Q135270285	Homino Shrine
Q135270286	Sakuno Shrine
Q135270289	Hokotsukino Shrine
Q135270292	Miyameno Shrine
Q135270294	Iharino Shrine
Q135270298	Kahakareno Shrine
Q135270317	Hikowakamikono Shrine
Q135270328	Futakata Shrine
Q135270329	Sami‑no‑Hyōzu Shrine
Q135270331	Fusuno Shrine
Q135270351	Yasokono Shrine
Q135270415	Isonokami Co-enshrinement
Q135270416	Ikahono Shrine
Q135270423	Tamamorono Shrine
Q135270425	Makatano Shrine
Q135270430	Nimasukarakuniitateno Shrine
Q135270431	Yamasano Shrine
Q135270433	Kumeno Shrine
Q135270434	Wakasuserihimeno Shrine
Q135270435	Nihehimeno Shrine
Q135270439	Yamatoookuni- Shrine
Q135270444	Ama-no-iwato-wake-toyotamahimeno Shrine
Q135270925	Ishino shrine Co-enshrinement
Q135288221	Ohotoshino Shrine
Q135288594	Itsunahimeno Shrine
Q135288774	Inashimono Shrine
Q135289475	Nomino Shrine
Q135400843	Murakami Shrine
Q135405803	Himukai Shrine
Q135419779	Shikinai Supershrine
Q135425237	Kiryū Gokoku Shrine
Q135433509	Ijūin Gokoku Shrine
Q135433759	Taniyama Gokoku Shrine
Q135433827	Nishinagashima Gokoku Shrine
Q135433937	Izumi Gokoku Shrine
Q135434013	Kajiki Gokoku Shrine
Q135434114	Ichiki Gokoku Shrine
Q135434115	Isaku Gokoku Shrine
Q135434201	Kanoya Gokoku Shrine
Q135434251	Taki Gokoku Shrine
Q135434313	Kawabe Gokoku Shrine
Q135434322	Takayama Gokoku Shrine
Q135434421	Akune Gokoku Shrine
Q135434443	Kaseda Gokoku Shrine
Q135434567	Makurazaki Gokoku Shrine
Q135476768	Tottori Gokoku Shrine
Q135491645	Ranam Gokoku Shrine
Q135578845	Shikinai Shōsha
Q135579164	Chinreisha Gokoku Shrine
Q135579316	Izumi Shrine (Usa)
Q135579690	Katayama Shrine, Nagoya
Q136779529	Suwa Shrine
Q136835537	Q136835537
Q137010076	Q137010076
Q137037091	Q137037091
Q137041912	Tenjin-sha
Q137049422	Q137049422
Q137112533	Q137112533
Q137148687	Nagato Soja Shrine
Q137321737	Q137321737
Q137438181	Q137438181
Q137485181	Hachiman Shrine
Q137536838	Cabinet Notice on the Romanization of Japanese (December 22, 2025)
Q137710469	Q137710469
Q137711045	Q137711045
Q137721136	Hachiman Shrine
Q137721145	Q137721145
Q137721146	Q137721146
Q137721148	Q137721148
Q137721149	Q137721149
Q137721152	Q137721152
Q137721153	Q137721153
Q137721156	Q137721156
Q137721158	Hachiman Shrine
Q137721160	Q137721160
Q137721161	Q137721161
Q137721162	Q137721162
Q137721164	Hachiman Shrine
Q137721165	Q137721165
Q137721167	Q137721167
Q137787344	Ichie Shrine
Q139266603	Shintō Encyclopedia
Q139801666	Q139801666
Q140190511	Akō Ōishi Shrine
Q140190518	Ōishi Shrine
