shrine,shrineLabel,website
http://www.wikidata.org/entity/Q11429413,墨俣神社,https://www.gifu-jinjacho.jp/syosai.php?shrno=2
http://www.wikidata.org/entity/Q11642697,還来神社,https://www.shiga-jinjacho.jp/ycBBS/Board.cgi/02_jinja_db/db/ycDB_02jinja-pc-detail.html?mode:view=1&view:oid=5
http://www.wikidata.org/entity/Q126722303,伊豆神社,https://www.shiga-jinjacho.jp/ycBBS/Board.cgi/02_jinja_db/db/ycDB_02jinja-pc-detail.html?mode:view=1&view:oid=11
http://www.wikidata.org/entity/Q11462117,小椋神社,https://www.shiga-jinjacho.jp/ycBBS/Board.cgi/02_jinja_db/db/ycDB_02jinja-pc-detail.html?mode:view=1&view:oid=17
http://www.wikidata.org/entity/Q11642755,那波加神社,https://www.shiga-jinjacho.jp/ycBBS/Board.cgi/02_jinja_db/db/ycDB_02jinja-pc-detail.html?mode:view=1&view:oid=21
http://www.wikidata.org/entity/Q656451,日吉大社,https://www.shiga-jinjacho.jp/ycBBS/Board.cgi/02_jinja_db/db/ycDB_02jinja-pc-detail.html?mode:view=1&view:oid=23
http://www.wikidata.org/entity/Q385407,近江神宮,https://www.shiga-jinjacho.jp/ycBBS/Board.cgi/02_jinja_db/db/ycDB_02jinja-pc-detail.html?mode:view=1&view:oid=51
http://www.wikidata.org/entity/Q11625756,蝉丸神社,https://www.shiga-jinjacho.jp/ycBBS/Board.cgi/02_jinja_db/db/ycDB_02jinja-pc-detail.html?mode:view=1&view:oid=56
http://www.wikidata.org/entity/Q65247874,三尾神社,https://www.shiga-jinjacho.jp/ycBBS/Board.cgi/02_jinja_db/db/ycDB_02jinja-pc-detail.html?mode:view=1&view:oid=58
http://www.wikidata.org/entity/Q65291510,長等神社,https://www.shiga-jinjacho.jp/ycBBS/Board.cgi/02_jinja_db/db/ycDB_02jinja-pc-detail.html?mode:view=1&view:oid=60
http://www.wikidata.org/entity/Q134592680,蛭子神社,https://www.shiga-jinjacho.jp/ycBBS/Board.cgi/02_jinja_db/db/ycDB_02jinja-pc-detail.html?mode:view=1&view:oid=63
http://www.wikidata.org/entity/Q3082076,天孫神社,https://www.shiga-jinjacho.jp/ycBBS/Board.cgi/02_jinja_db/db/ycDB_02jinja-pc-detail.html?mode:view=1&view:oid=64
http://www.wikidata.org/entity/Q135580174,彦田稲荷神社,https://www.shiga-jinjacho.jp/ycBBS/Board.cgi/02_jinja_db/db/ycDB_02jinja-pc-detail.html?mode:view=1&view:oid=65
http://www.wikidata.org/entity/Q85882705,石坐神社,https://www.shiga-jinjacho.jp/ycBBS/Board.cgi/02_jinja_db/db/ycDB_02jinja-pc-detail.html?mode:view=1&view:oid=67
http://www.wikidata.org/entity/Q135579977,平野神社,https://www.shiga-jinjacho.jp/ycBBS/Board.cgi/02_jinja_db/db/ycDB_02jinja-pc-detail.html?mode:view=1&view:oid=68
http://www.wikidata.org/entity/Q66673849,膳所神社,https://www.shiga-jinjacho.jp/ycBBS/Board.cgi/02_jinja_db/db/ycDB_02jinja-pc-detail.html?mode:view=1&view:oid=70
http://www.wikidata.org/entity/Q11603782,篠津神社,https://www.shiga-jinjacho.jp/ycBBS/Board.cgi/02_jinja_db/db/ycDB_02jinja-pc-detail.html?mode:view=1&view:oid=71
http://www.wikidata.org/entity/Q11496660,戸隠神社,https://www.shiga-jinjacho.jp/ycBBS/Board.cgi/02_jinja_db/db/ycDB_02jinja-pc-detail.html?mode:view=1&view:oid=82
http://www.wikidata.org/entity/Q11382603,佐久奈度神社,https://www.shiga-jinjacho.jp/ycBBS/Board.cgi/02_jinja_db/db/ycDB_02jinja-pc-detail.html?mode:view=1&view:oid=88
http://www.wikidata.org/entity/Q403338,建部大社,https://www.shiga-jinjacho.jp/ycBBS/Board.cgi/02_jinja_db/db/ycDB_02jinja-pc-detail.html?mode:view=1&view:oid=112
http://www.wikidata.org/entity/Q11464225,小野神社,https://www.shiga-jinjacho.jp/ycBBS/Board.cgi/02_jinja_db/db/ycDB_02jinja-pc-detail.html?mode:view=1&view:oid=117
http://www.wikidata.org/entity/Q97202442,天皇神社,https://www.shiga-jinjacho.jp/ycBBS/Board.cgi/02_jinja_db/db/ycDB_02jinja-pc-detail.html?mode:view=1&view:oid=118
http://www.wikidata.org/entity/Q131925932,千代神社,https://www.shiga-jinjacho.jp/ycBBS/Board.cgi/02_jinja_db/db/ycDB_02jinja-pc-detail.html?mode:view=1&view:oid=132
http://www.wikidata.org/entity/Q97161713,彦根神社,https://www.shiga-jinjacho.jp/ycBBS/Board.cgi/02_jinja_db/db/ycDB_02jinja-pc-detail.html?mode:view=1&view:oid=134
http://www.wikidata.org/entity/Q11564971,滋賀県護国神社,https://www.shiga-jinjacho.jp/ycBBS/Board.cgi/02_jinja_db/db/ycDB_02jinja-pc-detail.html?mode:view=1&view:oid=135
http://www.wikidata.org/entity/Q11618829,荒神山神社,https://www.shiga-jinjacho.jp/ycBBS/Board.cgi/02_jinja_db/db/ycDB_02jinja-pc-detail.html?mode:view=1&view:oid=185
http://www.wikidata.org/entity/Q11633365,豊国神社,https://www.shiga-jinjacho.jp/ycBBS/Board.cgi/02_jinja_db/db/ycDB_02jinja-pc-detail.html?mode:view=1&view:oid=190
http://www.wikidata.org/entity/Q11653283,長濱八幡宮,https://www.shiga-jinjacho.jp/ycBBS/Board.cgi/02_jinja_db/db/ycDB_02jinja-pc-detail.html?mode:view=1&view:oid=195
http://www.wikidata.org/entity/Q11358693,上坂神社,https://www.shiga-jinjacho.jp/ycBBS/Board.cgi/02_jinja_db/db/ycDB_02jinja-pc-detail.html?mode:view=1&view:oid=254
http://www.wikidata.org/entity/Q11509681,日牟禮八幡宮,https://www.shiga-jinjacho.jp/ycBBS/Board.cgi/02_jinja_db/db/ycDB_02jinja-pc-detail.html?mode:view=1&view:oid=268
http://www.wikidata.org/entity/Q11435100,大嶋奥津嶋神社,https://www.shiga-jinjacho.jp/ycBBS/Board.cgi/02_jinja_db/db/ycDB_02jinja-pc-detail.html?mode:view=1&view:oid=278
http://www.wikidata.org/entity/Q11445964,奥津嶋神社,https://www.shiga-jinjacho.jp/ycBBS/Board.cgi/02_jinja_db/db/ycDB_02jinja-pc-detail.html?mode:view=1&view:oid=281
http://www.wikidata.org/entity/Q11634951,賀茂神社,https://www.shiga-jinjacho.jp/ycBBS/Board.cgi/02_jinja_db/db/ycDB_02jinja-pc-detail.html?mode:view=1&view:oid=284
http://www.wikidata.org/entity/Q59282641,小田神社,https://www.shiga-jinjacho.jp/ycBBS/Board.cgi/02_jinja_db/db/ycDB_02jinja-pc-detail.html?mode:view=1&view:oid=306
http://www.wikidata.org/entity/Q77807498,立木神社,https://www.shiga-jinjacho.jp/ycBBS/Board.cgi/02_jinja_db/db/ycDB_02jinja-pc-detail.html?mode:view=1&view:oid=338
http://www.wikidata.org/entity/Q11462224,小汐井神社,https://www.shiga-jinjacho.jp/ycBBS/Board.cgi/02_jinja_db/db/ycDB_02jinja-pc-detail.html?mode:view=1&view:oid=339
http://www.wikidata.org/entity/Q77917203,伊砂砂神社,https://www.shiga-jinjacho.jp/ycBBS/Board.cgi/02_jinja_db/db/ycDB_02jinja-pc-detail.html?mode:view=1&view:oid=340
http://www.wikidata.org/entity/Q11462132,小槻神社,https://www.shiga-jinjacho.jp/ycBBS/Board.cgi/02_jinja_db/db/ycDB_02jinja-pc-detail.html?mode:view=1&view:oid=341
http://www.wikidata.org/entity/Q11606721,結神社,https://www.gifu-jinjacho.jp/syosai.php?shrno=13
http://www.wikidata.org/entity/Q22119793,名木林神社,https://www.gifu-jinjacho.jp/syosai.php?shrno=42
http://www.wikidata.org/entity/Q11354833,三大神社,https://www.shiga-jinjacho.jp/ycBBS/Board.cgi/02_jinja_db/db/ycDB_02jinja-pc-detail.html?mode:view=1&view:oid=364
http://www.wikidata.org/entity/Q11462126,小槻大社,https://www.shiga-jinjacho.jp/ycBBS/Board.cgi/02_jinja_db/db/ycDB_02jinja-pc-detail.html?mode:view=1&view:oid=368
http://www.wikidata.org/entity/Q22117831,五百井神社,https://www.shiga-jinjacho.jp/ycBBS/Board.cgi/02_jinja_db/db/ycDB_02jinja-pc-detail.html?mode:view=1&view:oid=369
http://www.wikidata.org/entity/Q59282652,大野神社,https://www.shiga-jinjacho.jp/ycBBS/Board.cgi/02_jinja_db/db/ycDB_02jinja-pc-detail.html?mode:view=1&view:oid=383
http://www.wikidata.org/entity/Q130638515,大宝神社,https://www.shiga-jinjacho.jp/ycBBS/Board.cgi/02_jinja_db/db/ycDB_02jinja-pc-detail.html?mode:view=1&view:oid=386
http://www.wikidata.org/entity/Q11553975,河桁御河邊神社,https://www.shiga-jinjacho.jp/ycBBS/Board.cgi/02_jinja_db/db/ycDB_02jinja-pc-detail.html?mode:view=1&view:oid=425
http://www.wikidata.org/entity/Q97162402,田中神社,https://www.shiga-jinjacho.jp/ycBBS/Board.cgi/02_jinja_db/db/ycDB_02jinja-pc-detail.html?mode:view=1&view:oid=442
http://www.wikidata.org/entity/Q11400513,勝部神社,https://www.shiga-jinjacho.jp/ycBBS/Board.cgi/02_jinja_db/db/ycDB_02jinja-pc-detail.html?mode:view=1&view:oid=445
http://www.wikidata.org/entity/Q97206855,小津神社,https://www.shiga-jinjacho.jp/ycBBS/Board.cgi/02_jinja_db/db/ycDB_02jinja-pc-detail.html?mode:view=1&view:oid=450
http://www.wikidata.org/entity/Q11392795,兵主神社,https://www.shiga-jinjacho.jp/ycBBS/Board.cgi/02_jinja_db/db/ycDB_02jinja-pc-detail.html?mode:view=1&view:oid=488
http://www.wikidata.org/entity/Q11438451,大笹原神社,https://www.shiga-jinjacho.jp/ycBBS/Board.cgi/02_jinja_db/db/ycDB_02jinja-pc-detail.html?mode:view=1&view:oid=495
http://www.wikidata.org/entity/Q11488762,御上神社,https://www.shiga-jinjacho.jp/ycBBS/Board.cgi/02_jinja_db/db/ycDB_02jinja-pc-detail.html?mode:view=1&view:oid=498
http://www.wikidata.org/entity/Q11413129,吉御子神社,https://www.shiga-jinjacho.jp/ycBBS/Board.cgi/02_jinja_db/db/ycDB_02jinja-pc-detail.html?mode:view=1&view:oid=517
http://www.wikidata.org/entity/Q11412752,吉姫神社,https://www.shiga-jinjacho.jp/ycBBS/Board.cgi/02_jinja_db/db/ycDB_02jinja-pc-detail.html?mode:view=1&view:oid=518
http://www.wikidata.org/entity/Q11579598,白山神社,https://www.shiga-jinjacho.jp/ycBBS/Board.cgi/02_jinja_db/db/ycDB_02jinja-pc-detail.html?mode:view=1&view:oid=519
http://www.wikidata.org/entity/Q107410088,立志神社,https://www.shiga-jinjacho.jp/ycBBS/Board.cgi/02_jinja_db/db/ycDB_02jinja-pc-detail.html?mode:view=1&view:oid=521
http://www.wikidata.org/entity/Q119929647,夏見神社,https://www.shiga-jinjacho.jp/ycBBS/Board.cgi/02_jinja_db/db/ycDB_02jinja-pc-detail.html?mode:view=1&view:oid=525
http://www.wikidata.org/entity/Q126123474,飯道神社,https://www.shiga-jinjacho.jp/ycBBS/Board.cgi/02_jinja_db/db/ycDB_02jinja-pc-detail.html?mode:view=1&view:oid=526
http://www.wikidata.org/entity/Q119929646,松尾神社,https://www.shiga-jinjacho.jp/ycBBS/Board.cgi/02_jinja_db/db/ycDB_02jinja-pc-detail.html?mode:view=1&view:oid=527
http://www.wikidata.org/entity/Q106852418,斎神社,https://www.shiga-jinjacho.jp/ycBBS/Board.cgi/02_jinja_db/db/ycDB_02jinja-pc-detail.html?mode:view=1&view:oid=538
http://www.wikidata.org/entity/Q11548384,水口神社,https://www.shiga-jinjacho.jp/ycBBS/Board.cgi/02_jinja_db/db/ycDB_02jinja-pc-detail.html?mode:view=1&view:oid=547
http://www.wikidata.org/entity/Q74704569,柏木神社,https://www.shiga-jinjacho.jp/ycBBS/Board.cgi/02_jinja_db/db/ycDB_02jinja-pc-detail.html?mode:view=1&view:oid=574
http://www.wikidata.org/entity/Q60988403,大鳥神社,https://www.shiga-jinjacho.jp/ycBBS/Board.cgi/02_jinja_db/db/ycDB_02jinja-pc-detail.html?mode:view=1&view:oid=600
http://www.wikidata.org/entity/Q11398661,加毛神社,https://www.gifu-jinjacho.jp/syosai.php?shrno=64
http://www.wikidata.org/entity/Q11584115,矢川神社,https://www.shiga-jinjacho.jp/ycBBS/Board.cgi/02_jinja_db/db/ycDB_02jinja-pc-detail.html?mode:view=1&view:oid=613
http://www.wikidata.org/entity/Q132154383,新宮神社,https://www.shiga-jinjacho.jp/ycBBS/Board.cgi/02_jinja_db/db/ycDB_02jinja-pc-detail.html?mode:view=1&view:oid=621
http://www.wikidata.org/entity/Q126123407,飯道神社,https://www.shiga-jinjacho.jp/ycBBS/Board.cgi/02_jinja_db/db/ycDB_02jinja-pc-detail.html?mode:view=1&view:oid=630
http://www.wikidata.org/entity/Q11510722,日雲神社,https://www.shiga-jinjacho.jp/ycBBS/Board.cgi/02_jinja_db/db/ycDB_02jinja-pc-detail.html?mode:view=1&view:oid=633
http://www.wikidata.org/entity/Q11553074,沙沙貴神社,https://www.shiga-jinjacho.jp/ycBBS/Board.cgi/02_jinja_db/db/ycDB_02jinja-pc-detail.html?mode:view=1&view:oid=645
http://www.wikidata.org/entity/Q24864985,奥石神社,https://www.shiga-jinjacho.jp/ycBBS/Board.cgi/02_jinja_db/db/ycDB_02jinja-pc-detail.html?mode:view=1&view:oid=653
http://www.wikidata.org/entity/Q59282601,山部神社,https://www.shiga-jinjacho.jp/ycBBS/Board.cgi/02_jinja_db/db/ycDB_02jinja-pc-detail.html?mode:view=1&view:oid=683
http://www.wikidata.org/entity/Q11622964,藤切神社,https://www.shiga-jinjacho.jp/ycBBS/Board.cgi/02_jinja_db/db/ycDB_02jinja-pc-detail.html?mode:view=1&view:oid=772
http://www.wikidata.org/entity/Q11438052,大皇器地祖神社,https://www.shiga-jinjacho.jp/ycBBS/Board.cgi/02_jinja_db/db/ycDB_02jinja-pc-detail.html?mode:view=1&view:oid=785
http://www.wikidata.org/entity/Q11369798,乎加神社,https://www.shiga-jinjacho.jp/ycBBS/Board.cgi/02_jinja_db/db/ycDB_02jinja-pc-detail.html?mode:view=1&view:oid=816
http://www.wikidata.org/entity/Q38277762,押立神社,https://www.shiga-jinjacho.jp/ycBBS/Board.cgi/02_jinja_db/db/ycDB_02jinja-pc-detail.html?mode:view=1&view:oid=870
http://www.wikidata.org/entity/Q95937595,豊満神社,https://www.shiga-jinjacho.jp/ycBBS/Board.cgi/02_jinja_db/db/ycDB_02jinja-pc-detail.html?mode:view=1&view:oid=903
http://www.wikidata.org/entity/Q402091,多賀大社,https://www.shiga-jinjacho.jp/ycBBS/Board.cgi/02_jinja_db/db/ycDB_02jinja-pc-detail.html?mode:view=1&view:oid=942
http://www.wikidata.org/entity/Q132188921,胡宮神社,https://www.shiga-jinjacho.jp/ycBBS/Board.cgi/02_jinja_db/db/ycDB_02jinja-pc-detail.html?mode:view=1&view:oid=947
http://www.wikidata.org/entity/Q11554898,泉神社,https://www.shiga-jinjacho.jp/ycBBS/Board.cgi/02_jinja_db/db/ycDB_02jinja-pc-detail.html?mode:view=1&view:oid=1009
http://www.wikidata.org/entity/Q11602835,筑摩神社,https://www.shiga-jinjacho.jp/ycBBS/Board.cgi/02_jinja_db/db/ycDB_02jinja-pc-detail.html?mode:view=1&view:oid=1018
http://www.wikidata.org/entity/Q11425529,坂田神明宮,https://www.shiga-jinjacho.jp/ycBBS/Board.cgi/02_jinja_db/db/ycDB_02jinja-pc-detail.html?mode:view=1&view:oid=1038
http://www.wikidata.org/entity/Q11469988,山津照神社,https://www.shiga-jinjacho.jp/ycBBS/Board.cgi/02_jinja_db/db/ycDB_02jinja-pc-detail.html?mode:view=1&view:oid=1050
http://www.wikidata.org/entity/Q11555428,波久奴神社,https://www.shiga-jinjacho.jp/ycBBS/Board.cgi/02_jinja_db/db/ycDB_02jinja-pc-detail.html?mode:view=1&view:oid=1065
http://www.wikidata.org/entity/Q11473959,岡高神社,https://www.shiga-jinjacho.jp/ycBBS/Board.cgi/02_jinja_db/db/ycDB_02jinja-pc-detail.html?mode:view=1&view:oid=1077
http://www.wikidata.org/entity/Q11360119,上許曾神社,https://www.shiga-jinjacho.jp/ycBBS/Board.cgi/02_jinja_db/db/ycDB_02jinja-pc-detail.html?mode:view=1&view:oid=1104
http://www.wikidata.org/entity/Q17217996,宇波刀神社,https://www.gifu-jinjacho.jp/syosai.php?shrno=95
http://www.wikidata.org/entity/Q132125270,和泉神社,https://www.shiga-jinjacho.jp/ycBBS/Board.cgi/02_jinja_db/db/ycDB_02jinja-pc-detail.html?mode:view=1&view:oid=1131
http://www.wikidata.org/entity/Q135193658,川道神社,https://www.shiga-jinjacho.jp/ycBBS/Board.cgi/02_jinja_db/db/ycDB_02jinja-pc-detail.html?mode:view=1&view:oid=1187
http://www.wikidata.org/entity/Q11636084,走落神社,https://www.shiga-jinjacho.jp/ycBBS/Board.cgi/02_jinja_db/db/ycDB_02jinja-pc-detail.html?mode:view=1&view:oid=1217
http://www.wikidata.org/entity/Q11591046,神高槻神社,https://www.shiga-jinjacho.jp/ycBBS/Board.cgi/02_jinja_db/db/ycDB_02jinja-pc-detail.html?mode:view=1&view:oid=1219
http://www.wikidata.org/entity/Q11585162,石作神社・玉作神社,https://www.shiga-jinjacho.jp/ycBBS/Board.cgi/02_jinja_db/db/ycDB_02jinja-pc-detail.html?mode:view=1&view:oid=1253
http://www.wikidata.org/entity/Q11602727,等波神社,https://www.shiga-jinjacho.jp/ycBBS/Board.cgi/02_jinja_db/db/ycDB_02jinja-pc-detail.html?mode:view=1&view:oid=1254
http://www.wikidata.org/entity/Q11381016,伊香具神社,https://www.shiga-jinjacho.jp/ycBBS/Board.cgi/02_jinja_db/db/ycDB_02jinja-pc-detail.html?mode:view=1&view:oid=1256
http://www.wikidata.org/entity/Q11649828,鉛練比古神社,https://www.shiga-jinjacho.jp/ycBBS/Board.cgi/02_jinja_db/db/ycDB_02jinja-pc-detail.html?mode:view=1&view:oid=1268
http://www.wikidata.org/entity/Q11368606,丹生神社,https://www.shiga-jinjacho.jp/ycBBS/Board.cgi/02_jinja_db/db/ycDB_02jinja-pc-detail.html?mode:view=1&view:oid=1272
http://www.wikidata.org/entity/Q11676453,塩津神社,https://www.shiga-jinjacho.jp/ycBBS/Board.cgi/02_jinja_db/db/ycDB_02jinja-pc-detail.html?mode:view=1&view:oid=1289
http://www.wikidata.org/entity/Q11361528,下塩津神社,https://www.shiga-jinjacho.jp/ycBBS/Board.cgi/02_jinja_db/db/ycDB_02jinja-pc-detail.html?mode:view=1&view:oid=1294
http://www.wikidata.org/entity/Q11664826,須賀神社,https://www.shiga-jinjacho.jp/ycBBS/Board.cgi/02_jinja_db/db/ycDB_02jinja-pc-detail.html?mode:view=1&view:oid=1299
http://www.wikidata.org/entity/Q11438676,大荒比古神社・鞆結神社,https://www.shiga-jinjacho.jp/ycBBS/Board.cgi/02_jinja_db/db/ycDB_02jinja-pc-detail.html?mode:view=1&view:oid=1311
http://www.wikidata.org/entity/Q11438780,大處神社,https://www.shiga-jinjacho.jp/ycBBS/Board.cgi/02_jinja_db/db/ycDB_02jinja-pc-detail.html?mode:view=1&view:oid=1319
http://www.wikidata.org/entity/Q11487078,弓削神社,https://www.shiga-jinjacho.jp/ycBBS/Board.cgi/02_jinja_db/db/ycDB_02jinja-pc-detail.html?mode:view=1&view:oid=1333
http://www.wikidata.org/entity/Q11642701,邇々杵神社,https://www.shiga-jinjacho.jp/ycBBS/Board.cgi/02_jinja_db/db/ycDB_02jinja-pc-detail.html?mode:view=1&view:oid=1375
http://www.wikidata.org/entity/Q134888252,箕島神社,https://www.shiga-jinjacho.jp/ycBBS/Board.cgi/02_jinja_db/db/ycDB_02jinja-pc-detail.html?mode:view=1&view:oid=1388
http://www.wikidata.org/entity/Q138388868,生嶋神社,https://www.gifu-jinjacho.jp/syosai.php?shrno=124
http://www.wikidata.org/entity/Q11585161,石作神社,https://www.gifu-jinjacho.jp/syosai.php?shrno=125
http://www.wikidata.org/entity/Q11390592,八剣神社,https://www.gifu-jinjacho.jp/syosai.php?shrno=141
http://www.wikidata.org/entity/Q705303,白鬚神社,https://www.shiga-jinjacho.jp/ycBBS/Board.cgi/02_jinja_db/db/ycDB_02jinja-pc-detail.html?mode:view=1&view:oid=1404
http://www.wikidata.org/entity/Q11548449,水尾神社,https://www.shiga-jinjacho.jp/ycBBS/Board.cgi/02_jinja_db/db/ycDB_02jinja-pc-detail.html?mode:view=1&view:oid=1420
http://www.wikidata.org/entity/Q11438675,大荒比古神社,https://www.shiga-jinjacho.jp/ycBBS/Board.cgi/02_jinja_db/db/ycDB_02jinja-pc-detail.html?mode:view=1&view:oid=1424
http://www.wikidata.org/entity/Q11622537,藁園神社,https://www.shiga-jinjacho.jp/ycBBS/Board.cgi/02_jinja_db/db/ycDB_02jinja-pc-detail.html?mode:view=1&view:oid=1428
http://www.wikidata.org/entity/Q11433666,大國主神社,https://www.shiga-jinjacho.jp/ycBBS/Board.cgi/02_jinja_db/db/ycDB_02jinja-pc-detail.html?mode:view=1&view:oid=1430
http://www.wikidata.org/entity/Q11555577,波爾布神社,https://www.shiga-jinjacho.jp/ycBBS/Board.cgi/02_jinja_db/db/ycDB_02jinja-pc-detail.html?mode:view=1&view:oid=1433
http://www.wikidata.org/entity/Q11505027,日吉二宮神社,https://www.shiga-jinjacho.jp/ycBBS/Board.cgi/02_jinja_db/db/ycDB_02jinja-pc-detail.html?mode:view=1&view:oid=1439
http://www.wikidata.org/entity/Q134887047,八幡大神社,https://www.saitama-jinjacho.or.jp/shrine/9000/
http://www.wikidata.org/entity/Q134887167,大寄諏訪神社,https://www.saitama-jinjacho.or.jp/shrine/9003/
http://www.wikidata.org/entity/Q134886194,二柱神社,https://www.saitama-jinjacho.or.jp/shrine/9011/
http://www.wikidata.org/entity/Q134886345,東大澤神社,https://www.saitama-jinjacho.or.jp/shrine/9012/
http://www.wikidata.org/entity/Q68537489,みか神社,https://www.saitama-jinjacho.or.jp/shrine/9013/
http://www.wikidata.org/entity/Q11647974,金鑽神社,https://www.saitama-jinjacho.or.jp/shrine/9015/
http://www.wikidata.org/entity/Q134886831,廣野大神社,https://www.saitama-jinjacho.or.jp/shrine/9016/
http://www.wikidata.org/entity/Q134886830,熊野神社,https://www.saitama-jinjacho.or.jp/shrine/9017/
http://www.wikidata.org/entity/Q85884328,阿保神社,https://www.saitama-jinjacho.or.jp/shrine/9018/
http://www.wikidata.org/entity/Q106852499,古宮神社,https://www.saitama-jinjacho.or.jp/shrine/9022/
http://www.wikidata.org/entity/Q134886376,久下神社,https://www.saitama-jinjacho.or.jp/shrine/9025/
http://www.wikidata.org/entity/Q134886570,冨士神社,https://www.saitama-jinjacho.or.jp/shrine/9030/
http://www.wikidata.org/entity/Q134886248,富士浅間神社,https://www.saitama-jinjacho.or.jp/shrine/9031/
http://www.wikidata.org/entity/Q134886567,神明社,https://www.saitama-jinjacho.or.jp/shrine/9033/
http://www.wikidata.org/entity/Q134887229,玉津島神社,https://www.saitama-jinjacho.or.jp/shrine/9034/
http://www.wikidata.org/entity/Q134886389,鹿島神社,https://www.saitama-jinjacho.or.jp/shrine/9035/
http://www.wikidata.org/entity/Q134887068,伊勢之宮神社,https://www.saitama-jinjacho.or.jp/shrine/9036/
http://www.wikidata.org/entity/Q134887081,島護産泰神社,https://www.saitama-jinjacho.or.jp/shrine/9039/
http://www.wikidata.org/entity/Q134887226,荒川神社,https://www.saitama-jinjacho.or.jp/shrine/9041/
http://www.wikidata.org/entity/Q135000823,足髙神社,https://www.saitama-jinjacho.or.jp/shrine/9042/
http://www.wikidata.org/entity/Q134887225,宗像神社,https://www.saitama-jinjacho.or.jp/shrine/9044/
http://www.wikidata.org/entity/Q134886239,稲乃比売神社,https://www.saitama-jinjacho.or.jp/shrine/9045/
http://www.wikidata.org/entity/Q134887224,八幡神社,https://www.saitama-jinjacho.or.jp/shrine/9046/
http://www.wikidata.org/entity/Q134886383,壱岐天手長男神社,https://www.saitama-jinjacho.or.jp/shrine/9047/
http://www.wikidata.org/entity/Q134886562,貴船神社,https://www.saitama-jinjacho.or.jp/shrine/9049/
http://www.wikidata.org/entity/Q134887222,釜山神社,https://www.saitama-jinjacho.or.jp/shrine/9050/
http://www.wikidata.org/entity/Q134886385,八幡大神社,https://www.saitama-jinjacho.or.jp/shrine/9051/
http://www.wikidata.org/entity/Q134886240,末野神社,https://www.saitama-jinjacho.or.jp/shrine/9052/
http://www.wikidata.org/entity/Q66085122,出雲乃伊波比神社,https://www.saitama-jinjacho.or.jp/shrine/9053/
http://www.wikidata.org/entity/Q107410086,行田八幡神社,https://www.saitama-jinjacho.or.jp/shrine/9054/
http://www.wikidata.org/entity/Q134886255,久伊豆神社大雷神社合殿,https://www.saitama-jinjacho.or.jp/shrine/9057/
http://www.wikidata.org/entity/Q134886395,勝呂神社,https://www.saitama-jinjacho.or.jp/shrine/9058/
http://www.wikidata.org/entity/Q128866698,小松神社,https://www.saitama-jinjacho.or.jp/shrine/9060/
http://www.wikidata.org/entity/Q131900998,戸川神社,https://www.saitama-jinjacho.or.jp/shrine/9062/
http://www.wikidata.org/entity/Q134886757,愛宕神社,https://www.saitama-jinjacho.or.jp/shrine/9070/
http://www.wikidata.org/entity/Q134886645,鷲香取神社,https://www.saitama-jinjacho.or.jp/shrine/9076/
http://www.wikidata.org/entity/Q11590312,神明神社,https://www.saitama-jinjacho.or.jp/shrine/9082/
http://www.wikidata.org/entity/Q124482383,菖蒲神社,https://www.saitama-jinjacho.or.jp/shrine/9083/
http://www.wikidata.org/entity/Q134887124,天満神社,https://www.saitama-jinjacho.or.jp/shrine/9084/
http://www.wikidata.org/entity/Q67752315,姫宮神社,https://www.saitama-jinjacho.or.jp/shrine/9089/
http://www.wikidata.org/entity/Q124482362,富多神社,https://www.saitama-jinjacho.or.jp/shrine/9090/
http://www.wikidata.org/entity/Q134887138,彦江神社,https://www.saitama-jinjacho.or.jp/shrine/9092/
http://www.wikidata.org/entity/Q119929480,御嶽神社,https://www.saitama-jinjacho.or.jp/shrine/9093/
http://www.wikidata.org/entity/Q11483973,幸宮神社,https://www.saitama-jinjacho.or.jp/shrine/9094/
http://www.wikidata.org/entity/Q134885970,千塚神社,https://www.saitama-jinjacho.or.jp/shrine/9097/
http://www.wikidata.org/entity/Q11360548,上高野神社,https://www.saitama-jinjacho.or.jp/shrine/9098/
http://www.wikidata.org/entity/Q119929448,芳川神社,https://www.saitama-jinjacho.or.jp/shrine/9099/
http://www.wikidata.org/entity/Q134886845,武輝神社,https://www.saitama-jinjacho.or.jp/shrine/9100/
http://www.wikidata.org/entity/Q134886158,水宮神社,https://www.saitama-jinjacho.or.jp/shrine/9106/
http://www.wikidata.org/entity/Q11427145,埼玉県護國神社,https://www.saitama-jinjacho.or.jp/shrine/9107/
http://www.wikidata.org/entity/Q134886568,諏訪大神社,https://www.saitama-jinjacho.or.jp/shrine/9110/
http://www.wikidata.org/entity/Q134886895,葦原大神社,https://www.saitama-jinjacho.or.jp/shrine/9111/
http://www.wikidata.org/entity/Q134887263,天沼神社,https://www.saitama-jinjacho.or.jp/shrine/9112/
http://www.wikidata.org/entity/Q134886927,櫛引氷川神社,https://www.saitama-jinjacho.or.jp/shrine/9114/
http://www.wikidata.org/entity/Q134886897,古櫃神社,https://www.saitama-jinjacho.or.jp/shrine/9117/
http://www.wikidata.org/entity/Q124482328,日進神社,https://www.saitama-jinjacho.or.jp/shrine/9123/
http://www.wikidata.org/entity/Q106301088,加茂神社,https://www.saitama-jinjacho.or.jp/shrine/9124/
http://www.wikidata.org/entity/Q124482327,南方神社,https://www.saitama-jinjacho.or.jp/shrine/9125/
http://www.wikidata.org/entity/Q114641791,雷電神社,https://www.saitama-jinjacho.or.jp/shrine/9126/
http://www.wikidata.org/entity/Q124482329,武国神社,https://www.saitama-jinjacho.or.jp/shrine/9128/
http://www.wikidata.org/entity/Q124482326,吉野神社,https://www.saitama-jinjacho.or.jp/shrine/9129/
http://www.wikidata.org/entity/Q124482322,湯殿神社,https://www.saitama-jinjacho.or.jp/shrine/9133/
http://www.wikidata.org/entity/Q114632288,菅原神社,https://www.saitama-jinjacho.or.jp/shrine/9137/
http://www.wikidata.org/entity/Q134887105,荒神社,https://www.saitama-jinjacho.or.jp/shrine/9142/
http://www.wikidata.org/entity/Q134885950,宗像神社,https://www.saitama-jinjacho.or.jp/shrine/9147/
http://www.wikidata.org/entity/Q114163532,天満神社,https://www.saitama-jinjacho.or.jp/shrine/9151/
http://www.wikidata.org/entity/Q124482325,穂積神社,https://www.saitama-jinjacho.or.jp/shrine/9155/
http://www.wikidata.org/entity/Q119241912,大倭神社,https://www.saitama-jinjacho.or.jp/shrine/9158/
http://www.wikidata.org/entity/Q124482324,金山神社,https://www.saitama-jinjacho.or.jp/shrine/9163/
http://www.wikidata.org/entity/Q128867052,天祖神社,https://www.saitama-jinjacho.or.jp/shrine/9178/
http://www.wikidata.org/entity/Q124482330,八王子神社,https://www.saitama-jinjacho.or.jp/shrine/9182/
http://www.wikidata.org/entity/Q134886418,大久保神社,https://www.saitama-jinjacho.or.jp/shrine/9187/
http://www.wikidata.org/entity/Q134887262,身形神社,https://www.saitama-jinjacho.or.jp/shrine/9189/
http://www.wikidata.org/entity/Q116784127,日枝社,https://www.saitama-jinjacho.or.jp/shrine/9192/
http://www.wikidata.org/entity/Q134887260,東神社,https://www.saitama-jinjacho.or.jp/shrine/9195/
http://www.wikidata.org/entity/Q134887103,若王子稲荷神社,https://www.saitama-jinjacho.or.jp/shrine/9196/
http://www.wikidata.org/entity/Q134887100,三角稲荷神社,https://www.saitama-jinjacho.or.jp/shrine/9203/
http://www.wikidata.org/entity/Q134886750,三島神社,https://www.saitama-jinjacho.or.jp/shrine/9206/
http://www.wikidata.org/entity/Q18339540,睦神社,https://www.saitama-jinjacho.or.jp/shrine/9212/
http://www.wikidata.org/entity/Q117412638,大門神社,https://www.saitama-jinjacho.or.jp/shrine/9218/
http://www.wikidata.org/entity/Q124482334,中尾神社,https://www.saitama-jinjacho.or.jp/shrine/9219/
http://www.wikidata.org/entity/Q134887101,水神社,https://www.saitama-jinjacho.or.jp/shrine/9229/
http://www.wikidata.org/entity/Q134885947,明神社,https://www.saitama-jinjacho.or.jp/shrine/9233/
http://www.wikidata.org/entity/Q134886549,春日神社,https://www.saitama-jinjacho.or.jp/shrine/9238/
http://www.wikidata.org/entity/Q134887050,力神社,https://www.saitama-jinjacho.or.jp/shrine/9239/
http://www.wikidata.org/entity/Q124482315,子日神社,https://www.saitama-jinjacho.or.jp/shrine/9241/
http://www.wikidata.org/entity/Q124482316,朝日神社,https://www.saitama-jinjacho.or.jp/shrine/9242/
http://www.wikidata.org/entity/Q134886876,氷室神社,https://www.saitama-jinjacho.or.jp/shrine/9246/
http://www.wikidata.org/entity/Q134886061,羽盡神社,https://www.saitama-jinjacho.or.jp/shrine/9247/
http://www.wikidata.org/entity/Q124482319,七郷神社,https://www.saitama-jinjacho.or.jp/shrine/9250/
http://www.wikidata.org/entity/Q115117373,飯塚氷川神社,https://www.saitama-jinjacho.or.jp/shrine/9251/
http://www.wikidata.org/entity/Q115034435,上青木氷川神社,https://www.saitama-jinjacho.or.jp/shrine/9252/
http://www.wikidata.org/entity/Q134886551,日枝神社,https://www.saitama-jinjacho.or.jp/shrine/9257/
http://www.wikidata.org/entity/Q134886375,十二所神社,https://www.saitama-jinjacho.or.jp/shrine/9260/
http://www.wikidata.org/entity/Q116411195,旭神社,https://www.saitama-jinjacho.or.jp/shrine/9263/
http://www.wikidata.org/entity/Q134886148,久伊豆神社,https://www.saitama-jinjacho.or.jp/shrine/9265/
http://www.wikidata.org/entity/Q114565487,浅間神社,https://www.saitama-jinjacho.or.jp/shrine/9269/
http://www.wikidata.org/entity/Q117413141,氷川神社,https://www.saitama-jinjacho.or.jp/shrine/9270/
http://www.wikidata.org/entity/Q119929459,毛長神社,https://www.saitama-jinjacho.or.jp/shrine/9271/
http://www.wikidata.org/entity/Q134885987,胡録天神社,https://www.saitama-jinjacho.or.jp/shrine/9272/
http://www.wikidata.org/entity/Q114978113,氷川神社,https://www.saitama-jinjacho.or.jp/shrine/9275/
http://www.wikidata.org/entity/Q118368232,笹目神社,https://www.saitama-jinjacho.or.jp/shrine/9276/
http://www.wikidata.org/entity/Q134886429,八幡社,https://www.saitama-jinjacho.or.jp/shrine/9279/
http://www.wikidata.org/entity/Q128866557,神明神社,https://www.saitama-jinjacho.or.jp/shrine/9282/
http://www.wikidata.org/entity/Q128866560,内間木神社,https://www.saitama-jinjacho.or.jp/shrine/9283/
http://www.wikidata.org/entity/Q128866564,天神社,https://www.saitama-jinjacho.or.jp/shrine/9286/
http://www.wikidata.org/entity/Q128866562,浅間神社,https://www.saitama-jinjacho.or.jp/shrine/9287/
http://www.wikidata.org/entity/Q134885990,女躰神社,https://www.saitama-jinjacho.or.jp/shrine/9292/
http://www.wikidata.org/entity/Q130572670,吹上天神社,https://www.saitama-jinjacho.or.jp/shrine/9294/
http://www.wikidata.org/entity/Q119929485,神明神社,https://www.saitama-jinjacho.or.jp/shrine/9296/
http://www.wikidata.org/entity/Q119929486,子之神社,https://www.saitama-jinjacho.or.jp/shrine/9302/
http://www.wikidata.org/entity/Q119929473,駒形神社,https://www.saitama-jinjacho.or.jp/shrine/9308/
http://www.wikidata.org/entity/Q134886640,富足神社,https://www.saitama-jinjacho.or.jp/shrine/9311/
http://www.wikidata.org/entity/Q134887302,熊野神社,https://www.saitama-jinjacho.or.jp/shrine/9312/
http://www.wikidata.org/entity/Q119929481,鎌倉稲荷神社,https://www.saitama-jinjacho.or.jp/shrine/9313/
http://www.wikidata.org/entity/Q134886795,徳島稲荷神社,https://www.saitama-jinjacho.or.jp/shrine/9314/
http://www.wikidata.org/entity/Q134886638,天豊受神社,https://www.saitama-jinjacho.or.jp/shrine/9317/
http://www.wikidata.org/entity/Q134887303,三輪神社,https://www.saitama-jinjacho.or.jp/shrine/9318/
http://www.wikidata.org/entity/Q134887137,水神社,https://www.saitama-jinjacho.or.jp/shrine/9321/
http://www.wikidata.org/entity/Q124483189,橘神社,https://www.saitama-jinjacho.or.jp/shrine/9324/
http://www.wikidata.org/entity/Q134886969,日枝神社,https://www.saitama-jinjacho.or.jp/shrine/9327/
http://www.wikidata.org/entity/Q124482391,熊野神社,https://www.saitama-jinjacho.or.jp/shrine/9333/
http://www.wikidata.org/entity/Q124482395,吉野神社,https://www.saitama-jinjacho.or.jp/shrine/9334/
http://www.wikidata.org/entity/Q11660222,雷電神社,https://www.saitama-jinjacho.or.jp/shrine/9340/
http://www.wikidata.org/entity/Q135000806,八合神社,https://www.saitama-jinjacho.or.jp/shrine/9342/
http://www.wikidata.org/entity/Q128866603,諏訪神社,https://www.saitama-jinjacho.or.jp/shrine/9343/
http://www.wikidata.org/entity/Q128866601,天神氷川八幡合社,https://www.saitama-jinjacho.or.jp/shrine/9344/
http://www.wikidata.org/entity/Q134887139,天神社,https://www.saitama-jinjacho.or.jp/shrine/9346/
http://www.wikidata.org/entity/Q128866592,春日神社,https://www.saitama-jinjacho.or.jp/shrine/9351/
http://www.wikidata.org/entity/Q134887304,白山神社,https://www.saitama-jinjacho.or.jp/shrine/9356/
http://www.wikidata.org/entity/Q134886154,日枝神社,https://www.saitama-jinjacho.or.jp/shrine/9361/
http://www.wikidata.org/entity/Q11611104,聖神社,https://www.saitama-jinjacho.or.jp/shrine/9363/
http://www.wikidata.org/entity/Q134886408,愛宕神社,https://www.saitama-jinjacho.or.jp/shrine/9364/
http://www.wikidata.org/entity/Q134887423,秋葉神社,https://www.saitama-jinjacho.or.jp/shrine/9366/
http://www.wikidata.org/entity/Q134887257,恒持神社,https://www.saitama-jinjacho.or.jp/shrine/9367/
http://www.wikidata.org/entity/Q134886413,田村神社,https://www.saitama-jinjacho.or.jp/shrine/9373/
http://www.wikidata.org/entity/Q134886267,駒形神社,https://www.saitama-jinjacho.or.jp/shrine/9374/
http://www.wikidata.org/entity/Q134886589,十二社神社,https://www.saitama-jinjacho.or.jp/shrine/9375/
http://www.wikidata.org/entity/Q134887090,石間戸神社,https://www.saitama-jinjacho.or.jp/shrine/9377/
http://www.wikidata.org/entity/Q134886411,十八神社,https://www.saitama-jinjacho.or.jp/shrine/9378/
http://www.wikidata.org/entity/Q119929447,城峯神社,https://www.saitama-jinjacho.or.jp/shrine/9380/
http://www.wikidata.org/entity/Q134887091,大山祇大神社,https://www.saitama-jinjacho.or.jp/shrine/9385/
http://www.wikidata.org/entity/Q118350680,貴布禰神社,https://www.saitama-jinjacho.or.jp/shrine/9386/
http://www.wikidata.org/entity/Q134886746,萩神社,https://www.saitama-jinjacho.or.jp/shrine/9387/
http://www.wikidata.org/entity/Q134886409,国神神社,https://www.saitama-jinjacho.or.jp/shrine/9388/
http://www.wikidata.org/entity/Q134887425,熊野神社,https://www.saitama-jinjacho.or.jp/shrine/9389/
http://www.wikidata.org/entity/Q11390937,八幡大神社,https://www.saitama-jinjacho.or.jp/shrine/9391/
http://www.wikidata.org/entity/Q134886412,諏訪神社,https://www.saitama-jinjacho.or.jp/shrine/9392/
http://www.wikidata.org/entity/Q134887258,八阪神社,https://www.saitama-jinjacho.or.jp/shrine/9396/
http://www.wikidata.org/entity/Q134886593,八雲神社,https://www.saitama-jinjacho.or.jp/shrine/9397/
http://www.wikidata.org/entity/Q134886264,愛宕神社,https://www.saitama-jinjacho.or.jp/shrine/9399/
http://www.wikidata.org/entity/Q134886410,琴平神社,https://www.saitama-jinjacho.or.jp/shrine/9400/
http://www.wikidata.org/entity/Q134886747,日本武神社,https://www.saitama-jinjacho.or.jp/shrine/9401/
http://www.wikidata.org/entity/Q134886592,三島神社,https://www.saitama-jinjacho.or.jp/shrine/9402/
http://www.wikidata.org/entity/Q134887429,秩父大神社,https://www.saitama-jinjacho.or.jp/shrine/9404/
http://www.wikidata.org/entity/Q134887098,八剣神社,https://www.saitama-jinjacho.or.jp/shrine/9405/
http://www.wikidata.org/entity/Q134887097,天満神社,https://www.saitama-jinjacho.or.jp/shrine/9406/
http://www.wikidata.org/entity/Q134886741,古鷹神社,https://www.saitama-jinjacho.or.jp/shrine/9407/
http://www.wikidata.org/entity/Q134886591,羽黒神社,https://www.saitama-jinjacho.or.jp/shrine/9408/
http://www.wikidata.org/entity/Q134886590,武野上神社,https://www.saitama-jinjacho.or.jp/shrine/9409/
http://www.wikidata.org/entity/Q134886912,石上神社,https://www.saitama-jinjacho.or.jp/shrine/9410/
http://www.wikidata.org/entity/Q134886917,天満天神社,https://www.saitama-jinjacho.or.jp/shrine/9411/
http://www.wikidata.org/entity/Q134887252,下野上神社,https://www.saitama-jinjacho.or.jp/shrine/9412/
http://www.wikidata.org/entity/Q134886743,諏訪神社,https://www.saitama-jinjacho.or.jp/shrine/9414/
http://www.wikidata.org/entity/Q134886920,簗瀬神社,https://www.saitama-jinjacho.or.jp/shrine/9415/
http://www.wikidata.org/entity/Q134886414,八幡神社,https://www.saitama-jinjacho.or.jp/shrine/9416/
http://www.wikidata.org/entity/Q134887094,白鳥神社,https://www.saitama-jinjacho.or.jp/shrine/9417/
http://www.wikidata.org/entity/Q134886265,春日神社,https://www.saitama-jinjacho.or.jp/shrine/9418/
http://www.wikidata.org/entity/Q134886742,白鬚神社,https://www.saitama-jinjacho.or.jp/shrine/9419/
http://www.wikidata.org/entity/Q134886057,能気神社,https://www.saitama-jinjacho.or.jp/shrine/9420/
http://www.wikidata.org/entity/Q134886058,身形神社,https://www.saitama-jinjacho.or.jp/shrine/9421/
http://www.wikidata.org/entity/Q134886372,天神社,https://www.saitama-jinjacho.or.jp/shrine/9422/
http://www.wikidata.org/entity/Q134887208,八幡山神社,https://www.saitama-jinjacho.or.jp/shrine/9423/
http://www.wikidata.org/entity/Q134886709,大内神社,https://www.saitama-jinjacho.or.jp/shrine/9424/
http://www.wikidata.org/entity/Q134887379,天児安神社,https://www.saitama-jinjacho.or.jp/shrine/9428/
http://www.wikidata.org/entity/Q134886271,両神山両神神社,https://www.saitama-jinjacho.or.jp/shrine/9430/
http://www.wikidata.org/entity/Q134887250,宇賀神社,https://www.saitama-jinjacho.or.jp/shrine/9431/
http://www.wikidata.org/entity/Q134886104,御霊神社,https://www.saitama-jinjacho.or.jp/shrine/9433/
http://www.wikidata.org/entity/Q134887092,金山神社,https://www.saitama-jinjacho.or.jp/shrine/9434/
http://www.wikidata.org/entity/Q134886106,八幡大神社,https://www.saitama-jinjacho.or.jp/shrine/9436/
http://www.wikidata.org/entity/Q135000814,浅間神社,https://www.saitama-jinjacho.or.jp/shrine/9438/
http://www.wikidata.org/entity/Q134887215,諏訪大神社,https://www.saitama-jinjacho.or.jp/shrine/9441/
http://www.wikidata.org/entity/Q134886642,氷川神社,https://www.saitama-jinjacho.or.jp/shrine/9442/
http://www.wikidata.org/entity/Q134887370,東光神社,https://www.saitama-jinjacho.or.jp/shrine/9450/
http://www.wikidata.org/entity/Q134886534,照稲神社,https://www.saitama-jinjacho.or.jp/shrine/9451/
http://www.wikidata.org/entity/Q65734340,多気比売神社,https://www.saitama-jinjacho.or.jp/shrine/9456/
http://www.wikidata.org/entity/Q128866616,氷川諏訪神社,https://www.saitama-jinjacho.or.jp/shrine/9457/
http://www.wikidata.org/entity/Q134887305,熊野神社,https://www.saitama-jinjacho.or.jp/shrine/9460/
http://www.wikidata.org/entity/Q134885991,八幡神社,https://www.saitama-jinjacho.or.jp/shrine/9461/
http://www.wikidata.org/entity/Q135000782,地神神社,https://www.saitama-jinjacho.or.jp/shrine/9465/
http://www.wikidata.org/entity/Q134886505,石戸神社,https://www.saitama-jinjacho.or.jp/shrine/9469/
http://www.wikidata.org/entity/Q134887177,小松原神社,https://www.saitama-jinjacho.or.jp/shrine/9470/
http://www.wikidata.org/entity/Q128866640,生出塚神社,https://www.saitama-jinjacho.or.jp/shrine/9471/
http://www.wikidata.org/entity/Q134886682,野宮神社,https://www.saitama-jinjacho.or.jp/shrine/9474/
http://www.wikidata.org/entity/Q128866649,宮登神社,https://www.saitama-jinjacho.or.jp/shrine/9476/
http://www.wikidata.org/entity/Q128866655,常光神社,https://www.saitama-jinjacho.or.jp/shrine/9477/
http://www.wikidata.org/entity/Q128866683,三島神社,https://www.saitama-jinjacho.or.jp/shrine/9482/
http://www.wikidata.org/entity/Q128866668,吹上神社,https://www.saitama-jinjacho.or.jp/shrine/9484/
http://www.wikidata.org/entity/Q134886836,伊奈利神社,https://www.saitama-jinjacho.or.jp/shrine/9486/
http://www.wikidata.org/entity/Q128866678,袋神社,https://www.saitama-jinjacho.or.jp/shrine/9488/
http://www.wikidata.org/entity/Q128866671,山神社,https://www.saitama-jinjacho.or.jp/shrine/9491/
http://www.wikidata.org/entity/Q134886796,小針神社,https://www.saitama-jinjacho.or.jp/shrine/9492/
http://www.wikidata.org/entity/Q11242385,三芳野神社,https://www.saitama-jinjacho.or.jp/shrine/9493/
http://www.wikidata.org/entity/Q134886170,愛宕八坂神社,https://www.saitama-jinjacho.or.jp/shrine/9494/
http://www.wikidata.org/entity/Q134886996,妙義神社,https://www.saitama-jinjacho.or.jp/shrine/9495/
http://www.wikidata.org/entity/Q134886485,烏山稲荷神社,https://www.saitama-jinjacho.or.jp/shrine/9498/
http://www.wikidata.org/entity/Q134886998,雪塚稲荷神社,https://www.saitama-jinjacho.or.jp/shrine/9500/
http://www.wikidata.org/entity/Q134886659,杉森稲荷神社,https://www.saitama-jinjacho.or.jp/shrine/9501/
http://www.wikidata.org/entity/Q134886467,諏訪神社,https://www.saitama-jinjacho.or.jp/shrine/9504/
http://www.wikidata.org/entity/Q134887328,浅間神社,https://www.saitama-jinjacho.or.jp/shrine/9508/
http://www.wikidata.org/entity/Q134887319,愛宕神社,https://www.saitama-jinjacho.or.jp/shrine/9509/
http://www.wikidata.org/entity/Q11378135,仙波東照宮,https://www.saitama-jinjacho.or.jp/shrine/9515/
http://www.wikidata.org/entity/Q134886176,天満天神社,https://www.saitama-jinjacho.or.jp/shrine/9522/
http://www.wikidata.org/entity/Q134886984,鏡神社,https://www.saitama-jinjacho.or.jp/shrine/9524/
http://www.wikidata.org/entity/Q134886009,箱根神社,https://www.saitama-jinjacho.or.jp/shrine/9527/
http://www.wikidata.org/entity/Q134886012,三島日光神社,https://www.saitama-jinjacho.or.jp/shrine/9528/
http://www.wikidata.org/entity/Q135000797,八坂神社,https://www.saitama-jinjacho.or.jp/shrine/9533/
http://www.wikidata.org/entity/Q116213912,古尾谷八幡神社,https://www.saitama-jinjacho.or.jp/shrine/9536/
http://www.wikidata.org/entity/Q134887163,古谷神社,https://www.saitama-jinjacho.or.jp/shrine/9545/
http://www.wikidata.org/entity/Q134886335,南古谷神社,https://www.saitama-jinjacho.or.jp/shrine/9561/
http://www.wikidata.org/entity/Q134886484,浮島稲荷神社,https://www.saitama-jinjacho.or.jp/shrine/9566/
http://www.wikidata.org/entity/Q134887326,出世稲荷神社,https://www.saitama-jinjacho.or.jp/shrine/9567/
http://www.wikidata.org/entity/Q134886196,鷺栖神社,https://www.saitama-jinjacho.or.jp/shrine/9569/
http://www.wikidata.org/entity/Q134886837,赤城神社,https://www.saitama-jinjacho.or.jp/shrine/9571/
http://www.wikidata.org/entity/Q134886023,天神社,https://www.saitama-jinjacho.or.jp/shrine/9575/
http://www.wikidata.org/entity/Q59282642,千形神社,https://www.saitama-jinjacho.or.jp/shrine/9577/
http://www.wikidata.org/entity/Q134887216,玉井大神社,https://www.saitama-jinjacho.or.jp/shrine/9580/
http://www.wikidata.org/entity/Q134887385,久保島大神社,https://www.saitama-jinjacho.or.jp/shrine/9581/
http://www.wikidata.org/entity/Q134886879,田中神社,https://www.saitama-jinjacho.or.jp/shrine/9588/
http://www.wikidata.org/entity/Q134887293,大神社,https://www.saitama-jinjacho.or.jp/shrine/9598/
http://www.wikidata.org/entity/Q131900997,日枝神社,https://www.saitama-jinjacho.or.jp/shrine/9601/
http://www.wikidata.org/entity/Q134886232,八幡大神,https://www.saitama-jinjacho.or.jp/shrine/9604/
http://www.wikidata.org/entity/Q134886069,八坂神社,https://www.saitama-jinjacho.or.jp/shrine/9605/
http://www.wikidata.org/entity/Q134887217,三島神社,https://www.saitama-jinjacho.or.jp/shrine/9606/
http://www.wikidata.org/entity/Q134887383,浅間神社,https://www.saitama-jinjacho.or.jp/shrine/9610/
http://www.wikidata.org/entity/Q134886063,伊弉諾神社,https://www.saitama-jinjacho.or.jp/shrine/9611/
http://www.wikidata.org/entity/Q133229724,箱田神社,https://www.saitama-jinjacho.or.jp/shrine/9612/
http://www.wikidata.org/entity/Q134886067,雀神社,https://www.saitama-jinjacho.or.jp/shrine/9613/
http://www.wikidata.org/entity/Q134886230,熊野神社,https://www.saitama-jinjacho.or.jp/shrine/9615/
http://www.wikidata.org/entity/Q134886064,三幸神社,https://www.saitama-jinjacho.or.jp/shrine/9617/
http://www.wikidata.org/entity/Q134886878,川北神社,https://www.saitama-jinjacho.or.jp/shrine/9618/
http://www.wikidata.org/entity/Q59282633,上之村神社,https://www.saitama-jinjacho.or.jp/shrine/9619/
http://www.wikidata.org/entity/Q134886231,奈良神社,https://www.saitama-jinjacho.or.jp/shrine/9621/
http://www.wikidata.org/entity/Q134887213,赤城久伊豆神社,https://www.saitama-jinjacho.or.jp/shrine/9622/
http://www.wikidata.org/entity/Q134886818,八雲神社,https://www.saitama-jinjacho.or.jp/shrine/9627/
http://www.wikidata.org/entity/Q134886995,藤宮神社,https://www.saitama-jinjacho.or.jp/shrine/9629/
http://www.wikidata.org/entity/Q134886003,赤城神社,https://www.saitama-jinjacho.or.jp/shrine/9630/
http://www.wikidata.org/entity/Q134886761,亀谷神社,https://www.saitama-jinjacho.or.jp/shrine/9635/
http://www.wikidata.org/entity/Q134886605,城山神社,https://www.saitama-jinjacho.or.jp/shrine/9638/
http://www.wikidata.org/entity/Q135000812,六所神社,https://www.saitama-jinjacho.or.jp/shrine/9640/
http://www.wikidata.org/entity/Q134887275,藤森稲荷神社,https://www.saitama-jinjacho.or.jp/shrine/9641/
http://www.wikidata.org/entity/Q134886283,諏訪神社,https://www.saitama-jinjacho.or.jp/shrine/9642/
http://www.wikidata.org/entity/Q134886285,安松神社,https://www.saitama-jinjacho.or.jp/shrine/9644/
http://www.wikidata.org/entity/Q134886936,神明神社,https://www.saitama-jinjacho.or.jp/shrine/9645/
http://www.wikidata.org/entity/Q134885956,天満天神社,https://www.saitama-jinjacho.or.jp/shrine/9647/
http://www.wikidata.org/entity/Q134887116,日月神社,https://www.saitama-jinjacho.or.jp/shrine/9648/
http://www.wikidata.org/entity/Q134886606,林神社,https://www.saitama-jinjacho.or.jp/shrine/9649/
http://www.wikidata.org/entity/Q134886155,阿蘇神社,https://www.saitama-jinjacho.or.jp/shrine/9654/
http://www.wikidata.org/entity/Q135000788,諏訪神社,https://www.saitama-jinjacho.or.jp/shrine/9655/
http://www.wikidata.org/entity/Q128866579,上南畑神社,https://www.saitama-jinjacho.or.jp/shrine/9657/
http://www.wikidata.org/entity/Q134887277,春日神社,https://www.saitama-jinjacho.or.jp/shrine/9665/
http://www.wikidata.org/entity/Q134886120,久保稲荷神社,https://www.saitama-jinjacho.or.jp/shrine/9666/
http://www.wikidata.org/entity/Q134885961,東愛宕神社,https://www.saitama-jinjacho.or.jp/shrine/9667/
http://www.wikidata.org/entity/Q135000779,金刀比羅神社,https://www.saitama-jinjacho.or.jp/shrine/9668/
http://www.wikidata.org/entity/Q134886288,二本木神社,https://www.saitama-jinjacho.or.jp/shrine/9670/
http://www.wikidata.org/entity/Q11646841,金子神社,https://www.saitama-jinjacho.or.jp/shrine/9671/
http://www.wikidata.org/entity/Q134885959,稲荷神社,https://www.saitama-jinjacho.or.jp/shrine/9673/
http://www.wikidata.org/entity/Q134887117,桂川神社,https://www.saitama-jinjacho.or.jp/shrine/9674/
http://www.wikidata.org/entity/Q106504913,八幡神社,https://www.saitama-jinjacho.or.jp/shrine/9675/
http://www.wikidata.org/entity/Q134887119,中野原稲荷神社,https://www.saitama-jinjacho.or.jp/shrine/9678/
http://www.wikidata.org/entity/Q134886287,諏訪神社,https://www.saitama-jinjacho.or.jp/shrine/9680/
http://www.wikidata.org/entity/Q134886432,天満天神社,https://www.saitama-jinjacho.or.jp/shrine/9681/
http://www.wikidata.org/entity/Q134887276,入間野神社,https://www.saitama-jinjacho.or.jp/shrine/9682/
http://www.wikidata.org/entity/Q134886767,堀兼神社,https://www.saitama-jinjacho.or.jp/shrine/9683/
http://www.wikidata.org/entity/Q134887279,中新田愛宕神社,https://www.saitama-jinjacho.or.jp/shrine/9684/
http://www.wikidata.org/entity/Q134887120,八雲神社,https://www.saitama-jinjacho.or.jp/shrine/9685/
http://www.wikidata.org/entity/Q134886764,亀井神社,https://www.saitama-jinjacho.or.jp/shrine/9686/
http://www.wikidata.org/entity/Q134886939,羽黒神社,https://www.saitama-jinjacho.or.jp/shrine/9688/
http://www.wikidata.org/entity/Q134886611,丸山稲荷神社,https://www.saitama-jinjacho.or.jp/shrine/9689/
http://www.wikidata.org/entity/Q134886434,氷川神社,https://www.saitama-jinjacho.or.jp/shrine/9690/
http://www.wikidata.org/entity/Q11485625,広瀬神社,https://www.saitama-jinjacho.or.jp/shrine/9691/
http://www.wikidata.org/entity/Q134886355,飯盛神社,https://www.saitama-jinjacho.or.jp/shrine/9695/
http://www.wikidata.org/entity/Q134886524,坂戸神社,https://www.saitama-jinjacho.or.jp/shrine/9698/
http://www.wikidata.org/entity/Q134886206,東入西神社,https://www.saitama-jinjacho.or.jp/shrine/9699/
http://www.wikidata.org/entity/Q134886526,入西神社,https://www.saitama-jinjacho.or.jp/shrine/9700/
http://www.wikidata.org/entity/Q134887355,鶴明神社,https://www.saitama-jinjacho.or.jp/shrine/9703/
http://www.wikidata.org/entity/Q134886035,土屋神社,https://www.saitama-jinjacho.or.jp/shrine/9704/
http://www.wikidata.org/entity/Q134886354,氷川神社,https://www.saitama-jinjacho.or.jp/shrine/9708/
http://www.wikidata.org/entity/Q134886667,八雲神社,https://www.saitama-jinjacho.or.jp/shrine/9715/
http://www.wikidata.org/entity/Q134886490,白山神社,https://www.saitama-jinjacho.or.jp/shrine/9718/
http://www.wikidata.org/entity/Q134887085,権五郎神社,https://www.saitama-jinjacho.or.jp/shrine/9725/
http://www.wikidata.org/entity/Q134886261,浅間神社,https://www.saitama-jinjacho.or.jp/shrine/9726/
http://www.wikidata.org/entity/Q11637396,軍太利神社,https://www.saitama-jinjacho.or.jp/shrine/9727/
http://www.wikidata.org/entity/Q11488958,御嶽八幡神社,https://www.saitama-jinjacho.or.jp/shrine/9728/
http://www.wikidata.org/entity/Q11605641,素戔嗚神社,https://www.saitama-jinjacho.or.jp/shrine/9733/
http://www.wikidata.org/entity/Q134886733,小岩井神社,https://www.saitama-jinjacho.or.jp/shrine/9734/
http://www.wikidata.org/entity/Q11596882,稲荷神社,https://www.saitama-jinjacho.or.jp/shrine/9736/
http://www.wikidata.org/entity/Q11580495,白髪白山神社,https://www.saitama-jinjacho.or.jp/shrine/9737/
http://www.wikidata.org/entity/Q134886580,白子神社,https://www.saitama-jinjacho.or.jp/shrine/9738/
http://www.wikidata.org/entity/Q134886096,井上神社,https://www.saitama-jinjacho.or.jp/shrine/9741/
http://www.wikidata.org/entity/Q134886095,東神社,https://www.saitama-jinjacho.or.jp/shrine/9742/
http://www.wikidata.org/entity/Q134886407,吾那神社,https://www.saitama-jinjacho.or.jp/shrine/9743/
http://www.wikidata.org/entity/Q11398689,加治神社,https://www.saitama-jinjacho.or.jp/shrine/9744/
http://www.wikidata.org/entity/Q11590319,神明神社,https://www.saitama-jinjacho.or.jp/shrine/9745/
http://www.wikidata.org/entity/Q131901000,通殿神社,https://www.saitama-jinjacho.or.jp/shrine/9750/
http://www.wikidata.org/entity/Q134886135,川圦神社,https://www.saitama-jinjacho.or.jp/shrine/9751/
http://www.wikidata.org/entity/Q11657713,阿遅加神社,https://www.gifu-jinjacho.jp/syosai.php?shrno=217
http://www.wikidata.org/entity/Q134886629,鷲尾神社,https://www.saitama-jinjacho.or.jp/shrine/9753/
http://www.wikidata.org/entity/Q134887248,山祇神社,https://www.saitama-jinjacho.or.jp/shrine/9758/
http://www.wikidata.org/entity/Q134886584,三輪神社,https://www.saitama-jinjacho.or.jp/shrine/9767/
http://www.wikidata.org/entity/Q134886908,神明社,https://www.saitama-jinjacho.or.jp/shrine/9770/
http://www.wikidata.org/entity/Q134886403,喜多川神社,https://www.saitama-jinjacho.or.jp/shrine/9771/
http://www.wikidata.org/entity/Q134887019,高徳神社,https://www.saitama-jinjacho.or.jp/shrine/9774/
http://www.wikidata.org/entity/Q134886065,白髭神社,https://www.saitama-jinjacho.or.jp/shrine/9777/
http://www.wikidata.org/entity/Q134887054,氷川神社,https://www.saitama-jinjacho.or.jp/shrine/9778/
http://www.wikidata.org/entity/Q134887382,登由宇気神社,https://www.saitama-jinjacho.or.jp/shrine/9779/
http://www.wikidata.org/entity/Q134887390,豊布都神社,https://www.saitama-jinjacho.or.jp/shrine/9780/
http://www.wikidata.org/entity/Q134887387,佐谷田神社,https://www.saitama-jinjacho.or.jp/shrine/9781/
http://www.wikidata.org/entity/Q134887051,愛宕神社,https://www.saitama-jinjacho.or.jp/shrine/9782/
http://www.wikidata.org/entity/Q134887391,東別府神社,https://www.saitama-jinjacho.or.jp/shrine/9784/
http://www.wikidata.org/entity/Q134886881,湯殿大神社,https://www.saitama-jinjacho.or.jp/shrine/9786/
http://www.wikidata.org/entity/Q134886068,榛名神社,https://www.saitama-jinjacho.or.jp/shrine/9787/
http://www.wikidata.org/entity/Q134887057,太田神社,https://www.saitama-jinjacho.or.jp/shrine/9788/
http://www.wikidata.org/entity/Q134886884,白山神社,https://www.saitama-jinjacho.or.jp/shrine/9791/
http://www.wikidata.org/entity/Q134887392,神明神社,https://www.saitama-jinjacho.or.jp/shrine/9792/
http://www.wikidata.org/entity/Q134886379,上根神社,https://www.saitama-jinjacho.or.jp/shrine/9794/
http://www.wikidata.org/entity/Q134886883,善ヶ島神社,https://www.saitama-jinjacho.or.jp/shrine/9798/
http://www.wikidata.org/entity/Q134886559,日枝神社,https://www.saitama-jinjacho.or.jp/shrine/9799/
http://www.wikidata.org/entity/Q134886071,西城神社,https://www.saitama-jinjacho.or.jp/shrine/9801/
http://www.wikidata.org/entity/Q134886717,八幡大神社,https://www.saitama-jinjacho.or.jp/shrine/9802/
http://www.wikidata.org/entity/Q134887219,江波神社,https://www.saitama-jinjacho.or.jp/shrine/9804/
http://www.wikidata.org/entity/Q134887056,稲荷神社,https://www.saitama-jinjacho.or.jp/shrine/9805/
http://www.wikidata.org/entity/Q134886381,氷川大神社,https://www.saitama-jinjacho.or.jp/shrine/9806/
http://www.wikidata.org/entity/Q134886070,白髪神社,https://www.saitama-jinjacho.or.jp/shrine/9807/
http://www.wikidata.org/entity/Q134886882,大我井神社,https://www.saitama-jinjacho.or.jp/shrine/9808/
http://www.wikidata.org/entity/Q131900996,御嶽社,https://www.saitama-jinjacho.or.jp/shrine/9822/
http://www.wikidata.org/entity/Q131900995,八坂社,https://www.saitama-jinjacho.or.jp/shrine/9823/
http://www.wikidata.org/entity/Q134887294,女体神社,https://www.saitama-jinjacho.or.jp/shrine/9826/
http://www.wikidata.org/entity/Q134886962,前玉神社,https://www.saitama-jinjacho.or.jp/shrine/9833/
http://www.wikidata.org/entity/Q134885984,氷川神社,https://www.saitama-jinjacho.or.jp/shrine/9837/
http://www.wikidata.org/entity/Q131900986,愛宕社,https://www.saitama-jinjacho.or.jp/shrine/9840/
http://www.wikidata.org/entity/Q134886142,駒形神社,https://www.saitama-jinjacho.or.jp/shrine/9841/
http://www.wikidata.org/entity/Q134886144,雷神社,https://www.saitama-jinjacho.or.jp/shrine/9844/
http://www.wikidata.org/entity/Q134886312,多賀谷神社,https://www.saitama-jinjacho.or.jp/shrine/9846/
http://www.wikidata.org/entity/Q134887298,久伊豆神社,https://www.saitama-jinjacho.or.jp/shrine/9847/
http://www.wikidata.org/entity/Q134887132,旗井神社,https://www.saitama-jinjacho.or.jp/shrine/9853/
http://www.wikidata.org/entity/Q134886887,吉見神社,https://www.saitama-jinjacho.or.jp/shrine/9857/
http://www.wikidata.org/entity/Q134886315,八幡浅間神社,https://www.saitama-jinjacho.or.jp/shrine/9859/
http://www.wikidata.org/entity/Q131900992,香取神社,https://www.saitama-jinjacho.or.jp/shrine/9863/
http://www.wikidata.org/entity/Q134886791,熊野三神社,https://www.saitama-jinjacho.or.jp/shrine/9864/
http://www.wikidata.org/entity/Q134886492,阿夫利天神社,https://www.saitama-jinjacho.or.jp/shrine/9866/
http://www.wikidata.org/entity/Q134887169,城山稲荷神社,https://www.saitama-jinjacho.or.jp/shrine/9867/
http://www.wikidata.org/entity/Q134886668,愛宕神社,https://www.saitama-jinjacho.or.jp/shrine/9868/
http://www.wikidata.org/entity/Q134887002,八坂神社,https://www.saitama-jinjacho.or.jp/shrine/9869/
http://www.wikidata.org/entity/Q134886015,若電神社,https://www.saitama-jinjacho.or.jp/shrine/9871/
http://www.wikidata.org/entity/Q134886014,唐鈴神社,https://www.saitama-jinjacho.or.jp/shrine/9873/
http://www.wikidata.org/entity/Q131900990,横沼神社,https://www.saitama-jinjacho.or.jp/shrine/9882/
http://www.wikidata.org/entity/Q111692573,篠岡八幡大神社,https://www.saitama-jinjacho.or.jp/shrine/9905/
http://www.wikidata.org/entity/Q124482340,浮谷神社,https://www.saitama-jinjacho.or.jp/shrine/9906/
http://www.wikidata.org/entity/Q124482341,北野天満神社,https://www.saitama-jinjacho.or.jp/shrine/9913/
http://www.wikidata.org/entity/Q134887059,南市田神社,https://www.saitama-jinjacho.or.jp/shrine/9915/
http://www.wikidata.org/entity/Q124841476,冑山神社,https://www.saitama-jinjacho.or.jp/shrine/9916/
http://www.wikidata.org/entity/Q134887395,船木神社,https://www.saitama-jinjacho.or.jp/shrine/9919/
http://www.wikidata.org/entity/Q134887394,八幡若宮八幡神社,https://www.saitama-jinjacho.or.jp/shrine/9922/
http://www.wikidata.org/entity/Q134887058,渡唐神社,https://www.saitama-jinjacho.or.jp/shrine/9924/
http://www.wikidata.org/entity/Q134886237,雷電神社,https://www.saitama-jinjacho.or.jp/shrine/9925/
http://www.wikidata.org/entity/Q134886885,七社神社,https://www.saitama-jinjacho.or.jp/shrine/9926/
http://www.wikidata.org/entity/Q134887221,高根神社,https://www.saitama-jinjacho.or.jp/shrine/9928/
http://www.wikidata.org/entity/Q134887220,出雲乃伊波比神社,https://www.saitama-jinjacho.or.jp/shrine/9932/
http://www.wikidata.org/entity/Q134887393,飯玉神社,https://www.saitama-jinjacho.or.jp/shrine/9933/
http://www.wikidata.org/entity/Q134886245,諏訪山神社,https://www.saitama-jinjacho.or.jp/shrine/9939/
http://www.wikidata.org/entity/Q134887402,住吉神社,https://www.saitama-jinjacho.or.jp/shrine/9940/
http://www.wikidata.org/entity/Q134886721,生品神社,https://www.saitama-jinjacho.or.jp/shrine/9942/
http://www.wikidata.org/entity/Q134886246,浅間神社,https://www.saitama-jinjacho.or.jp/shrine/9945/
http://www.wikidata.org/entity/Q134886899,日吉大神荒神社,https://www.saitama-jinjacho.or.jp/shrine/9951/
http://www.wikidata.org/entity/Q134887111,四所神社,https://www.saitama-jinjacho.or.jp/shrine/9952/
http://www.wikidata.org/entity/Q134886725,雷電神社,https://www.saitama-jinjacho.or.jp/shrine/9954/
http://www.wikidata.org/entity/Q134887230,中瀬神社,https://www.saitama-jinjacho.or.jp/shrine/9955/
http://www.wikidata.org/entity/Q134887266,飯塚神社,https://www.saitama-jinjacho.or.jp/shrine/9972/
http://www.wikidata.org/entity/Q134886115,香取稲荷神社,https://www.saitama-jinjacho.or.jp/shrine/9973/
http://www.wikidata.org/entity/Q124482314,関白神社,https://www.saitama-jinjacho.or.jp/shrine/9982/
http://www.wikidata.org/entity/Q134887273,鷲宮神社,https://www.saitama-jinjacho.or.jp/shrine/9983/
http://www.wikidata.org/entity/Q134886727,五所神社,https://www.saitama-jinjacho.or.jp/shrine/9988/
http://www.wikidata.org/entity/Q134886571,伊奈利神社,https://www.saitama-jinjacho.or.jp/shrine/9991/
http://www.wikidata.org/entity/Q134887405,山神社,https://www.saitama-jinjacho.or.jp/shrine/9993/
http://www.wikidata.org/entity/Q134886723,常世岐姫神社,https://www.saitama-jinjacho.or.jp/shrine/9994/
http://www.wikidata.org/entity/Q134887404,八王子神社,https://www.saitama-jinjacho.or.jp/shrine/9995/
http://www.wikidata.org/entity/Q134886084,桑名野神社,https://www.saitama-jinjacho.or.jp/shrine/9997/
http://www.wikidata.org/entity/Q134886564,伊勢殿神社,https://www.saitama-jinjacho.or.jp/shrine/9998/
http://www.wikidata.org/entity/Q134886393,鷲宮神社,https://www.saitama-jinjacho.or.jp/shrine/10003/
http://www.wikidata.org/entity/Q134887073,八坂神社,https://www.saitama-jinjacho.or.jp/shrine/10004/
http://www.wikidata.org/entity/Q124496757,野々宮神社,https://www.gifu-jinjacho.jp/syosai.php?shrno=241
http://www.wikidata.org/entity/Q134886731,寅稲荷神社,https://www.saitama-jinjacho.or.jp/shrine/10005/
http://www.wikidata.org/entity/Q119929455,岡廼宮神社,https://www.saitama-jinjacho.or.jp/shrine/10006/
http://www.wikidata.org/entity/Q134887401,伊勢大神社,https://www.saitama-jinjacho.or.jp/shrine/10009/
http://www.wikidata.org/entity/Q134886900,横瀬神社,https://www.saitama-jinjacho.or.jp/shrine/10010/
http://www.wikidata.org/entity/Q134886392,二柱神社,https://www.saitama-jinjacho.or.jp/shrine/10011/
http://www.wikidata.org/entity/Q134886578,菅原神社,https://www.saitama-jinjacho.or.jp/shrine/10014/
http://www.wikidata.org/entity/Q134887413,白山神社,https://www.saitama-jinjacho.or.jp/shrine/10015/
http://www.wikidata.org/entity/Q134886730,岡部神社,https://www.saitama-jinjacho.or.jp/shrine/10016/
http://www.wikidata.org/entity/Q134887082,藤田神社,https://www.saitama-jinjacho.or.jp/shrine/10017/
http://www.wikidata.org/entity/Q134886402,浅間大神社,https://www.saitama-jinjacho.or.jp/shrine/10018/
http://www.wikidata.org/entity/Q134887240,二柱大神社,https://www.saitama-jinjacho.or.jp/shrine/10019/
http://www.wikidata.org/entity/Q134886093,白鬚神社,https://www.saitama-jinjacho.or.jp/shrine/10023/
http://www.wikidata.org/entity/Q134886259,気多神社,https://www.saitama-jinjacho.or.jp/shrine/10025/
http://www.wikidata.org/entity/Q134886903,大寄八幡大神社,https://www.saitama-jinjacho.or.jp/shrine/10026/
http://www.wikidata.org/entity/Q134886254,東照宮,https://www.saitama-jinjacho.or.jp/shrine/10031/
http://www.wikidata.org/entity/Q134886087,鷺栖神社,https://www.saitama-jinjacho.or.jp/shrine/10032/
http://www.wikidata.org/entity/Q134886728,棚田神社,https://www.saitama-jinjacho.or.jp/shrine/10033/
http://www.wikidata.org/entity/Q134887406,大宮神社,https://www.saitama-jinjacho.or.jp/shrine/10036/
http://www.wikidata.org/entity/Q124482336,三社神社,https://www.saitama-jinjacho.or.jp/shrine/10038/
http://www.wikidata.org/entity/Q134886401,和田神社,https://www.saitama-jinjacho.or.jp/shrine/10045/
http://www.wikidata.org/entity/Q134886117,子神社,https://www.saitama-jinjacho.or.jp/shrine/10049/
http://www.wikidata.org/entity/Q134886572,子安神社,https://www.saitama-jinjacho.or.jp/shrine/10050/
http://www.wikidata.org/entity/Q134887407,劔神社,https://www.saitama-jinjacho.or.jp/shrine/10056/
http://www.wikidata.org/entity/Q134887352,三社大神社,https://www.saitama-jinjacho.or.jp/shrine/10058/
http://www.wikidata.org/entity/Q119929466,護郷神社,https://www.saitama-jinjacho.or.jp/shrine/10062/
http://www.wikidata.org/entity/Q119929465,増森神社,https://www.saitama-jinjacho.or.jp/shrine/10063/
http://www.wikidata.org/entity/Q134887015,川崎神社,https://www.saitama-jinjacho.or.jp/shrine/10067/
http://www.wikidata.org/entity/Q134886025,市神神明社,https://www.saitama-jinjacho.or.jp/shrine/10073/
http://www.wikidata.org/entity/Q134886251,熊野神社,https://www.saitama-jinjacho.or.jp/shrine/10078/
http://www.wikidata.org/entity/Q134886902,治子神社,https://www.saitama-jinjacho.or.jp/shrine/10079/
http://www.wikidata.org/entity/Q134886893,知形神社,https://www.saitama-jinjacho.or.jp/shrine/10083/
http://www.wikidata.org/entity/Q134887063,白髭神社,https://www.saitama-jinjacho.or.jp/shrine/10084/
http://www.wikidata.org/entity/Q134887400,十二社神社,https://www.saitama-jinjacho.or.jp/shrine/10086/
http://www.wikidata.org/entity/Q134886386,春日神社,https://www.saitama-jinjacho.or.jp/shrine/10087/
http://www.wikidata.org/entity/Q134886892,坂上神社,https://www.saitama-jinjacho.or.jp/shrine/10088/
http://www.wikidata.org/entity/Q134886081,井椋神社,https://www.saitama-jinjacho.or.jp/shrine/10089/
http://www.wikidata.org/entity/Q134886888,佐太彦神社,https://www.saitama-jinjacho.or.jp/shrine/10093/
http://www.wikidata.org/entity/Q134886563,白山神社,https://www.saitama-jinjacho.or.jp/shrine/10094/
http://www.wikidata.org/entity/Q134886890,天神社,https://www.saitama-jinjacho.or.jp/shrine/10095/
http://www.wikidata.org/entity/Q134886241,波羅伊門神社,https://www.saitama-jinjacho.or.jp/shrine/10096/
http://www.wikidata.org/entity/Q134887060,春日神社,https://www.saitama-jinjacho.or.jp/shrine/10097/
http://www.wikidata.org/entity/Q134887398,羽黒神社,https://www.saitama-jinjacho.or.jp/shrine/10100/
http://www.wikidata.org/entity/Q134886384,熊野神社,https://www.saitama-jinjacho.or.jp/shrine/10101/
http://www.wikidata.org/entity/Q66105394,小被神社,https://www.saitama-jinjacho.or.jp/shrine/10102/
http://www.wikidata.org/entity/Q134886080,三嶋神社,https://www.saitama-jinjacho.or.jp/shrine/10103/
http://www.wikidata.org/entity/Q134886075,姥宮神社,https://www.saitama-jinjacho.or.jp/shrine/10104/
http://www.wikidata.org/entity/Q134886889,白髪神社,https://www.saitama-jinjacho.or.jp/shrine/10105/
http://www.wikidata.org/entity/Q134887062,矢弓神社,https://www.saitama-jinjacho.or.jp/shrine/10106/
http://www.wikidata.org/entity/Q134886077,兒泉神社,https://www.saitama-jinjacho.or.jp/shrine/10107/
http://www.wikidata.org/entity/Q134886079,波羅比門神社,https://www.saitama-jinjacho.or.jp/shrine/10108/
http://www.wikidata.org/entity/Q134886839,石神井神社,https://www.saitama-jinjacho.or.jp/shrine/10111/
http://www.wikidata.org/entity/Q134886200,女帝神社,https://www.saitama-jinjacho.or.jp/shrine/10117/
http://www.wikidata.org/entity/Q134887184,大竹神社,https://www.saitama-jinjacho.or.jp/shrine/10124/
http://www.wikidata.org/entity/Q134886396,関根神社,https://www.saitama-jinjacho.or.jp/shrine/10127/
http://www.wikidata.org/entity/Q11397359,前玉神社,https://www.saitama-jinjacho.or.jp/shrine/10129/
http://www.wikidata.org/entity/Q134886250,宇賀神社,https://www.saitama-jinjacho.or.jp/shrine/10130/
http://www.wikidata.org/entity/Q134887075,天満天神社,https://www.saitama-jinjacho.or.jp/shrine/10131/
http://www.wikidata.org/entity/Q134887409,藤間神社,https://www.saitama-jinjacho.or.jp/shrine/10132/
http://www.wikidata.org/entity/Q134886400,氷川神社,https://www.saitama-jinjacho.or.jp/shrine/10134/
http://www.wikidata.org/entity/Q134887013,伊南理神社,https://www.saitama-jinjacho.or.jp/shrine/10146/
http://www.wikidata.org/entity/Q119929461,八坂神社,https://www.saitama-jinjacho.or.jp/shrine/10149/
http://www.wikidata.org/entity/Q119929460,女体神社,https://www.saitama-jinjacho.or.jp/shrine/10151/
http://www.wikidata.org/entity/Q134887014,鹿島神社,https://www.saitama-jinjacho.or.jp/shrine/10155/
http://www.wikidata.org/entity/Q134886091,河原神社,https://www.saitama-jinjacho.or.jp/shrine/10166/
http://www.wikidata.org/entity/Q134886670,二柱神社,https://www.saitama-jinjacho.or.jp/shrine/10171/
http://www.wikidata.org/entity/Q134886498,智方神社,https://www.saitama-jinjacho.or.jp/shrine/10172/
http://www.wikidata.org/entity/Q134886013,一之神社,https://www.saitama-jinjacho.or.jp/shrine/10173/
http://www.wikidata.org/entity/Q134886495,熊野十二社神社,https://www.saitama-jinjacho.or.jp/shrine/10177/
http://www.wikidata.org/entity/Q134887000,滝瀬神社,https://www.saitama-jinjacho.or.jp/shrine/10181/
http://www.wikidata.org/entity/Q134886821,浅間神社,https://www.saitama-jinjacho.or.jp/shrine/10184/
http://www.wikidata.org/entity/Q134886502,御霊稲荷神社,https://www.saitama-jinjacho.or.jp/shrine/10185/
http://www.wikidata.org/entity/Q134886827,十二神社,https://www.saitama-jinjacho.or.jp/shrine/10186/
http://www.wikidata.org/entity/Q85882964,稲聚神社,https://www.saitama-jinjacho.or.jp/shrine/10189/
http://www.wikidata.org/entity/Q134886188,岩上神社,https://www.saitama-jinjacho.or.jp/shrine/10190/
http://www.wikidata.org/entity/Q134886189,種池神社,https://www.saitama-jinjacho.or.jp/shrine/10192/
http://www.wikidata.org/entity/Q134886018,石神神社,https://www.saitama-jinjacho.or.jp/shrine/10193/
http://www.wikidata.org/entity/Q134886020,日本神社,https://www.saitama-jinjacho.or.jp/shrine/10194/
http://www.wikidata.org/entity/Q134887007,若宮神社,https://www.saitama-jinjacho.or.jp/shrine/10198/
http://www.wikidata.org/entity/Q134886828,住吉神社,https://www.saitama-jinjacho.or.jp/shrine/10200/
http://www.wikidata.org/entity/Q134887173,天神社,https://www.saitama-jinjacho.or.jp/shrine/10201/
http://www.wikidata.org/entity/Q134886674,河原神社,https://www.saitama-jinjacho.or.jp/shrine/10202/
http://www.wikidata.org/entity/Q134886499,新蔵人神社,https://www.saitama-jinjacho.or.jp/shrine/10203/
http://www.wikidata.org/entity/Q134887006,駒形神社,https://www.saitama-jinjacho.or.jp/shrine/10204/
http://www.wikidata.org/entity/Q134886825,菅原神社,https://www.saitama-jinjacho.or.jp/shrine/10209/
http://www.wikidata.org/entity/Q70725130,天神社,https://www.saitama-jinjacho.or.jp/shrine/10210/
http://www.wikidata.org/entity/Q134886187,金窪神社,https://www.saitama-jinjacho.or.jp/shrine/10212/
http://www.wikidata.org/entity/Q134887005,黛神社,https://www.saitama-jinjacho.or.jp/shrine/10213/
http://www.wikidata.org/entity/Q134886339,嘉美神社,https://www.saitama-jinjacho.or.jp/shrine/10214/
http://www.wikidata.org/entity/Q134887004,熊野神社,https://www.saitama-jinjacho.or.jp/shrine/10215/
http://www.wikidata.org/entity/Q72727923,今城青坂稲実池上神社,https://www.saitama-jinjacho.or.jp/shrine/10216/
http://www.wikidata.org/entity/Q134887003,石神社,https://www.saitama-jinjacho.or.jp/shrine/10217/
http://www.wikidata.org/entity/Q134886016,七本木神社,https://www.saitama-jinjacho.or.jp/shrine/10218/
http://www.wikidata.org/entity/Q72727981,長幡部神社,https://www.saitama-jinjacho.or.jp/shrine/10220/
http://www.wikidata.org/entity/Q134886671,稲荷神社,https://www.saitama-jinjacho.or.jp/shrine/10224/
http://www.wikidata.org/entity/Q134886340,浅間神社,https://www.saitama-jinjacho.or.jp/shrine/10225/
http://www.wikidata.org/entity/Q134886826,三嶋神社,https://www.saitama-jinjacho.or.jp/shrine/10226/
http://www.wikidata.org/entity/Q134886834,西大澤神社,https://www.saitama-jinjacho.or.jp/shrine/10228/
http://www.wikidata.org/entity/Q134887344,松久神社,https://www.saitama-jinjacho.or.jp/shrine/10229/
http://www.wikidata.org/entity/Q134887009,甘粕神社,https://www.saitama-jinjacho.or.jp/shrine/10230/
http://www.wikidata.org/entity/Q134886346,雷電神社,https://www.saitama-jinjacho.or.jp/shrine/10231/
http://www.wikidata.org/entity/Q134886503,稲荷神社,https://www.saitama-jinjacho.or.jp/shrine/10233/
http://www.wikidata.org/entity/Q134886678,児玉神社,https://www.saitama-jinjacho.or.jp/shrine/10235/
http://www.wikidata.org/entity/Q69344711,河輪神社,https://www.saitama-jinjacho.or.jp/shrine/10236/
http://www.wikidata.org/entity/Q134886832,浅間神社,https://www.saitama-jinjacho.or.jp/shrine/10237/
http://www.wikidata.org/entity/Q134886679,初玉稲荷神社,https://www.saitama-jinjacho.or.jp/shrine/10239/
http://www.wikidata.org/entity/Q134886193,勝丸稲荷神社,https://www.saitama-jinjacho.or.jp/shrine/10240/
http://www.wikidata.org/entity/Q134887341,木宮神社,https://www.saitama-jinjacho.or.jp/shrine/10242/
http://www.wikidata.org/entity/Q72728268,今城青坂稲実池上神社,https://www.saitama-jinjacho.or.jp/shrine/10245/
http://www.wikidata.org/entity/Q134886191,小松神社,https://www.saitama-jinjacho.or.jp/shrine/10246/
http://www.wikidata.org/entity/Q134886343,御霊神社,https://www.saitama-jinjacho.or.jp/shrine/10248/
http://www.wikidata.org/entity/Q134887342,白岩神社,https://www.saitama-jinjacho.or.jp/shrine/10249/
http://www.wikidata.org/entity/Q134887343,八幡神社,https://www.saitama-jinjacho.or.jp/shrine/10250/
http://www.wikidata.org/entity/Q134886192,守神神社,https://www.saitama-jinjacho.or.jp/shrine/10251/
http://www.wikidata.org/entity/Q134887176,四阿山神社,https://www.saitama-jinjacho.or.jp/shrine/10252/
http://www.wikidata.org/entity/Q134886680,丹生神社,https://www.saitama-jinjacho.or.jp/shrine/10253/
http://www.wikidata.org/entity/Q128866692,伊奈利神社,https://www.saitama-jinjacho.or.jp/shrine/10257/
http://www.wikidata.org/entity/Q134886309,御霊神社,https://www.saitama-jinjacho.or.jp/shrine/10258/
http://www.wikidata.org/entity/Q128866696,桑崎三神社,https://www.saitama-jinjacho.or.jp/shrine/10260/
http://www.wikidata.org/entity/Q134887128,厳島神社,https://www.saitama-jinjacho.or.jp/shrine/10261/
http://www.wikidata.org/entity/Q135000833,八雲神社,https://www.saitama-jinjacho.or.jp/shrine/10263/
http://www.wikidata.org/entity/Q135000803,神明社,https://www.saitama-jinjacho.or.jp/shrine/10266/
http://www.wikidata.org/entity/Q134887295,護国神社,https://www.saitama-jinjacho.or.jp/shrine/10267/
http://www.wikidata.org/entity/Q128866705,田中神社,https://www.saitama-jinjacho.or.jp/shrine/10270/
http://www.wikidata.org/entity/Q134885983,鷲宮神社,https://www.saitama-jinjacho.or.jp/shrine/10272/
http://www.wikidata.org/entity/Q134885978,御嶽神社,https://www.saitama-jinjacho.or.jp/shrine/10273/
http://www.wikidata.org/entity/Q134886957,住吉神社,https://www.saitama-jinjacho.or.jp/shrine/10275/
http://www.wikidata.org/entity/Q134887129,大物忌神社,https://www.saitama-jinjacho.or.jp/shrine/10276/
http://www.wikidata.org/entity/Q134886459,白山神社,https://www.saitama-jinjacho.or.jp/shrine/10278/
http://www.wikidata.org/entity/Q134886787,香取神社,https://www.saitama-jinjacho.or.jp/shrine/10286/
http://www.wikidata.org/entity/Q128866700,神明神社,https://www.saitama-jinjacho.or.jp/shrine/10290/
http://www.wikidata.org/entity/Q134885980,豊武神社,https://www.saitama-jinjacho.or.jp/shrine/10291/
http://www.wikidata.org/entity/Q135000817,雷電神社,https://www.saitama-jinjacho.or.jp/shrine/10295/
http://www.wikidata.org/entity/Q135000787,避来矢神社,https://www.saitama-jinjacho.or.jp/shrine/10296/
http://www.wikidata.org/entity/Q134887296,常木神社,https://www.saitama-jinjacho.or.jp/shrine/10297/
http://www.wikidata.org/entity/Q134886306,千方神社,https://www.saitama-jinjacho.or.jp/shrine/10299/
http://www.wikidata.org/entity/Q128866694,稲荷神社,https://www.saitama-jinjacho.or.jp/shrine/10304/
http://www.wikidata.org/entity/Q134886575,日枝神社,https://www.saitama-jinjacho.or.jp/shrine/10314/
http://www.wikidata.org/entity/Q134887074,下忍神社,https://www.saitama-jinjacho.or.jp/shrine/10317/
http://www.wikidata.org/entity/Q134886394,伊奈利神社天神社合殿,https://www.saitama-jinjacho.or.jp/shrine/10319/
http://www.wikidata.org/entity/Q30934797,祖師野八幡宮,https://www.gifu-jinjacho.jp/syosai.php?shrno=300
http://www.wikidata.org/entity/Q11534024,柯柄八幡神社,https://www.gifu-jinjacho.jp/syosai.php?shrno=304
http://www.wikidata.org/entity/Q124496755,宮谷神明宮,https://www.gifu-jinjacho.jp/syosai.php?shrno=313
http://www.wikidata.org/entity/Q134927747,尾崎白山神社,https://www.gifu-jinjacho.jp/syosai.php?shrno=316
http://www.wikidata.org/entity/Q11369462,久津八幡宮,https://www.gifu-jinjacho.jp/syosai.php?shrno=321
http://www.wikidata.org/entity/Q43595110,絹丸神社,https://www.gifu-jinjacho.jp/syosai.php?shrno=348
http://www.wikidata.org/entity/Q11382602,佐久太神社,https://www.gifu-jinjacho.jp/syosai.php?shrno=350
http://www.wikidata.org/entity/Q11425559,坂祝神社,https://www.gifu-jinjacho.jp/syosai.php?shrno=362
http://www.wikidata.org/entity/Q11438610,大舩神社,https://www.gifu-jinjacho.jp/syosai.php?shrno=370
http://www.wikidata.org/entity/Q11657364,阿夫志奈神社,https://www.gifu-jinjacho.jp/syosai.php?shrno=424
http://www.wikidata.org/entity/Q11444530,太部古天神社,https://www.gifu-jinjacho.jp/syosai.php?shrno=431
http://www.wikidata.org/entity/Q11444532,太部神社,https://www.gifu-jinjacho.jp/syosai.php?shrno=446
http://www.wikidata.org/entity/Q11590500,神渕神社,https://www.gifu-jinjacho.jp/syosai.php?shrno=486
http://www.wikidata.org/entity/Q11434667,大山白山神社,https://www.gifu-jinjacho.jp/syosai.php?shrno=495
http://www.wikidata.org/entity/Q11590647,神田神社,https://www.gifu-jinjacho.jp/syosai.php?shrno=524
http://www.wikidata.org/entity/Q11447881,子守神社,https://www.gifu-jinjacho.jp/syosai.php?shrno=575
http://www.wikidata.org/entity/Q11376891,今尾神社,https://www.gifu-jinjacho.jp/syosai.php?shrno=643
http://www.wikidata.org/entity/Q11554418,治水神社,https://www.gifu-jinjacho.jp/syosai.php?shrno=719
http://www.wikidata.org/entity/Q11665977,飛鳥田神社,https://www.gifu-jinjacho.jp/syosai.php?shrno=768
http://www.wikidata.org/entity/Q11398477,加佐美神社,https://www.gifu-jinjacho.jp/syosai.php?shrno=780
http://www.wikidata.org/entity/Q11488771,御井神社,https://www.gifu-jinjacho.jp/syosai.php?shrno=811
http://www.wikidata.org/entity/Q11523053,村国真墨田神社,https://www.gifu-jinjacho.jp/syosai.php?shrno=829
http://www.wikidata.org/entity/Q134986819,愛宕神社,https://www.gifu-jinjacho.jp/syosai.php?shrno=837
http://www.wikidata.org/entity/Q135414646,熱田神社,https://www.gifu-jinjacho.jp/syosai.php?shrno=838
http://www.wikidata.org/entity/Q124496746,向山神社,https://www.gifu-jinjacho.jp/syosai.php?shrno=860
http://www.wikidata.org/entity/Q119929594,井神社,https://www.gifu-jinjacho.jp/syosai.php?shrno=861
http://www.wikidata.org/entity/Q124496749,伊岐神社,https://www.gifu-jinjacho.jp/syosai.php?shrno=888
http://www.wikidata.org/entity/Q11430893,多為神社,https://www.gifu-jinjacho.jp/syosai.php?shrno=898
http://www.wikidata.org/entity/Q870911,岐阜護国神社,https://www.gifu-jinjacho.jp/syosai.php?shrno=921
http://www.wikidata.org/entity/Q11564497,溝旗神社,https://www.gifu-jinjacho.jp/syosai.php?shrno=935
http://www.wikidata.org/entity/Q3517214,手力雄神社,https://www.gifu-jinjacho.jp/syosai.php?shrno=951
http://www.wikidata.org/entity/Q11380589,伊豆神社,https://www.gifu-jinjacho.jp/syosai.php?shrno=955
http://www.wikidata.org/entity/Q11547446,比奈守神社,https://www.gifu-jinjacho.jp/syosai.php?shrno=965
http://www.wikidata.org/entity/Q11617261,茜部神社,https://www.gifu-jinjacho.jp/syosai.php?shrno=971
http://www.wikidata.org/entity/Q11675806,鶉田神社,https://www.gifu-jinjacho.jp/syosai.php?shrno=980
http://www.wikidata.org/entity/Q134973531,六條神社,https://www.gifu-jinjacho.jp/syosai.php?shrno=997
http://www.wikidata.org/entity/Q283483,加納天満宮,https://www.gifu-jinjacho.jp/syosai.php?shrno=1014
http://www.wikidata.org/entity/Q3193694,橿森神社,https://www.gifu-jinjacho.jp/syosai.php?shrno=1021
http://www.wikidata.org/entity/Q11398753,加納八幡神社,https://www.gifu-jinjacho.jp/syosai.php?shrno=1023
http://www.wikidata.org/entity/Q3198277,金神社,https://www.gifu-jinjacho.jp/syosai.php?shrno=1024
http://www.wikidata.org/entity/Q11556358,津神社,https://www.gifu-jinjacho.jp/syosai.php?shrno=1029
http://www.wikidata.org/entity/Q11616586,若江神社,https://www.gifu-jinjacho.jp/syosai.php?shrno=1087
http://www.wikidata.org/entity/Q3317243,三輪神社,https://www.gifu-jinjacho.jp/syosai.php?shrno=1118
http://www.wikidata.org/entity/Q11379658,伊波乃西神社,https://www.gifu-jinjacho.jp/syosai.php?shrno=1164
http://www.wikidata.org/entity/Q11504365,方県津神社,https://www.gifu-jinjacho.jp/syosai.php?shrno=1181
http://www.wikidata.org/entity/Q11620951,葛懸神社,https://www.gifu-jinjacho.jp/syosai.php?shrno=1202
http://www.wikidata.org/entity/Q11437362,大津神社,https://www.gifu-jinjacho.jp/syosai.php?shrno=1252
http://www.wikidata.org/entity/Q134392373,朝浦八幡宮,https://www.gifu-jinjacho.jp/syosai.php?shrno=1254
http://www.wikidata.org/entity/Q105761341,山神社,https://www.aichi-jinjacho.or.jp/search_detail.html?id=01e4dae2-3993-4f2b-ad2b-6e5c87ceb88d
http://www.wikidata.org/entity/Q78321387,金刀比羅神社,https://www.aichi-jinjacho.or.jp/search_detail.html?id=03c42b3f-860d-449f-a527-ed19b56af0b5
http://www.wikidata.org/entity/Q11442440,天地社,https://www.aichi-jinjacho.or.jp/search_detail.html?id=03d74a3b-0a59-47d7-bbb2-d074842ebb83
http://www.wikidata.org/entity/Q11466128,山中八幡宮,https://www.aichi-jinjacho.or.jp/search_detail.html?id=08dd12b4-7bbc-4bb8-9557-48b7738b43d5
http://www.wikidata.org/entity/Q3571407,山田天満宮,https://www.aichi-jinjacho.or.jp/search_detail.html?id=09ef8ac1-8ef9-42e6-929e-60cb2aefeaf9
http://www.wikidata.org/entity/Q11537963,桜天神社,https://www.aichi-jinjacho.or.jp/search_detail.html?id=0a95a63f-b062-4583-9056-40425e561423
http://www.wikidata.org/entity/Q140605990,伊良湖神社,https://www.aichi-jinjacho.or.jp/search_detail.html?id=0b94eabd-d73c-4dfe-a35e-8a4f9787f148
http://www.wikidata.org/entity/Q11648178,針綱神社,https://www.aichi-jinjacho.or.jp/search_detail.html?id=0d7a62a6-fbe8-4552-a558-6643d5523bb9
http://www.wikidata.org/entity/Q106852389,羽豆神社,https://www.aichi-jinjacho.or.jp/search_detail.html?id=106b9211-b8cb-467a-9729-4c5cfd28374b
http://www.wikidata.org/entity/Q11672161,高田波蘇伎神社,https://www.aichi-jinjacho.or.jp/search_detail.html?id=115af7e0-a784-4ac1-88d8-ee492a86d982
http://www.wikidata.org/entity/Q20045106,菅生神社,https://www.aichi-jinjacho.or.jp/search_detail.html?id=14097c28-7474-4893-b630-5dd7d000715e
http://www.wikidata.org/entity/Q11565409,漆部神社,https://www.aichi-jinjacho.or.jp/search_detail.html?id=155943db-0480-4906-934d-66fd9653be92
http://www.wikidata.org/entity/Q20982935,浅間神社,https://www.aichi-jinjacho.or.jp/search_detail.html?id=15b89790-9a49-4081-ad42-56764d1a84f6
http://www.wikidata.org/entity/Q108104812,八事神社,https://www.aichi-jinjacho.or.jp/search_detail.html?id=15e222ed-c8ab-43b2-a927-26c0e50193d8
http://www.wikidata.org/entity/Q98684469,島田神社,https://www.aichi-jinjacho.or.jp/search_detail.html?id=16509447-fb91-43c1-8376-e48ae592d23d
http://www.wikidata.org/entity/Q81030642,豊川進雄神社,https://www.aichi-jinjacho.or.jp/search_detail.html?id=1658651b-a14f-4380-9119-205f8e194432
http://www.wikidata.org/entity/Q17226214,神前神社,https://www.aichi-jinjacho.or.jp/search_detail.html?id=1b67d876-7888-4dc1-ac43-2731c1e563ed
http://www.wikidata.org/entity/Q59545982,西古渡神社,https://www.aichi-jinjacho.or.jp/search_detail.html?id=1c96d88d-0c2a-4477-b5bc-572847b03805
http://www.wikidata.org/entity/Q3335117,名古屋東照宮,https://www.aichi-jinjacho.or.jp/search_detail.html?id=1dd68b61-8198-49e7-950d-5b58da15da11
http://www.wikidata.org/entity/Q107355498,南陽神社,https://www.aichi-jinjacho.or.jp/search_detail.html?id=1f91bfd6-e33a-4598-9126-4a8490bc9479
http://www.wikidata.org/entity/Q3482375,城山八幡宮,https://www.aichi-jinjacho.or.jp/search_detail.html?id=247a7b7b-ebae-4bd4-a86e-54c63e93e543
http://www.wikidata.org/entity/Q11636841,足助八幡宮,https://www.aichi-jinjacho.or.jp/search_detail.html?id=260e9d46-6702-4689-afd6-5ef13e7ff2a8
http://www.wikidata.org/entity/Q123222277,入海神社,https://www.aichi-jinjacho.or.jp/search_detail.html?id=277f3a23-f22a-4c65-adc5-52a4b6dff81e
http://www.wikidata.org/entity/Q28690064,犬頭神社,https://www.aichi-jinjacho.or.jp/search_detail.html?id=28c3ba90-7102-458d-b70a-a544b09b8436
http://www.wikidata.org/entity/Q108764454,冨士天満社,https://www.aichi-jinjacho.or.jp/search_detail.html?id=290c1576-7e7d-4877-a637-8b8ca6a1b866
http://www.wikidata.org/entity/Q4696584,愛知縣護國神社,https://www.aichi-jinjacho.or.jp/search_detail.html?id=297a8487-2b58-461a-950f-153d5602236a
http://www.wikidata.org/entity/Q135982519,藤江神社,https://www.aichi-jinjacho.or.jp/search_detail.html?id=2a386519-1feb-450d-af19-3dd5f4ce6cb5
http://www.wikidata.org/entity/Q11646128,野見神社,https://www.aichi-jinjacho.or.jp/search_detail.html?id=2b4874f3-859e-4a14-bfe4-0a6599df97cf
http://www.wikidata.org/entity/Q11576210,田光八幡社,https://www.aichi-jinjacho.or.jp/search_detail.html?id=2bad33c9-5a45-4cf8-80c9-e6caa2c900e6
http://www.wikidata.org/entity/Q11664821,須賀神社,https://www.aichi-jinjacho.or.jp/search_detail.html?id=2c0837f6-9656-4e61-927f-75b2bef45699
http://www.wikidata.org/entity/Q85884332,阿具麻神社,https://www.aichi-jinjacho.or.jp/search_detail.html?id=315f11dd-9400-401d-86dc-200bc9847c01
http://www.wikidata.org/entity/Q96820108,八王子神社,https://www.aichi-jinjacho.or.jp/search_detail.html?id=343c74d9-cbea-4d81-8739-da0fc124535a
http://www.wikidata.org/entity/Q48763365,布智神社,https://www.aichi-jinjacho.or.jp/search_detail.html?id=35f71edd-7dc5-4e5f-97e4-1a7484aa572c
http://www.wikidata.org/entity/Q65271027,本刈谷神社,https://www.aichi-jinjacho.or.jp/search_detail.html?id=36bda651-a8b4-420e-bd94-b31cd44a03e4
http://www.wikidata.org/entity/Q104243396,神明大一社,https://www.aichi-jinjacho.or.jp/search_detail.html?id=3776f32a-5c67-47a0-9c59-0d3da5f4d289
http://www.wikidata.org/entity/Q27595500,琴平神社,https://www.aichi-jinjacho.or.jp/search_detail.html?id=38201fa9-d1a2-4564-94c8-914f17ac8d0b
http://www.wikidata.org/entity/Q11429969,夏山八幡宮,https://www.aichi-jinjacho.or.jp/search_detail.html?id=38e85238-77ed-454e-91ae-f84b8063db17
http://www.wikidata.org/entity/Q705136,津島神社,https://www.aichi-jinjacho.or.jp/search_detail.html?id=3a1f0225-e8bb-45ea-882f-f0e7d03423a0
http://www.wikidata.org/entity/Q11388642,児ノ口社,https://www.aichi-jinjacho.or.jp/search_detail.html?id=3a7b8a77-5677-43c8-bcb3-124bc40480fb
http://www.wikidata.org/entity/Q28690058,糟目犬頭神社,https://www.aichi-jinjacho.or.jp/search_detail.html?id=3aa75cad-682b-4966-bd5c-a880bcab6712
http://www.wikidata.org/entity/Q11431887,大久佐八幡宮,https://www.aichi-jinjacho.or.jp/search_detail.html?id=3acb70eb-7af8-43fd-91ba-b71928e90f1c
http://www.wikidata.org/entity/Q11417045,味鋺神社,https://www.aichi-jinjacho.or.jp/search_detail.html?id=3bdb0ec0-427a-428e-b9e7-181c9742befc
http://www.wikidata.org/entity/Q22120898,別小江神社,https://www.aichi-jinjacho.or.jp/search_detail.html?id=422c7cef-b252-4b6f-a9d0-6084991ad411
http://www.wikidata.org/entity/Q54153254,新川神社,https://www.aichi-jinjacho.or.jp/search_detail.html?id=44070de7-7219-490c-a492-a08b9f11773a
http://www.wikidata.org/entity/Q11379315,伊奴神社,https://www.aichi-jinjacho.or.jp/search_detail.html?id=4794517f-25db-496f-b518-5f076b71d513
http://www.wikidata.org/entity/Q17995113,瀬門神社,https://www.aichi-jinjacho.or.jp/search_detail.html?id=48734797-b414-4811-8734-c207d36400f2
http://www.wikidata.org/entity/Q546197,大神神社,https://www.aichi-jinjacho.or.jp/search_detail.html?id=4c470062-dc28-44b7-ba2c-a7edd1882b03
http://www.wikidata.org/entity/Q81504019,不乗森神社,https://www.aichi-jinjacho.or.jp/search_detail.html?id=4cc12007-858d-415e-8bfe-2d629752745d
http://www.wikidata.org/entity/Q18235752,物部神社,https://www.aichi-jinjacho.or.jp/search_detail.html?id=4cce5ca1-6d91-4d07-8a72-b98a77db352c
http://www.wikidata.org/entity/Q110813522,八幡宮,https://www.aichi-jinjacho.or.jp/search_detail.html?id=4dff365c-e451-4efd-8102-a82136888f98
http://www.wikidata.org/entity/Q59282631,白山宮,https://www.aichi-jinjacho.or.jp/search_detail.html?id=4e6de147-c3fc-4a41-a4c9-3fdae64f1b1e
http://www.wikidata.org/entity/Q11565118,滝山東照宮,https://www.aichi-jinjacho.or.jp/search_detail.html?id=50264d4f-2756-4977-b647-6d66af1c8541
http://www.wikidata.org/entity/Q65277289,秋葉神社,https://www.aichi-jinjacho.or.jp/search_detail.html?id=5189f126-a55b-424c-bd78-a6e1350c4a31
http://www.wikidata.org/entity/Q108133372,素盞男社,https://www.aichi-jinjacho.or.jp/search_detail.html?id=53d0624f-32fc-4457-b829-970c6530939c
http://www.wikidata.org/entity/Q126018388,今川八幡宮,https://www.aichi-jinjacho.or.jp/search_detail.html?id=54a7119a-4b81-461b-a249-054d87ece389
http://www.wikidata.org/entity/Q24898358,吉田神社,https://www.aichi-jinjacho.or.jp/search_detail.html?id=58d00ee5-7cc3-4b26-8072-bc39773f3b8d
http://www.wikidata.org/entity/Q11390594,八剱神社,https://www.aichi-jinjacho.or.jp/search_detail.html?id=59309d4f-2714-495c-bf43-3e5ce8fdb64d
http://www.wikidata.org/entity/Q11603933,籠守勝手神社,https://www.aichi-jinjacho.or.jp/search_detail.html?id=594aabad-91fd-4787-8743-43c4398f666d
http://www.wikidata.org/entity/Q131470088,三條神社,https://www.aichi-jinjacho.or.jp/search_detail.html?id=5c3b50f5-4f94-418f-a6ac-8b6df251bef3
http://www.wikidata.org/entity/Q3439900,六所神社,https://www.aichi-jinjacho.or.jp/search_detail.html?id=5d62b945-0802-46de-8fbc-f5779706addd
http://www.wikidata.org/entity/Q3109957,御器所八幡宮,https://www.aichi-jinjacho.or.jp/search_detail.html?id=5e21e30d-8655-4f37-9a7e-9a2f056dc9ab
http://www.wikidata.org/entity/Q64524645,櫻井神社,https://www.aichi-jinjacho.or.jp/search_detail.html?id=5e370138-a1cc-4401-975d-fb7cd512456b
http://www.wikidata.org/entity/Q97342036,武雄神社,https://www.aichi-jinjacho.or.jp/search_detail.html?id=5f769bba-233d-4261-8a03-dbc80476b2ee
http://www.wikidata.org/entity/Q68665227,伊知多神社,https://www.aichi-jinjacho.or.jp/search_detail.html?id=5fd7702c-d106-433c-9c61-3a61e1e7e745
http://www.wikidata.org/entity/Q11457322,富部神社,https://www.aichi-jinjacho.or.jp/search_detail.html?id=61889218-ea04-4124-b69e-48b67fb8282e
http://www.wikidata.org/entity/Q11472835,岡崎天満宮,https://www.aichi-jinjacho.or.jp/search_detail.html?id=64e5ec85-6ada-4b6e-b220-9d0adae327fb
http://www.wikidata.org/entity/Q11425165,坂手神社,https://www.aichi-jinjacho.or.jp/search_detail.html?id=652dfda5-bf77-4785-a07b-dbe6acf38ffc
http://www.wikidata.org/entity/Q11679222,龍城神社,https://www.aichi-jinjacho.or.jp/search_detail.html?id=6589adfa-e943-4496-b911-b4994dbefae6
http://www.wikidata.org/entity/Q97199573,愛宕神社,https://www.aichi-jinjacho.or.jp/search_detail.html?id=66247ce7-61ed-4778-b2d2-04897cdb3318
http://www.wikidata.org/entity/Q3335115,那古野神社,https://www.aichi-jinjacho.or.jp/search_detail.html?id=66c1a977-dc15-490c-8fad-23470f086ec8
http://www.wikidata.org/entity/Q66371859,岩船神社,https://www.aichi-jinjacho.or.jp/search_detail.html?id=681001f3-3dc9-4772-8962-a5d0dd08cd24
http://www.wikidata.org/entity/Q11620515,萱津神社,https://www.aichi-jinjacho.or.jp/search_detail.html?id=6a30a721-87c4-4677-8540-2697556c091d
http://www.wikidata.org/entity/Q11622483,薬玉神社,https://www.aichi-jinjacho.or.jp/search_detail.html?id=6b056cd9-dbdf-4bfb-9022-8c9bafbe7574
http://www.wikidata.org/entity/Q54153251,市原稲荷神社,https://www.aichi-jinjacho.or.jp/search_detail.html?id=6c0fa6cd-a495-43d0-8239-fc55ae1f9dd2
http://www.wikidata.org/entity/Q11596632,稲木神社,https://www.aichi-jinjacho.or.jp/search_detail.html?id=70b42b16-cf2f-4f02-b68d-371e9e2768e6
http://www.wikidata.org/entity/Q11457944,寺津八幡社,https://www.aichi-jinjacho.or.jp/search_detail.html?id=71ce9129-723a-4401-8249-c0868034c6eb
http://www.wikidata.org/entity/Q111317946,榊森白山社,https://www.aichi-jinjacho.or.jp/search_detail.html?id=723731d9-3c68-4538-b5e2-37d468768ac1
http://www.wikidata.org/entity/Q11512981,星神社,https://www.aichi-jinjacho.or.jp/search_detail.html?id=7407c050-a071-4abb-9720-1ed1c7fee089
http://www.wikidata.org/entity/Q11571214,犬山神社,https://www.aichi-jinjacho.or.jp/search_detail.html?id=751c3473-7f60-4098-9611-0232fe0a3aec
http://www.wikidata.org/entity/Q56489841,深島神社,https://www.aichi-jinjacho.or.jp/search_detail.html?id=7988c085-2e27-44f2-b8c8-72b5c239e2f6
http://www.wikidata.org/entity/Q98557193,寶田社,https://www.aichi-jinjacho.or.jp/search_detail.html?id=7f653d84-9923-4837-98c8-2909df280da4
http://www.wikidata.org/entity/Q11360577,下中八幡宮,https://www.aichi-jinjacho.or.jp/search_detail.html?id=80c7beff-a8f5-4382-955d-dcd43bc02c4d
http://www.wikidata.org/entity/Q11434436,大宮浅間神社,https://www.aichi-jinjacho.or.jp/search_detail.html?id=82108c74-f208-4d90-8d58-acafd5ef0694
http://www.wikidata.org/entity/Q97754579,貴船神明社,https://www.aichi-jinjacho.or.jp/search_detail.html?id=85217525-c914-4ccd-85f1-0ee5bb17a9fe
http://www.wikidata.org/entity/Q28685020,平川神明社,https://www.aichi-jinjacho.or.jp/search_detail.html?id=86045aee-8b82-41ac-9c87-53930e87de10
http://www.wikidata.org/entity/Q11459557,小塞神社,https://www.aichi-jinjacho.or.jp/search_detail.html?id=8610089f-8f05-42d6-a1dc-564fc05b98f4
http://www.wikidata.org/entity/Q11512854,星宮社,https://www.aichi-jinjacho.or.jp/search_detail.html?id=861b90ec-1dc2-4c0e-b3f2-7ff93f9bc502
http://www.wikidata.org/entity/Q100544140,澁川神社,https://www.aichi-jinjacho.or.jp/search_detail.html?id=863a5556-f7a0-400a-90f7-a6e8fdc6ec87
http://www.wikidata.org/entity/Q22117970,上地八幡宮,https://www.aichi-jinjacho.or.jp/search_detail.html?id=863dc8ec-be01-4102-987a-fc9b3e6778f8
http://www.wikidata.org/entity/Q28685064,岩田八幡宮,https://www.aichi-jinjacho.or.jp/search_detail.html?id=87c5c6f5-9ed0-465e-a331-a29e764c1917
http://www.wikidata.org/entity/Q11538058,桜形神社,https://www.aichi-jinjacho.or.jp/search_detail.html?id=89e9ba69-14c7-44e3-a998-7631c3785dd4
http://www.wikidata.org/entity/Q60297838,三輪神社,https://www.aichi-jinjacho.or.jp/search_detail.html?id=8a1a0ab9-8d83-4ec8-9c84-8ff94efbdf2e
http://www.wikidata.org/entity/Q11570263,牟山神社,https://www.aichi-jinjacho.or.jp/search_detail.html?id=8a646451-07d4-4a05-a95e-9c5a640dcf6d
http://www.wikidata.org/entity/Q68999206,服織神社,https://www.aichi-jinjacho.or.jp/search_detail.html?id=8c32bedb-39db-494a-b92e-8c14a21e5e0a
http://www.wikidata.org/entity/Q28692008,長瀬八幡宮,https://www.aichi-jinjacho.or.jp/search_detail.html?id=8c45ba45-79ad-4c5e-b304-b8a519b0510f
http://www.wikidata.org/entity/Q11465315,尾張神社,https://www.aichi-jinjacho.or.jp/search_detail.html?id=8c99477b-9f26-41f2-92db-9a8593d6ed42
http://www.wikidata.org/entity/Q11439718,大野神社,https://www.aichi-jinjacho.or.jp/search_detail.html?id=8ce72bae-ae03-4716-bea0-a811a47f0b20
http://www.wikidata.org/entity/Q79067646,坂下神社,https://www.aichi-jinjacho.or.jp/search_detail.html?id=8d6b2ccc-5af9-4302-8d4a-5cb2e42f8eb0
http://www.wikidata.org/entity/Q139584513,油江天神社,https://www.aichi-jinjacho.or.jp/search_detail.html?id=9198ee04-01c6-4279-a1a5-4784ef0c4b0d
http://www.wikidata.org/entity/Q56452776,大井神社,https://www.aichi-jinjacho.or.jp/search_detail.html?id=946f4462-9223-4432-a6dd-34d397579b23
http://www.wikidata.org/entity/Q11538181,桜神明社,https://www.aichi-jinjacho.or.jp/search_detail.html?id=960f2c4c-e8b4-4992-9fb2-d43597e90f86
http://www.wikidata.org/entity/Q65269150,挙母神社,https://www.aichi-jinjacho.or.jp/search_detail.html?id=9818cf07-80cf-40d5-a953-444dea56d56a
http://www.wikidata.org/entity/Q123859593,灰寶神社,https://www.aichi-jinjacho.or.jp/search_detail.html?id=98ceb6da-2a82-44e2-ba42-d53ea6e114ab
http://www.wikidata.org/entity/Q48758612,野田八幡宮,https://www.aichi-jinjacho.or.jp/search_detail.html?id=99262c7f-6eec-4ec6-b656-cf6c62510e1a
http://www.wikidata.org/entity/Q11517375,朝宮神社,https://www.aichi-jinjacho.or.jp/search_detail.html?id=99d5ba77-83a7-4ea4-9b52-83d2d07bb8aa
http://www.wikidata.org/entity/Q3530344,砥鹿神社,https://www.aichi-jinjacho.or.jp/search_detail.html?id=9ab4867f-e854-4316-842c-4c65d0572aea
http://www.wikidata.org/entity/Q128766771,八剱社,https://www.aichi-jinjacho.or.jp/search_detail.html?id=9c2f1267-a2b1-4684-b384-d3fdb3fb6274
http://www.wikidata.org/entity/Q17210730,丸山神明社,https://www.aichi-jinjacho.or.jp/search_detail.html?id=9dfba40e-fd2c-4036-b26c-61e8afa3db73
http://www.wikidata.org/entity/Q28685922,老津神社,https://www.aichi-jinjacho.or.jp/search_detail.html?id=9eb2fc87-eef5-45a9-8e44-dcb54a365895
http://www.wikidata.org/entity/Q11391232,八所社・熊野社合殿,https://www.aichi-jinjacho.or.jp/search_detail.html?id=9efc05ce-c015-4938-9783-21dad8cb1038
http://www.wikidata.org/entity/Q22120105,羊神社,https://www.aichi-jinjacho.or.jp/search_detail.html?id=a0c2e571-96b0-4b93-bdc0-1dec81d180f0
http://www.wikidata.org/entity/Q18991609,賀茂神社,https://www.aichi-jinjacho.or.jp/search_detail.html?id=a1458b34-3336-422a-adc2-a9cb701a048b
http://www.wikidata.org/entity/Q11656548,闇之森八幡社,https://www.aichi-jinjacho.or.jp/search_detail.html?id=a55bd2b4-7865-477d-8ddc-60e47e0dd49b
http://www.wikidata.org/entity/Q11675284,東照宮,https://www.aichi-jinjacho.or.jp/search_detail.html?id=a7fe9918-0a1d-4474-af45-7cfaefe18f8c
http://www.wikidata.org/entity/Q97181502,八王子社,https://www.aichi-jinjacho.or.jp/search_detail.html?id=a8968587-5465-47f9-b30f-59283800d642
http://www.wikidata.org/entity/Q22117916,稲前神社,https://www.aichi-jinjacho.or.jp/search_detail.html?id=a97b5d3e-efe8-45ee-b4cf-72194ecb6611
http://www.wikidata.org/entity/Q11584639,知立神社,https://www.aichi-jinjacho.or.jp/search_detail.html?id=a98a3502-e907-4839-9f1e-1a99f0871fdc
http://www.wikidata.org/entity/Q115866031,八剱社,https://www.aichi-jinjacho.or.jp/search_detail.html?id=ab0d0b47-fa87-405c-a8c8-d53855ecf171
http://www.wikidata.org/entity/Q11644372,酒見神社,https://www.aichi-jinjacho.or.jp/search_detail.html?id=ac32d76b-498d-42fb-9903-81380b7d369c
http://www.wikidata.org/entity/Q11580647,白龍神社,https://www.aichi-jinjacho.or.jp/search_detail.html?id=aca82226-dd58-4c84-be79-3c2a6991a05a
http://www.wikidata.org/entity/Q705916,真清田神社,https://www.aichi-jinjacho.or.jp/search_detail.html?id=ad0d4b1f-be33-4e2f-94b0-7c148dc0937a
http://www.wikidata.org/entity/Q11360314,上野天満宮,https://www.aichi-jinjacho.or.jp/search_detail.html?id=ad26b7b6-ee19-4bb9-b3a0-a94d4b16e46d
http://www.wikidata.org/entity/Q97819166,船津神社,https://www.aichi-jinjacho.or.jp/search_detail.html?id=ad6cf6b8-9b34-4bff-acad-c70882045a1d
http://www.wikidata.org/entity/Q11430658,多奈波太神社,https://www.aichi-jinjacho.or.jp/search_detail.html?id=ae13eb1b-c503-49cf-b789-385d5800087a
http://www.wikidata.org/entity/Q3194327,川原神社,https://www.aichi-jinjacho.or.jp/search_detail.html?id=aee00955-815a-43e0-afc9-4e87ea2ca6b6
http://www.wikidata.org/entity/Q60333063,綿神社,https://www.aichi-jinjacho.or.jp/search_detail.html?id=af716125-3d85-4c5a-827f-8b827807b0de
http://www.wikidata.org/entity/Q75009351,朝日神社,https://www.aichi-jinjacho.or.jp/search_detail.html?id=b15922be-59a7-4bbd-b4ae-312d66111308
http://www.wikidata.org/entity/Q11633364,豊國神社,https://www.aichi-jinjacho.or.jp/search_detail.html?id=b1a7bc30-f1ad-42a4-91eb-e0431c9d7819
http://www.wikidata.org/entity/Q11475335,岩津天満宮,https://www.aichi-jinjacho.or.jp/search_detail.html?id=b3dba331-3835-40ae-97cb-2491baadf9c7
http://www.wikidata.org/entity/Q105974885,赤星神社,https://www.aichi-jinjacho.or.jp/search_detail.html?id=b438631f-8fdb-4e63-855b-6386c0c4b31c
http://www.wikidata.org/entity/Q11495515,成海神社,https://www.aichi-jinjacho.or.jp/search_detail.html?id=b5a1b2f7-94dc-4ee2-991c-361358f8809c
http://www.wikidata.org/entity/Q11404278,北野天神社,https://www.aichi-jinjacho.or.jp/search_detail.html?id=b76f1284-25c1-473d-aa24-0ce99f4063e7
http://www.wikidata.org/entity/Q97186242,尾張三社,https://www.aichi-jinjacho.or.jp/search_detail.html?id=bb6a7061-5c13-4eca-afac-388c7b03fdaa
http://www.wikidata.org/entity/Q138715855,津賀田神社,https://www.aichi-jinjacho.or.jp/search_detail.html?id=bc5be850-b4a2-4291-9a58-37b96857e27c
http://www.wikidata.org/entity/Q56489665,大我麻神社,https://www.aichi-jinjacho.or.jp/search_detail.html?id=bc6b2f98-60da-48c6-b0f0-7c3650cd2b55
http://www.wikidata.org/entity/Q140521466,阿久比神社,https://www.aichi-jinjacho.or.jp/search_detail.html?id=bd66cade-2e39-4eea-bee8-4808b74ff20a
http://www.wikidata.org/entity/Q11397050,前利神社,https://www.aichi-jinjacho.or.jp/search_detail.html?id=c00b3ced-b5d1-4bdc-acc9-0f3dcaf68250
http://www.wikidata.org/entity/Q11648156,針名神社,https://www.aichi-jinjacho.or.jp/search_detail.html?id=c00fc9ff-0190-417a-a28f-b5d58c037a42
http://www.wikidata.org/entity/Q17216999,菟足神社,https://www.aichi-jinjacho.or.jp/search_detail.html?id=c05c39d8-3faf-4a75-8580-2cf55a53ef76
http://www.wikidata.org/entity/Q30921588,明治川神社,https://www.aichi-jinjacho.or.jp/search_detail.html?id=c0bfa674-b1bf-479b-8dbc-87bc976b5d17
http://www.wikidata.org/entity/Q26972768,山神神社,https://www.aichi-jinjacho.or.jp/search_detail.html?id=c222a3b9-7999-4fa5-a4f0-6f9370807b49
http://www.wikidata.org/entity/Q106852410,津具八幡宮,https://www.aichi-jinjacho.or.jp/search_detail.html?id=c2978891-1bfa-4f9d-b996-87cb31308695
http://www.wikidata.org/entity/Q135982522,伊久智神社,https://www.aichi-jinjacho.or.jp/search_detail.html?id=c6658778-2b85-42cf-a46a-273e8cee0d94
http://www.wikidata.org/entity/Q97176686,諏訪南宮神社,https://www.aichi-jinjacho.or.jp/search_detail.html?id=c708d08e-06b2-41f4-88ce-0899d35f4a62
http://www.wikidata.org/entity/Q110240610,伊文神社,https://www.aichi-jinjacho.or.jp/search_detail.html?id=c70d907d-17e3-4d25-8dba-5f3bb6e3074d
http://www.wikidata.org/entity/Q11668667,高之御前神社,https://www.aichi-jinjacho.or.jp/search_detail.html?id=cc160ab0-0e9f-45f3-bba0-d0e290869096
http://www.wikidata.org/entity/Q82049531,椿神明社,https://www.aichi-jinjacho.or.jp/search_detail.html?id=cc452fbd-3277-40cc-9739-1748044e25b7
http://www.wikidata.org/entity/Q11580597,白鳥神社,https://www.aichi-jinjacho.or.jp/search_detail.html?id=ccb37ec0-ef58-42d6-8d2c-c6575afb4f5b
http://www.wikidata.org/entity/Q11678904,黒須雲神社,https://www.aichi-jinjacho.or.jp/search_detail.html?id=cd8cb6fd-1563-4987-ac8d-22e78e6924df
http://www.wikidata.org/entity/Q17224724,桶狭間神明社,https://www.aichi-jinjacho.or.jp/search_detail.html?id=ce6f428c-4e35-4291-b526-263c46fde969
http://www.wikidata.org/entity/Q11400328,勝手社,https://www.aichi-jinjacho.or.jp/search_detail.html?id=d3622e3e-132d-458e-a939-f43410ebeb8f
http://www.wikidata.org/entity/Q131412293,八平神社,https://www.aichi-jinjacho.or.jp/search_detail.html?id=d832b463-f63c-4018-8332-93b078bd96d9
http://www.wikidata.org/entity/Q134893115,八所神社,https://www.aichi-jinjacho.or.jp/search_detail.html?id=d8e7ddcd-eed7-41ef-80e4-fd2b7cbd6805
http://www.wikidata.org/entity/Q108133317,蝮ヶ池八幡宮,https://www.aichi-jinjacho.or.jp/search_detail.html?id=d99bba4e-f05f-48b6-8ce5-5380a46c37a0
http://www.wikidata.org/entity/Q11625386,虫鹿神社,https://www.aichi-jinjacho.or.jp/search_detail.html?id=da4be71c-2c70-40d4-a497-7d22035ae9b1
http://www.wikidata.org/entity/Q104525767,牛毛神社,https://www.aichi-jinjacho.or.jp/search_detail.html?id=db7d199a-e978-4675-bfa6-0fa46c8a3730
http://www.wikidata.org/entity/Q100964781,鹿嶋神社,https://www.aichi-jinjacho.or.jp/search_detail.html?id=db99c066-21a1-4523-a4fe-ef8dc3c318a7
http://www.wikidata.org/entity/Q60441200,泥江縣神社,https://www.aichi-jinjacho.or.jp/search_detail.html?id=db9f9c4c-4d7e-423f-bf20-5e77f248d3ce
http://www.wikidata.org/entity/Q109595908,齋山稲荷社,https://www.aichi-jinjacho.or.jp/search_detail.html?id=dca2a3b4-dbda-4671-8f69-6f0ee8d6f2ae
http://www.wikidata.org/entity/Q99485303,六所宮,https://www.aichi-jinjacho.or.jp/search_detail.html?id=dca4e09e-80a6-4ce0-9918-c11f928283bf
http://www.wikidata.org/entity/Q62278272,住吉社,https://www.aichi-jinjacho.or.jp/search_detail.html?id=dd8c6c02-110b-4422-8e65-6623740547ef
http://www.wikidata.org/entity/Q24873126,和志取神社,https://www.aichi-jinjacho.or.jp/search_detail.html?id=ddd3c685-d7cb-41e9-9218-a4cd7718e21b
http://www.wikidata.org/entity/Q11380641,伊賀八幡宮,https://www.aichi-jinjacho.or.jp/search_detail.html?id=e221d7b5-53ef-4cf3-91aa-163b734987c0
http://www.wikidata.org/entity/Q11379270,伊多波刀神社,https://www.aichi-jinjacho.or.jp/search_detail.html?id=e2fad1ed-d57d-4cda-a215-998d968f2c93
http://www.wikidata.org/entity/Q85881136,村木神社,https://www.aichi-jinjacho.or.jp/search_detail.html?id=e39ac929-cb00-411a-a061-117aabf23eb1
http://www.wikidata.org/entity/Q7850069,築地神社,https://www.aichi-jinjacho.or.jp/search_detail.html?id=e3e1d203-d3dc-4b6a-97f9-5eb41f4bce36
http://www.wikidata.org/entity/Q11490396,徳王稲荷社金刀比羅社,https://www.aichi-jinjacho.or.jp/search_detail.html?id=e4de8273-ed93-4f11-b4c4-2f50cee63fc6
http://www.wikidata.org/entity/Q60988165,幡頭神社,https://www.aichi-jinjacho.or.jp/search_detail.html?id=e591b4e5-3cae-4e39-bd40-11f0e84cf93d
http://www.wikidata.org/entity/Q11450181,安久美神戸神明社,https://www.aichi-jinjacho.or.jp/search_detail.html?id=e778f2be-cf9a-49ee-b056-f8630897db0b
http://www.wikidata.org/entity/Q11393842,内々神社,https://www.aichi-jinjacho.or.jp/search_detail.html?id=e82dc498-9282-455e-bffa-b268797c42be
http://www.wikidata.org/entity/Q130373327,菟頭神社,https://www.aichi-jinjacho.or.jp/search_detail.html?id=e87ee699-7f41-4706-9ed6-c5a89cd196f8
http://www.wikidata.org/entity/Q11675363,鳴海八幡宮,https://www.aichi-jinjacho.or.jp/search_detail.html?id=e9b7db33-9591-4719-8861-ee7bf7a7e53e
http://www.wikidata.org/entity/Q48758696,槻神社,https://www.aichi-jinjacho.or.jp/search_detail.html?id=e9fa359b-c732-4df1-ae7e-b254463d7855
http://www.wikidata.org/entity/Q11510248,日置神社,https://www.aichi-jinjacho.or.jp/search_detail.html?id=ea43000c-96c5-48eb-ac43-190ca7b8f9ab
http://www.wikidata.org/entity/Q11354441,三光稲荷神社,https://www.aichi-jinjacho.or.jp/search_detail.html?id=ea62b13c-f97f-44e1-aac7-011227ff19e8
http://www.wikidata.org/entity/Q11636845,足助神社,https://www.aichi-jinjacho.or.jp/search_detail.html?id=eb3c77ed-5234-4107-8409-620083f23b37
http://www.wikidata.org/entity/Q56348482,神明社,https://www.aichi-jinjacho.or.jp/search_detail.html?id=eb8fd821-4560-44e8-ac2d-7df03706fcc6
http://www.wikidata.org/entity/Q56511372,外土居神社,https://www.aichi-jinjacho.or.jp/search_detail.html?id=ef2803c4-d381-4a54-ae9d-9b7e0efeae37
http://www.wikidata.org/entity/Q11456095,富士浅間神社,https://www.aichi-jinjacho.or.jp/search_detail.html?id=f022bb2c-5122-45f7-bfc1-f1996d988a44
http://www.wikidata.org/entity/Q97182245,日間賀神社,https://www.aichi-jinjacho.or.jp/search_detail.html?id=f0bdfe2f-b657-4c62-a580-e0875136e67a
http://www.wikidata.org/entity/Q11616546,若栗神社八幡宮,https://www.aichi-jinjacho.or.jp/search_detail.html?id=f161faf1-59cc-4617-b46d-6e5bedf59c30
http://www.wikidata.org/entity/Q44393958,宝海天神社,https://www.aichi-jinjacho.or.jp/search_detail.html?id=f19ba6a8-87fd-474d-b579-57c2799e965c
http://www.wikidata.org/entity/Q135732,大縣神社,https://www.aichi-jinjacho.or.jp/search_detail.html?id=f80ca175-ccbd-40ed-adff-4d6eb0938585
http://www.wikidata.org/entity/Q11569577,片山八幡社,https://www.aichi-jinjacho.or.jp/search_detail.html?id=f980e010-b7a3-4b23-8d55-efb7506d0aa9
http://www.wikidata.org/entity/Q11379320,伊冨利部神社,https://www.aichi-jinjacho.or.jp/search_detail.html?id=fae7f6d5-787e-4fc6-8f8b-83f28f09510e
http://www.wikidata.org/entity/Q11438337,大神社,https://www.aichi-jinjacho.or.jp/search_detail.html?id=fc3d5061-a290-4955-8a38-598292cf0865
http://www.wikidata.org/entity/Q11465305,尾張戸神社,https://www.aichi-jinjacho.or.jp/search_detail.html?id=ff93b8e8-05ae-48ad-8895-bb262066fb32
http://www.wikidata.org/entity/Q11436767,大毛神社,https://www.aichi-jinjacho.or.jp/search_detail.html?id=ffa8cf1b-07c5-4ff0-bc23-c841c91a3980
http://www.wikidata.org/entity/Q18339549,牟呂八幡社,https://www.aichi-jinjacho.or.jp/search_detail.html?id=mzka6a2f-e5fb-4178-a802-202a815z0108
http://www.wikidata.org/entity/Q97181650,塩釜神社,https://www.aichi-jinjacho.or.jp/search_detail.html?id=mzka6a2f-e5fb-4178-a802-202a815z0114
http://www.wikidata.org/entity/Q17221205,大岩神明宮,https://www.aichi-jinjacho.or.jp/search_detail.html?id=mzka6a2f-e5fb-4178-a802-202a815z0143
http://www.wikidata.org/entity/Q65248418,二開神社,https://www.aichi-jinjacho.or.jp/search_detail.html?id=mzka6a2f-e5fb-4178-a802-202a815z0144
http://www.wikidata.org/entity/Q60988500,牟呂神富神明社,https://www.aichi-jinjacho.or.jp/search_detail.html?id=mzka6a2f-e5fb-4178-a802-202a815z0145
http://www.wikidata.org/entity/Q11610290,羽田八幡宮,https://www.aichi-jinjacho.or.jp/search_detail.html?id=mzka6a2f-e5fb-4178-a802-202a815z0148
http://www.wikidata.org/entity/Q11529439,松原神社,https://www.aichi-jinjacho.or.jp/search_detail.html?id=mzkb0add-e5fb-4881-a788-20250909z002
http://www.wikidata.org/entity/Q84133953,小木田神社,https://www.aichi-jinjacho.or.jp/search_detail.html?id=mzkb0add-e5fb-4881-a788-20250909z008
http://www.wikidata.org/entity/Q123314150,須佐之男神社,https://www.aichi-jinjacho.or.jp/search_detail.html?id=mzkb0add-e5fb-4881-a788-20260317z002
http://www.wikidata.org/entity/Q11465530,尾陽神社,https://www.aichi-jinjacho.or.jp/search_detail.html?id=mzkb0add-e5fb-4881-a788-20260317z003
http://www.wikidata.org/entity/Q100152252,西八幡社,https://www.aichi-jinjacho.or.jp/search_detail.html?id=mzkb0add-e5fb-4881-a788-20260317z004
http://www.wikidata.org/entity/Q11535866,栗原神社,https://www.gifu-jinjacho.jp/syosai.php?shrno=1271
http://www.wikidata.org/entity/Q124496762,桂本神社,https://www.gifu-jinjacho.jp/syosai.php?shrno=1279
http://www.wikidata.org/entity/Q135400843,村上神社,https://www.gifu-jinjacho.jp/syosai.php?shrno=1285
http://www.wikidata.org/entity/Q11483234,平湯神社,https://www.gifu-jinjacho.jp/syosai.php?shrno=1286
http://www.wikidata.org/entity/Q11618425,荒城神社,https://www.gifu-jinjacho.jp/syosai.php?shrno=1289
http://www.wikidata.org/entity/Q11657360,阿多由太神社,https://www.gifu-jinjacho.jp/syosai.php?shrno=1296
http://www.wikidata.org/entity/Q134928841,広瀬神社,https://www.gifu-jinjacho.jp/syosai.php?shrno=1302
http://www.wikidata.org/entity/Q134927987,度瀬神社,https://www.gifu-jinjacho.jp/syosai.php?shrno=1303
http://www.wikidata.org/entity/Q3195586,気多若宮神社,https://www.gifu-jinjacho.jp/syosai.php?shrno=1314
http://www.wikidata.org/entity/Q11634813,貴船神社,https://www.gifu-jinjacho.jp/syosai.php?shrno=1320
http://www.wikidata.org/entity/Q11493869,愛宕神社,https://www.gifu-jinjacho.jp/syosai.php?shrno=1409
http://www.wikidata.org/entity/Q11496665,戸隠神社,https://www.gifu-jinjacho.jp/syosai.php?shrno=1479
http://www.wikidata.org/entity/Q11512064,明建神社,https://www.gifu-jinjacho.jp/syosai.php?shrno=1505
http://www.wikidata.org/entity/Q11580600,白鳥神社,https://www.gifu-jinjacho.jp/syosai.php?shrno=1534
http://www.wikidata.org/entity/Q11579553,白山中居神社,https://www.gifu-jinjacho.jp/syosai.php?shrno=1541
http://www.wikidata.org/entity/Q22120521,三宅神社,https://kyoka.mie-jinjacho.or.jp/shrine/%e4%b8%89%e5%ae%85%e7%a5%9e%e7%a4%be%ef%bc%88%e4%b8%89%e5%ae%85%e7%94%ba%ef%bc%89/
http://www.wikidata.org/entity/Q11357857,三重縣護國神社,https://kyoka.mie-jinjacho.or.jp/shrine/%e4%b8%89%e9%87%8d%e7%b8%a3%e8%ad%b7%e5%9c%8b%e7%a5%9e%e7%a4%be/
http://www.wikidata.org/entity/Q137690881,中山神社,https://kyoka.mie-jinjacho.or.jp/shrine/%e4%b8%ad%e5%b1%b1%e7%a5%9e%e7%a4%be/
http://www.wikidata.org/entity/Q17229562,丹生神社,https://kyoka.mie-jinjacho.or.jp/shrine/%e4%b8%b9%e7%94%9f%e7%a5%9e%e7%a4%be/
http://www.wikidata.org/entity/Q124650341,亀山神社,https://kyoka.mie-jinjacho.or.jp/shrine/%e4%ba%80%e5%b1%b1%e7%a5%9e%e7%a4%be/
http://www.wikidata.org/entity/Q64969614,二見興玉神社,https://kyoka.mie-jinjacho.or.jp/shrine/%e4%ba%8c%e8%a6%8b%e8%88%88%e7%8e%89%e7%a5%9e%e7%a4%be/
http://www.wikidata.org/entity/Q137682465,仙宮神社,https://kyoka.mie-jinjacho.or.jp/shrine/%e4%bb%99%e5%ae%ae%e7%a5%9e%e7%a4%be/
http://www.wikidata.org/entity/Q11379325,伊射波神社,https://kyoka.mie-jinjacho.or.jp/shrine/%e4%bc%8a%e5%b0%84%e6%b3%a2%e7%a5%9e%e7%a4%be/
http://www.wikidata.org/entity/Q24871075,佐々神社,https://kyoka.mie-jinjacho.or.jp/shrine/%e4%bd%90%e3%80%85%e7%a5%9e%e7%a4%be/
http://www.wikidata.org/entity/Q17226795,佐那神社,https://kyoka.mie-jinjacho.or.jp/shrine/%e4%bd%90%e9%82%a3%e7%a5%9e%e7%a4%be/
http://www.wikidata.org/entity/Q11603334,箱崎神社,https://www.kagojinjacho.or.jp/shrine-search/area-airaisa/%e4%bc%8a%e4%bd%90%e5%b8%82/1009/
http://www.wikidata.org/entity/Q135433776,羽神社,https://www.kagojinjacho.or.jp/shrine-search/area-airaisa/%e4%bc%8a%e4%bd%90%e5%b8%82/1013/
http://www.wikidata.org/entity/Q135434500,聖之宮神社,https://www.kagojinjacho.or.jp/shrine-search/area-airaisa/%e4%bc%8a%e4%bd%90%e5%b8%82/1103/
http://www.wikidata.org/entity/Q135434238,姫宮神社,https://www.kagojinjacho.or.jp/shrine-search/area-airaisa/%e4%bc%8a%e4%bd%90%e5%b8%82/1105/
http://www.wikidata.org/entity/Q135434126,舞之宮神社,https://www.kagojinjacho.or.jp/shrine-search/area-airaisa/%e4%bc%8a%e4%bd%90%e5%b8%82/1144/
http://www.wikidata.org/entity/Q135433777,八坂神社,https://www.kagojinjacho.or.jp/shrine-search/area-airaisa/%e4%bc%8a%e4%bd%90%e5%b8%82/1279/
http://www.wikidata.org/entity/Q135433531,湯之尾神社,https://www.kagojinjacho.or.jp/shrine-search/area-airaisa/%e4%bc%8a%e4%bd%90%e5%b8%82/1323/
http://www.wikidata.org/entity/Q135433660,山之神水天神社,https://www.kagojinjacho.or.jp/shrine-search/area-airaisa/%e4%bc%8a%e4%bd%90%e5%b8%82/1333/
http://www.wikidata.org/entity/Q135434502,若宮神社,https://www.kagojinjacho.or.jp/shrine-search/area-airaisa/%e4%bc%8a%e4%bd%90%e5%b8%82/1370/
http://www.wikidata.org/entity/Q135433884,荒瀬神社,https://www.kagojinjacho.or.jp/shrine-search/area-airaisa/%e4%bc%8a%e4%bd%90%e5%b8%82/282/
http://www.wikidata.org/entity/Q135433528,岩清水神社,https://www.kagojinjacho.or.jp/shrine-search/area-airaisa/%e4%bc%8a%e4%bd%90%e5%b8%82/413/
http://www.wikidata.org/entity/Q135434498,国玉神社,https://www.kagojinjacho.or.jp/shrine-search/area-airaisa/%e4%bc%8a%e4%bd%90%e5%b8%82/592/
http://www.wikidata.org/entity/Q11579822,白木神社,https://www.kagojinjacho.or.jp/shrine-search/area-airaisa/%e4%bc%8a%e4%bd%90%e5%b8%82/716/
http://www.wikidata.org/entity/Q135433778,水天神社,https://www.kagojinjacho.or.jp/shrine-search/area-airaisa/%e4%bc%8a%e4%bd%90%e5%b8%82/729/
http://www.wikidata.org/entity/Q135434368,大王神社,https://www.kagojinjacho.or.jp/shrine-search/area-airaisa/%e4%bc%8a%e4%bd%90%e5%b8%82/839/
http://www.wikidata.org/entity/Q135434236,瀧之神社,https://www.kagojinjacho.or.jp/shrine-search/area-airaisa/%e4%bc%8a%e4%bd%90%e5%b8%82/877/
http://www.wikidata.org/entity/Q135434125,忠元神社,https://www.kagojinjacho.or.jp/shrine-search/area-airaisa/%e4%bc%8a%e4%bd%90%e5%b8%82/884/
http://www.wikidata.org/entity/Q135434005,飛諏訪神社,https://www.kagojinjacho.or.jp/shrine-search/area-airaisa/%e4%bc%8a%e4%bd%90%e5%b8%82/957/
http://www.wikidata.org/entity/Q135433886,西原神社,https://www.kagojinjacho.or.jp/shrine-search/area-airaisa/%e4%bc%8a%e4%bd%90%e5%b8%82/988/
http://www.wikidata.org/entity/Q135433539,端山神社,https://www.kagojinjacho.or.jp/shrine-search/area-airaisa/%e5%a7%b6%e8%89%af%e5%b8%82/1059/
http://www.wikidata.org/entity/Q135433541,早馬神社,https://www.kagojinjacho.or.jp/shrine-search/area-airaisa/%e5%a7%b6%e8%89%af%e5%b8%82/1060/
http://www.wikidata.org/entity/Q135434136,兵主神社,https://www.kagojinjacho.or.jp/shrine-search/area-airaisa/%e5%a7%b6%e8%89%af%e5%b8%82/1106/
http://www.wikidata.org/entity/Q135434015,森木田神社,https://www.kagojinjacho.or.jp/shrine-search/area-airaisa/%e5%a7%b6%e8%89%af%e5%b8%82/1260/
http://www.wikidata.org/entity/Q135433894,八坂神社,https://www.kagojinjacho.or.jp/shrine-search/area-airaisa/%e5%a7%b6%e8%89%af%e5%b8%82/1282/
http://www.wikidata.org/entity/Q135433536,天之御中主神社,https://www.kagojinjacho.or.jp/shrine-search/area-airaisa/%e5%a7%b6%e8%89%af%e5%b8%82/281/
http://www.wikidata.org/entity/Q135433896,阿良波須神社,https://www.kagojinjacho.or.jp/shrine-search/area-airaisa/%e5%a7%b6%e8%89%af%e5%b8%82/284/
http://www.wikidata.org/entity/Q135433892,飯留神社,https://www.kagojinjacho.or.jp/shrine-search/area-airaisa/%e5%a7%b6%e8%89%af%e5%b8%82/299/
http://www.wikidata.org/entity/Q135434242,伊勢神社,https://www.kagojinjacho.or.jp/shrine-search/area-airaisa/%e5%a7%b6%e8%89%af%e5%b8%82/339/
http://www.wikidata.org/entity/Q135434372,市速神社,https://www.kagojinjacho.or.jp/shrine-search/area-airaisa/%e5%a7%b6%e8%89%af%e5%b8%82/352/
http://www.wikidata.org/entity/Q135434138,稲留神社,https://www.kagojinjacho.or.jp/shrine-search/area-airaisa/%e5%a7%b6%e8%89%af%e5%b8%82/368/
http://www.wikidata.org/entity/Q11398475,加佐登神社,https://kyoka.mie-jinjacho.or.jp/shrine/%e5%8a%a0%e4%bd%90%e7%99%bb%e7%a5%9e%e7%a4%be/
http://www.wikidata.org/entity/Q85877260,勝速日神社,https://kyoka.mie-jinjacho.or.jp/shrine/%e5%8b%9d%e9%80%9f%e6%97%a5%e7%a5%9e%e7%a4%be/
http://www.wikidata.org/entity/Q11403863,北畠神社,https://kyoka.mie-jinjacho.or.jp/shrine/%e5%8c%97%e7%95%a0%e7%a5%9e%e7%a4%be%ef%bc%88%e7%be%8e%e6%9d%89%e7%94%ba%ef%bc%89/
http://www.wikidata.org/entity/Q135433542,岩剱神社,https://www.kagojinjacho.or.jp/shrine-search/area-airaisa/%e5%a7%b6%e8%89%af%e5%b8%82/414/
http://www.wikidata.org/entity/Q135433782,梅北神社,https://www.kagojinjacho.or.jp/shrine-search/area-airaisa/%e5%a7%b6%e8%89%af%e5%b8%82/424/
http://www.wikidata.org/entity/Q135433537,枝宮神社,https://www.kagojinjacho.or.jp/shrine-search/area-airaisa/%e5%a7%b6%e8%89%af%e5%b8%82/428/
http://www.wikidata.org/entity/Q135433669,恵美須神社,https://www.kagojinjacho.or.jp/shrine-search/area-airaisa/%e5%a7%b6%e8%89%af%e5%b8%82/433/
http://www.wikidata.org/entity/Q135434132,老神神社,https://www.kagojinjacho.or.jp/shrine-search/area-airaisa/%e5%a7%b6%e8%89%af%e5%b8%82/437/
http://www.wikidata.org/entity/Q135434373,大井上神社,https://www.kagojinjacho.or.jp/shrine-search/area-airaisa/%e5%a7%b6%e8%89%af%e5%b8%82/441/
http://www.wikidata.org/entity/Q135434508,興玉神社,https://www.kagojinjacho.or.jp/shrine-search/area-airaisa/%e5%a7%b6%e8%89%af%e5%b8%82/486/
http://www.wikidata.org/entity/Q135434013,加治木護國神社,https://www.kagojinjacho.or.jp/shrine-search/area-airaisa/%e5%a7%b6%e8%89%af%e5%b8%82/501/
http://www.wikidata.org/entity/Q135433674,春日神社,https://www.kagojinjacho.or.jp/shrine-search/area-airaisa/%e5%a7%b6%e8%89%af%e5%b8%82/513/
http://www.wikidata.org/entity/Q11621340,蒲生八幡神社,https://www.kagojinjacho.or.jp/shrine-search/area-airaisa/%e5%a7%b6%e8%89%af%e5%b8%82/526/
http://www.wikidata.org/entity/Q135433783,霧島神社,https://www.kagojinjacho.or.jp/shrine-search/area-airaisa/%e5%a7%b6%e8%89%af%e5%b8%82/561/
http://www.wikidata.org/entity/Q135434506,楠田神社,https://www.kagojinjacho.or.jp/shrine-search/area-airaisa/%e5%a7%b6%e8%89%af%e5%b8%82/579/
http://www.wikidata.org/entity/Q135433671,隈媛神社,https://www.kagojinjacho.or.jp/shrine-search/area-airaisa/%e5%a7%b6%e8%89%af%e5%b8%82/629/
http://www.wikidata.org/entity/Q11678153,黒島神社,https://www.kagojinjacho.or.jp/shrine-search/area-airaisa/%e5%a7%b6%e8%89%af%e5%b8%82/632/
http://www.wikidata.org/entity/Q11604676,精矛神社,https://www.kagojinjacho.or.jp/shrine-search/area-airaisa/%e5%a7%b6%e8%89%af%e5%b8%82/634/
http://www.wikidata.org/entity/Q135434133,五社神社,https://www.kagojinjacho.or.jp/shrine-search/area-airaisa/%e5%a7%b6%e8%89%af%e5%b8%82/654/
http://www.wikidata.org/entity/Q135434014,狹霧神社,https://www.kagojinjacho.or.jp/shrine-search/area-airaisa/%e5%a7%b6%e8%89%af%e5%b8%82/677/
http://www.wikidata.org/entity/Q135433784,城野神社,https://www.kagojinjacho.or.jp/shrine-search/area-airaisa/%e5%a7%b6%e8%89%af%e5%b8%82/713/
http://www.wikidata.org/entity/Q135433893,白濱神社,https://www.kagojinjacho.or.jp/shrine-search/area-airaisa/%e5%a7%b6%e8%89%af%e5%b8%82/720/
http://www.wikidata.org/entity/Q135434245,住吉神社,https://www.kagojinjacho.or.jp/shrine-search/area-airaisa/%e5%a7%b6%e8%89%af%e5%b8%82/789/
http://www.wikidata.org/entity/Q135433538,諏訪神社,https://www.kagojinjacho.or.jp/shrine-search/area-airaisa/%e5%a7%b6%e8%89%af%e5%b8%82/825/
http://www.wikidata.org/entity/Q135434374,平神社,https://www.kagojinjacho.or.jp/shrine-search/area-airaisa/%e5%a7%b6%e8%89%af%e5%b8%82/842/
http://www.wikidata.org/entity/Q135433780,箱崎八幡神社,https://www.kagojinjacho.or.jp/shrine-search/area-airaisa/%e6%b9%a7%e6%b0%b4%e7%94%ba/1011/
http://www.wikidata.org/entity/Q135433891,八幡神社,https://www.kagojinjacho.or.jp/shrine-search/area-airaisa/%e6%b9%a7%e6%b0%b4%e7%94%ba/1037/
http://www.wikidata.org/entity/Q135434239,端山神社,https://www.kagojinjacho.or.jp/shrine-search/area-airaisa/%e6%b9%a7%e6%b0%b4%e7%94%ba/1061/
http://www.wikidata.org/entity/Q135433666,日枝神社,https://www.kagojinjacho.or.jp/shrine-search/area-airaisa/%e6%b9%a7%e6%b0%b4%e7%94%ba/1093/
http://www.wikidata.org/entity/Q135433534,南方神社,https://www.kagojinjacho.or.jp/shrine-search/area-airaisa/%e6%b9%a7%e6%b0%b4%e7%94%ba/1240/
http://www.wikidata.org/entity/Q135433533,愛宕神社,https://www.kagojinjacho.or.jp/shrine-search/area-airaisa/%e6%b9%a7%e6%b0%b4%e7%94%ba/265/
http://www.wikidata.org/entity/Q135434128,大神神社,https://www.kagojinjacho.or.jp/shrine-search/area-airaisa/%e6%b9%a7%e6%b0%b4%e7%94%ba/443/
http://www.wikidata.org/entity/Q135434010,勝栗神社,https://www.kagojinjacho.or.jp/shrine-search/area-airaisa/%e6%b9%a7%e6%b0%b4%e7%94%ba/516/
http://www.wikidata.org/entity/Q135434240,清瀧神社,https://www.kagojinjacho.or.jp/shrine-search/area-airaisa/%e6%b9%a7%e6%b0%b4%e7%94%ba/545/
http://www.wikidata.org/entity/Q135434370,霧島神社,https://www.kagojinjacho.or.jp/shrine-search/area-airaisa/%e6%b9%a7%e6%b0%b4%e7%94%ba/562/
http://www.wikidata.org/entity/Q135434129,熊野神社,https://www.kagojinjacho.or.jp/shrine-search/area-airaisa/%e6%b9%a7%e6%b0%b4%e7%94%ba/618/
http://www.wikidata.org/entity/Q135434011,菅原神社,https://www.kagojinjacho.or.jp/shrine-search/area-airaisa/%e6%b9%a7%e6%b0%b4%e7%94%ba/773/
http://www.wikidata.org/entity/Q135434503,諏訪神社,https://www.kagojinjacho.or.jp/shrine-search/area-airaisa/%e6%b9%a7%e6%b0%b4%e7%94%ba/826/
http://www.wikidata.org/entity/Q135433665,八幡神社,https://www.kagojinjacho.or.jp/shrine-search/area-airaisa/%e9%9c%a7%e5%b3%b6%e5%b8%82/1038/
http://www.wikidata.org/entity/Q135434496,早鈴神社,https://www.kagojinjacho.or.jp/shrine-search/area-airaisa/%e9%9c%a7%e5%b3%b6%e5%b8%82/1054/
http://www.wikidata.org/entity/Q116140,多度大社,https://kyoka.mie-jinjacho.or.jp/shrine/%e5%a4%9a%e5%ba%a6%e5%a4%a7%e7%a4%be/
http://www.wikidata.org/entity/Q11578102,男乃宇刀神社,https://www.osaka-jinjacho.jp/funai_jinja/dai10shibu/izumi-city/10032onoutojinja.html
http://www.wikidata.org/entity/Q54153252,八阪神社,https://www.osaka-jinjacho.jp/funai_jinja/dai10shibu/izumi-city/10034yasakajinja.html
http://www.wikidata.org/entity/Q11386029,信太森神社,https://www.osaka-jinjacho.jp/funai_jinja/dai10shibu/izumi-city/10038shinodanomorijinja.html
http://www.wikidata.org/entity/Q11554908,泉穴師神社,https://www.osaka-jinjacho.jp/funai_jinja/dai10shibu/izumiotsu-city/10027izumianashijinja.html
http://www.wikidata.org/entity/Q11620360,萩原神社,https://www.osaka-jinjacho.jp/funai_jinja/dai10shibu/sakai-city/10001hagiwarajinja.html
http://www.wikidata.org/entity/Q705151,大鳥神社,https://www.osaka-jinjacho.jp/funai_jinja/dai10shibu/sakai-city/10002otorijinja.html
http://www.wikidata.org/entity/Q11504380,方違神社,https://www.osaka-jinjacho.jp/funai_jinja/dai10shibu/sakai-city/10003hochigaijinja.html
http://www.wikidata.org/entity/Q11655187,開口神社,https://www.osaka-jinjacho.jp/funai_jinja/dai10shibu/sakai-city/10004aguchijinja.html
http://www.wikidata.org/entity/Q11619211,菅原神社,https://www.osaka-jinjacho.jp/funai_jinja/dai10shibu/sakai-city/10005sugaharajinja.html
http://www.wikidata.org/entity/Q11580841,百舌鳥八幡宮,https://www.osaka-jinjacho.jp/funai_jinja/dai10shibu/sakai-city/10006mozuhachimangu.html
http://www.wikidata.org/entity/Q11430889,多治速比売神社,https://www.osaka-jinjacho.jp/funai_jinja/dai10shibu/sakai-city/10007tajihayahimejinja.html
http://www.wikidata.org/entity/Q11537864,櫻井神社,https://www.osaka-jinjacho.jp/funai_jinja/dai10shibu/sakai-city/10008sakuraijinja.html
http://www.wikidata.org/entity/Q11658473,陶荒田神社,https://www.osaka-jinjacho.jp/funai_jinja/dai10shibu/sakai-city/10009suearatajinja.html
http://www.wikidata.org/entity/Q11644899,野々宮神社,https://www.osaka-jinjacho.jp/funai_jinja/dai10shibu/sakai-city/10010nonomiyajinja.html
http://www.wikidata.org/entity/Q11586779,石津太神社,https://www.osaka-jinjacho.jp/funai_jinja/dai10shibu/sakai-city/10011iwatsutajinja.html
http://www.wikidata.org/entity/Q135433652,祓戸神社,https://www.kagojinjacho.or.jp/shrine-search/area-airaisa/%e9%9c%a7%e5%b3%b6%e5%b8%82/1063/
http://www.wikidata.org/entity/Q135433883,日吉山王神社,https://www.kagojinjacho.or.jp/shrine-search/area-airaisa/%e9%9c%a7%e5%b3%b6%e5%b8%82/1107/
http://www.wikidata.org/entity/Q135434002,太玉神社,https://www.kagojinjacho.or.jp/shrine-search/area-airaisa/%e9%9c%a7%e5%b3%b6%e5%b8%82/1128/
http://www.wikidata.org/entity/Q135433525,水神社,https://www.kagojinjacho.or.jp/shrine-search/area-airaisa/%e9%9c%a7%e5%b3%b6%e5%b8%82/1171/
http://www.wikidata.org/entity/Q11455054,宮浦宮,https://www.kagojinjacho.or.jp/shrine-search/area-airaisa/%e9%9c%a7%e5%b3%b6%e5%b8%82/1247/
http://www.wikidata.org/entity/Q135434232,宮毘神社,https://www.kagojinjacho.or.jp/shrine-search/area-airaisa/%e9%9c%a7%e5%b3%b6%e5%b8%82/1252/
http://www.wikidata.org/entity/Q135433656,牟禮神社,https://www.kagojinjacho.or.jp/shrine-search/area-airaisa/%e9%9c%a7%e5%b3%b6%e5%b8%82/1257/
http://www.wikidata.org/entity/Q55522676,安良神社,https://www.kagojinjacho.or.jp/shrine-search/area-airaisa/%e9%9c%a7%e5%b3%b6%e5%b8%82/1292/
http://www.wikidata.org/entity/Q135433881,若尊神社,https://www.kagojinjacho.or.jp/shrine-search/area-airaisa/%e9%9c%a7%e5%b3%b6%e5%b8%82/1318/
http://www.wikidata.org/entity/Q11417737,和気神社,https://www.kagojinjacho.or.jp/shrine-search/area-airaisa/%e9%9c%a7%e5%b3%b6%e5%b8%82/1350/
http://www.wikidata.org/entity/Q135434000,若宮神社,https://www.kagojinjacho.or.jp/shrine-search/area-airaisa/%e9%9c%a7%e5%b3%b6%e5%b8%82/1371/
http://www.wikidata.org/entity/Q135433524,青木神社,https://www.kagojinjacho.or.jp/shrine-search/area-airaisa/%e9%9c%a7%e5%b3%b6%e5%b8%82/250/
http://www.wikidata.org/entity/Q135434495,芦江神社,https://www.kagojinjacho.or.jp/shrine-search/area-airaisa/%e9%9c%a7%e5%b3%b6%e5%b8%82/256/
http://www.wikidata.org/entity/Q135434492,天御中主神社,https://www.kagojinjacho.or.jp/shrine-search/area-airaisa/%e9%9c%a7%e5%b3%b6%e5%b8%82/280/
http://www.wikidata.org/entity/Q20043474,大村神社,https://kyoka.mie-jinjacho.or.jp/shrine/%e5%a4%a7%e6%9d%91%e7%a5%9e%e7%a4%be/
http://www.wikidata.org/entity/Q11441938,大馬神社,https://kyoka.mie-jinjacho.or.jp/shrine/%e5%a4%a7%e9%a6%ac%e7%a5%9e%e7%a4%be%ef%bc%88%e5%a5%a5%e5%ae%ae%ef%bc%89/
http://www.wikidata.org/entity/Q65283548,踞尾八幡神社,https://www.osaka-jinjacho.jp/funai_jinja/dai10shibu/sakai-city/10012tsukuohachimanjinja.html
http://www.wikidata.org/entity/Q131919940,華表神社,https://www.osaka-jinjacho.jp/funai_jinja/dai10shibu/sakai-city/10013kahyojinja.html
http://www.wikidata.org/entity/Q110811189,船待神社,https://www.osaka-jinjacho.jp/funai_jinja/dai10shibu/sakai-city/10015funamachijinja.html
http://www.wikidata.org/entity/Q11647027,金岡神社,https://www.osaka-jinjacho.jp/funai_jinja/dai10shibu/sakai-city/10016kanaokajinja.html
http://www.wikidata.org/entity/Q22119986,蜂田神社,https://www.osaka-jinjacho.jp/funai_jinja/dai10shibu/sakai-city/10017hachitajinja.html
http://www.wikidata.org/entity/Q276831,美多彌神社,https://www.osaka-jinjacho.jp/funai_jinja/dai10shibu/sakai-city/10018mitamijinja.html
http://www.wikidata.org/entity/Q11510526,日部神社,https://www.osaka-jinjacho.jp/funai_jinja/dai10shibu/sakai-city/10020kusabejinja.html
http://www.wikidata.org/entity/Q11586788,石津神社,https://www.osaka-jinjacho.jp/funai_jinja/dai10shibu/sakai-city/10022ishidujinja.html
http://www.wikidata.org/entity/Q48765059,神明神社,https://www.osaka-jinjacho.jp/funai_jinja/dai10shibu/sakai-city/10023shinmeijinja.html
http://www.wikidata.org/entity/Q11619344,菅生神社,https://www.osaka-jinjacho.jp/funai_jinja/dai10shibu/sakai-city/10042sugojinja.html
http://www.wikidata.org/entity/Q11672588,高石神社,https://www.osaka-jinjacho.jp/funai_jinja/dai10shibu/takaishi-city/10028takaishijinja.html
http://www.wikidata.org/entity/Q55532347,等乃伎神社,https://www.osaka-jinjacho.jp/funai_jinja/dai10shibu/takaishi-city/10033tonogijinja.html
http://www.wikidata.org/entity/Q11486674,建水分神社,https://www.osaka-jinjacho.jp/funai_jinja/dai11shibu/chihayaakasaka-mura/11005takemikumarijinja.html
http://www.wikidata.org/entity/Q11405547,千早神社,https://www.osaka-jinjacho.jp/funai_jinja/dai11shibu/chihayaakasaka-mura/11024chihayajinja.html
http://www.wikidata.org/entity/Q48762570,辛國神社,https://www.osaka-jinjacho.jp/funai_jinja/dai11shibu/fujiidera-city/11008karakunijinja.html
http://www.wikidata.org/entity/Q11381529,伴林氏神社,https://www.osaka-jinjacho.jp/funai_jinja/dai11shibu/fujiidera-city/11016tomobayashinoujinojinja.html
http://www.wikidata.org/entity/Q43594526,澤田八幡神社,https://www.osaka-jinjacho.jp/funai_jinja/dai11shibu/fujiidera-city/11044sawadahachimanjinja.html
http://www.wikidata.org/entity/Q11491140,志貴縣主神社,https://www.osaka-jinjacho.jp/funai_jinja/dai11shibu/fujiidera-city/11048shikiagatanushijinja.html
http://www.wikidata.org/entity/Q11631426,誉田八幡宮,https://www.osaka-jinjacho.jp/funai_jinja/dai11shibu/habikino-city/11002kondahachimangu.html
http://www.wikidata.org/entity/Q11437361,大津神社,https://www.osaka-jinjacho.jp/funai_jinja/dai11shibu/habikino-city/11006otsujinja.html
http://www.wikidata.org/entity/Q11580598,白鳥神社,https://www.osaka-jinjacho.jp/funai_jinja/dai11shibu/habikino-city/11029shiratorijinja.html
http://www.wikidata.org/entity/Q11429677,壺井八幡宮,https://www.osaka-jinjacho.jp/funai_jinja/dai11shibu/habikino-city/11032tsuboihachimangu.html
http://www.wikidata.org/entity/Q11644886,野々上八幡神社,https://www.osaka-jinjacho.jp/funai_jinja/dai11shibu/habikino-city/11038nonouehachimanjinja.html
http://www.wikidata.org/entity/Q11665970,飛鳥戸神社,https://www.osaka-jinjacho.jp/funai_jinja/dai11shibu/habikino-city/11055asukabejinja.html
http://www.wikidata.org/entity/Q11353282,壹須何神社,https://www.osaka-jinjacho.jp/funai_jinja/dai11shibu/kanan-cho/11019ichisukajinja.html
http://www.wikidata.org/entity/Q11587925,磐船大神社,https://www.osaka-jinjacho.jp/funai_jinja/dai11shibu/kanan-cho/11042iwafunedaijinja.html
http://www.wikidata.org/entity/Q135433535,飯留神社,https://www.kagojinjacho.or.jp/shrine-search/area-airaisa/%e9%9c%a7%e5%b3%b6%e5%b8%82/298/
http://www.wikidata.org/entity/Q135433532,伊邪那岐神社,https://www.kagojinjacho.or.jp/shrine-search/area-airaisa/%e9%9c%a7%e5%b3%b6%e5%b8%82/306/
http://www.wikidata.org/entity/Q11644498,醫師神社,https://www.kagojinjacho.or.jp/shrine-search/area-airaisa/%e9%9c%a7%e5%b3%b6%e5%b8%82/310/
http://www.wikidata.org/entity/Q135434116,稲富神社,https://www.kagojinjacho.or.jp/shrine-search/area-airaisa/%e9%9c%a7%e5%b3%b6%e5%b8%82/363/
http://www.wikidata.org/entity/Q135433767,枝宮神社,https://www.kagojinjacho.or.jp/shrine-search/area-airaisa/%e9%9c%a7%e5%b3%b6%e5%b8%82/427/
http://www.wikidata.org/entity/Q55540317,大穴持神社,https://www.kagojinjacho.or.jp/shrine-search/area-airaisa/%e9%9c%a7%e5%b3%b6%e5%b8%82/453/
http://www.wikidata.org/entity/Q135434493,乙宮神社,https://www.kagojinjacho.or.jp/shrine-search/area-airaisa/%e9%9c%a7%e5%b3%b6%e5%b8%82/490/
http://www.wikidata.org/entity/Q135433655,鑰島神社,https://www.kagojinjacho.or.jp/shrine-search/area-airaisa/%e9%9c%a7%e5%b3%b6%e5%b8%82/493/
http://www.wikidata.org/entity/Q704695,鹿児島神宮,https://www.kagojinjacho.or.jp/shrine-search/area-airaisa/%e9%9c%a7%e5%b3%b6%e5%b8%82/495/
http://www.wikidata.org/entity/Q135434233,竃門神社,https://www.kagojinjacho.or.jp/shrine-search/area-airaisa/%e9%9c%a7%e5%b3%b6%e5%b8%82/521/
http://www.wikidata.org/entity/Q135433879,韓国宇豆峯神社,https://www.kagojinjacho.or.jp/shrine-search/area-airaisa/%e9%9c%a7%e5%b3%b6%e5%b8%82/528/
http://www.wikidata.org/entity/Q135434120,伽藍神社,https://www.kagojinjacho.or.jp/shrine-search/area-airaisa/%e9%9c%a7%e5%b3%b6%e5%b8%82/529/
http://www.wikidata.org/entity/Q135433522,北山神社,https://www.kagojinjacho.or.jp/shrine-search/area-airaisa/%e9%9c%a7%e5%b3%b6%e5%b8%82/540/
http://www.wikidata.org/entity/Q704622,霧島神宮,https://www.kagojinjacho.or.jp/shrine-search/area-airaisa/%e9%9c%a7%e5%b3%b6%e5%b8%82/546/
http://www.wikidata.org/entity/Q137685557,小山神社,https://kyoka.mie-jinjacho.or.jp/shrine/%e5%b0%8f%e5%b1%b1%e7%a5%9e%e7%a4%be/
http://www.wikidata.org/entity/Q11675603,鴨習太神社,https://www.osaka-jinjacho.jp/funai_jinja/dai11shibu/kanan-cho/11043kamonaraitajinja.html
http://www.wikidata.org/entity/Q11668969,高向神社,https://www.osaka-jinjacho.jp/funai_jinja/dai11shibu/kawachinagano-city/11010takojinja.html
http://www.wikidata.org/entity/Q11627197,西代神社,https://www.osaka-jinjacho.jp/funai_jinja/dai11shibu/kawachinagano-city/11012nishindaijinja.html
http://www.wikidata.org/entity/Q11405322,菅原神社,https://www.osaka-jinjacho.jp/funai_jinja/dai11shibu/kawachinagano-city/11013sugaharajinja.html
http://www.wikidata.org/entity/Q11654827,長野神社,https://www.osaka-jinjacho.jp/funai_jinja/dai11shibu/kawachinagano-city/11014naganojinja.html
http://www.wikidata.org/entity/Q11381870,住吉神社,https://www.osaka-jinjacho.jp/funai_jinja/dai11shibu/kawachinagano-city/11015sumiyoshijinja.html
http://www.wikidata.org/entity/Q11567244,烏帽子形八幡神社,https://www.osaka-jinjacho.jp/funai_jinja/dai11shibu/kawachinagano-city/11017eboshigatahachimanjinja.html
http://www.wikidata.org/entity/Q11399711,加賀田神社,https://www.osaka-jinjacho.jp/funai_jinja/dai11shibu/kawachinagano-city/11026kagatajinja.html
http://www.wikidata.org/entity/Q11391083,八幡神社,https://www.osaka-jinjacho.jp/funai_jinja/dai11shibu/kawachinagano-city/11033hachimanjinja.html
http://www.wikidata.org/entity/Q11625861,蟹井神社,https://www.osaka-jinjacho.jp/funai_jinja/dai11shibu/kawachinagano-city/11034kaniijinja.html
http://www.wikidata.org/entity/Q11443280,天神社,https://www.osaka-jinjacho.jp/funai_jinja/dai11shibu/kawachinagano-city/11037tenjinja.html
http://www.wikidata.org/entity/Q11571746,狭山神社,https://www.osaka-jinjacho.jp/funai_jinja/dai11shibu/osakasayama-city/11009sayamajinja.html
http://www.wikidata.org/entity/Q55531595,龍神社,https://www.osaka-jinjacho.jp/funai_jinja/dai11shibu/osakasayama-city/11058ryujinja.html
http://www.wikidata.org/entity/Q11595950,科長神社,https://www.osaka-jinjacho.jp/funai_jinja/dai11shibu/taishi-cho/11011shinagajinja.html
http://www.wikidata.org/entity/Q11608777,美具久留御魂神社,https://www.osaka-jinjacho.jp/funai_jinja/dai11shibu/tondabayashi-city/11003migukurumitamajinja.html
http://www.wikidata.org/entity/Q11650558,錦織神社,https://www.osaka-jinjacho.jp/funai_jinja/dai11shibu/tondabayashi-city/11007nishikorijinja.html
http://www.wikidata.org/entity/Q11418296,咸古神社,https://www.osaka-jinjacho.jp/funai_jinja/dai11shibu/tondabayashi-city/11036konkujinja.html
http://www.wikidata.org/entity/Q11383015,佐備神社,https://www.osaka-jinjacho.jp/funai_jinja/dai11shibu/tondabayashi-city/11040sabijinja.html
http://www.wikidata.org/entity/Q116505726,波太神社,https://www.osaka-jinjacho.jp/funai_jinja/dai12shibu/hannan-city/12044hatajinja.html
http://www.wikidata.org/entity/Q119929597,八王子神社,https://www.gifu-jinjacho.jp/syosai.php?shrno=1609
http://www.wikidata.org/entity/Q107410062,大船神社,https://www.gifu-jinjacho.jp/syosai.php?shrno=1612
http://www.wikidata.org/entity/Q135434001,霧島神社,https://www.kagojinjacho.or.jp/shrine-search/area-airaisa/%e9%9c%a7%e5%b3%b6%e5%b8%82/560/
http://www.wikidata.org/entity/Q135434371,金峯神社,https://www.kagojinjacho.or.jp/shrine-search/area-airaisa/%e9%9c%a7%e5%b3%b6%e5%b8%82/573/
http://www.wikidata.org/entity/Q135434494,久満崎神社,https://www.kagojinjacho.or.jp/shrine-search/area-airaisa/%e9%9c%a7%e5%b3%b6%e5%b8%82/593/
http://www.wikidata.org/entity/Q135434231,小烏神社,https://www.kagojinjacho.or.jp/shrine-search/area-airaisa/%e9%9c%a7%e5%b3%b6%e5%b8%82/645/
http://www.wikidata.org/entity/Q135433667,前玉神社,https://www.kagojinjacho.or.jp/shrine-search/area-airaisa/%e9%9c%a7%e5%b3%b6%e5%b8%82/675/
http://www.wikidata.org/entity/Q135433998,高座神社,https://www.kagojinjacho.or.jp/shrine-search/area-airaisa/%e9%9c%a7%e5%b3%b6%e5%b8%82/850/
http://www.wikidata.org/entity/Q135434118,高塚神社,https://www.kagojinjacho.or.jp/shrine-search/area-airaisa/%e9%9c%a7%e5%b3%b6%e5%b8%82/868/
http://www.wikidata.org/entity/Q135433781,鷹屋神社,https://www.kagojinjacho.or.jp/shrine-search/area-airaisa/%e9%9c%a7%e5%b3%b6%e5%b8%82/873/
http://www.wikidata.org/entity/Q135433890,竪神社,https://www.kagojinjacho.or.jp/shrine-search/area-airaisa/%e9%9c%a7%e5%b3%b6%e5%b8%82/887/
http://www.wikidata.org/entity/Q11397991,剱神社,https://www.kagojinjacho.or.jp/shrine-search/area-airaisa/%e9%9c%a7%e5%b3%b6%e5%b8%82/937/
http://www.wikidata.org/entity/Q135433766,天子神社,https://www.kagojinjacho.or.jp/shrine-search/area-airaisa/%e9%9c%a7%e5%b3%b6%e5%b8%82/944/
http://www.wikidata.org/entity/Q135433880,止上神社,https://www.kagojinjacho.or.jp/shrine-search/area-airaisa/%e9%9c%a7%e5%b3%b6%e5%b8%82/946/
http://www.wikidata.org/entity/Q135433769,長野神社,https://www.kagojinjacho.or.jp/shrine-search/area-airaisa/%e9%9c%a7%e5%b3%b6%e5%b8%82/973/
http://www.wikidata.org/entity/Q135434363,中山神社,https://www.kagojinjacho.or.jp/shrine-search/area-airaisa/%e9%9c%a7%e5%b3%b6%e5%b8%82/975/
http://www.wikidata.org/entity/Q135434121,日秀神社,https://www.kagojinjacho.or.jp/shrine-search/area-airaisa/%e9%9c%a7%e5%b3%b6%e5%b8%82/990/
http://www.wikidata.org/entity/Q135434039,白山神社,https://www.kagojinjacho.or.jp/shrine-search/area-hokusatsu/%e3%81%95%e3%81%a4%e3%81%be%e7%94%ba/1001/
http://www.wikidata.org/entity/Q11509543,日根神社,https://www.osaka-jinjacho.jp/funai_jinja/dai12shibu/izumisano-city/12030hinejinja.html
http://www.wikidata.org/entity/Q11494969,感田神社,https://www.osaka-jinjacho.jp/funai_jinja/dai12shibu/kaiduka-city/12004kandajinja.html
http://www.wikidata.org/entity/Q119929654,稲荷神社,https://www.osaka-jinjacho.jp/funai_jinja/dai12shibu/kaiduka-city/12017inarijinja.html
http://www.wikidata.org/entity/Q119929652,岸城神社,https://www.osaka-jinjacho.jp/funai_jinja/dai12shibu/kishiwada-city/12001kishikijinja.html
http://www.wikidata.org/entity/Q134891805,岸和田天神宮,https://www.osaka-jinjacho.jp/funai_jinja/dai12shibu/kishiwada-city/12002kishiwadatenjingu.html
http://www.wikidata.org/entity/Q134891804,弥栄神社,https://www.osaka-jinjacho.jp/funai_jinja/dai12shibu/kishiwada-city/12003yaeijinja.html
http://www.wikidata.org/entity/Q11431309,夜疑神社,https://www.osaka-jinjacho.jp/funai_jinja/dai12shibu/kishiwada-city/12005yagijinja.html
http://www.wikidata.org/entity/Q85593661,兵主神社,https://www.osaka-jinjacho.jp/funai_jinja/dai12shibu/kishiwada-city/12008hyozujinja.html
http://www.wikidata.org/entity/Q11597137,積川神社,https://www.osaka-jinjacho.jp/funai_jinja/dai12shibu/kishiwada-city/12011tsugawajinja.html
http://www.wikidata.org/entity/Q97276772,山直神社,https://www.osaka-jinjacho.jp/funai_jinja/dai12shibu/kishiwada-city/12012yamadaijinja.html
http://www.wikidata.org/entity/Q11493040,意賀美神社,https://www.osaka-jinjacho.jp/funai_jinja/dai12shibu/kishiwada-city/12018ogamijinja.html
http://www.wikidata.org/entity/Q65248875,信達神社,https://www.osaka-jinjacho.jp/funai_jinja/dai12shibu/sennan-city/12051shindachijinja.html
http://www.wikidata.org/entity/Q11352633,一岡神社,https://www.osaka-jinjacho.jp/funai_jinja/dai12shibu/sennan-city/12056ichiokajinja.html
http://www.wikidata.org/entity/Q11513669,春日神社,https://www.osaka-jinjacho.jp/funai_jinja/dai12shibu/tajiri-cho/12035kasugajinja.html
http://www.wikidata.org/entity/Q11419437,嘉祥神社,https://www.osaka-jinjacho.jp/funai_jinja/dai12shibu/tajiri-cho/12041kashojinja.html
http://www.wikidata.org/entity/Q11416775,呉服神社,https://www.osaka-jinjacho.jp/funai_jinja/dai1shibu/ikeda-city/01004kurehajinja.html
http://www.wikidata.org/entity/Q11390707,八坂神社,https://www.osaka-jinjacho.jp/funai_jinja/dai1shibu/ikeda-city/01006yasakajinja.html
http://www.wikidata.org/entity/Q11567184,爲那都比古神社,https://www.osaka-jinjacho.jp/funai_jinja/dai1shibu/minoh-city/01008inatsuhikojinja.html
http://www.wikidata.org/entity/Q11657481,阿比太神社,https://www.osaka-jinjacho.jp/funai_jinja/dai1shibu/minoh-city/01015abitajinja.html
http://www.wikidata.org/entity/Q11442345,天児屋根命神社,https://www.osaka-jinjacho.jp/funai_jinja/dai1shibu/minoh-city/01017amenokoyanenomikotojinja.html
http://www.wikidata.org/entity/Q11570502,八幡大神宮,https://www.osaka-jinjacho.jp/funai_jinja/dai1shibu/minoh-city/01022hachimandaijingu.html
http://www.wikidata.org/entity/Q11545325,止々呂美神社,https://www.osaka-jinjacho.jp/funai_jinja/dai1shibu/minoh-city/01032todoromijinja.html
http://www.wikidata.org/entity/Q11516907,服部天神宮,https://www.osaka-jinjacho.jp/funai_jinja/dai1shibu/toyonaka-city/01001hattoritenjingu.html
http://www.wikidata.org/entity/Q11485824,庄内神社,https://www.osaka-jinjacho.jp/funai_jinja/dai1shibu/toyonaka-city/01002shonaijinja.html
http://www.wikidata.org/entity/Q54153289,椋橋総社,https://www.osaka-jinjacho.jp/funai_jinja/dai1shibu/toyonaka-city/01007kurahashisosha.html
http://www.wikidata.org/entity/Q11390709,八坂神社,https://www.osaka-jinjacho.jp/funai_jinja/dai1shibu/toyonaka-city/01013yasakajinja.html
http://www.wikidata.org/entity/Q11513675,春日神社,https://www.osaka-jinjacho.jp/funai_jinja/dai1shibu/toyonaka-city/01016kasugajinja.html
http://www.wikidata.org/entity/Q11381873,住吉神社,https://www.osaka-jinjacho.jp/funai_jinja/dai1shibu/toyonaka-city/01023sumiyoshijinja.html
http://www.wikidata.org/entity/Q135433697,比叡神社,https://www.kagojinjacho.or.jp/shrine-search/area-hokusatsu/%e3%81%95%e3%81%a4%e3%81%be%e7%94%ba/1085/
http://www.wikidata.org/entity/Q135434037,古紫尾神社,https://www.kagojinjacho.or.jp/shrine-search/area-hokusatsu/%e3%81%95%e3%81%a4%e3%81%be%e7%94%ba/1133/
http://www.wikidata.org/entity/Q135434406,松尾神社,https://www.kagojinjacho.or.jp/shrine-search/area-hokusatsu/%e3%81%95%e3%81%a4%e3%81%be%e7%94%ba/1154/
http://www.wikidata.org/entity/Q135434163,御年神社,https://www.kagojinjacho.or.jp/shrine-search/area-hokusatsu/%e3%81%95%e3%81%a4%e3%81%be%e7%94%ba/1174/
http://www.wikidata.org/entity/Q135434040,八坂神社,https://www.kagojinjacho.or.jp/shrine-search/area-hokusatsu/%e3%81%95%e3%81%a4%e3%81%be%e7%94%ba/1274/
http://www.wikidata.org/entity/Q135434525,明良神社,https://www.kagojinjacho.or.jp/shrine-search/area-hokusatsu/%e3%81%95%e3%81%a4%e3%81%be%e7%94%ba/253/
http://www.wikidata.org/entity/Q135434398,阿字賀神社,https://www.kagojinjacho.or.jp/shrine-search/area-hokusatsu/%e3%81%95%e3%81%a4%e3%81%be%e7%94%ba/257/
http://www.wikidata.org/entity/Q135433802,稲留神社,https://www.kagojinjacho.or.jp/shrine-search/area-hokusatsu/%e3%81%95%e3%81%a4%e3%81%be%e7%94%ba/367/
http://www.wikidata.org/entity/Q11617924,茨木神社,https://www.osaka-jinjacho.jp/funai_jinja/dai2shibu/ibaraki-city/02012ibarakijinja.html
http://www.wikidata.org/entity/Q11373608,井於神社,https://www.osaka-jinjacho.jp/funai_jinja/dai2shibu/ibaraki-city/02015iojinja.html
http://www.wikidata.org/entity/Q11383110,佐奈部神社,https://www.osaka-jinjacho.jp/funai_jinja/dai2shibu/ibaraki-city/02020sanabejinja.html
http://www.wikidata.org/entity/Q11570305,牟礼神社,https://www.osaka-jinjacho.jp/funai_jinja/dai2shibu/ibaraki-city/02023murejinja.html
http://www.wikidata.org/entity/Q17222452,太田神社,https://www.osaka-jinjacho.jp/funai_jinja/dai2shibu/ibaraki-city/02032ohdajinja.html
http://www.wikidata.org/entity/Q11383089,佐和良義神社,https://www.osaka-jinjacho.jp/funai_jinja/dai2shibu/ibaraki-city/02037sawaragijinja.html
http://www.wikidata.org/entity/Q11664487,須久久神社,https://www.osaka-jinjacho.jp/funai_jinja/dai2shibu/ibaraki-city/02044sukukujinja.html
http://www.wikidata.org/entity/Q24861740,大石神社,https://www.kagojinjacho.or.jp/shrine-search/area-hokusatsu/%e3%81%95%e3%81%a4%e3%81%be%e7%94%ba/442/
http://www.wikidata.org/entity/Q135433565,大年神社,https://www.kagojinjacho.or.jp/shrine-search/area-hokusatsu/%e3%81%95%e3%81%a4%e3%81%be%e7%94%ba/449/
http://www.wikidata.org/entity/Q135434036,川原神社,https://www.kagojinjacho.or.jp/shrine-search/area-hokusatsu/%e3%81%95%e3%81%a4%e3%81%be%e7%94%ba/535/
http://www.wikidata.org/entity/Q135433922,貴船神社,https://www.kagojinjacho.or.jp/shrine-search/area-hokusatsu/%e3%81%95%e3%81%a4%e3%81%be%e7%94%ba/542/
http://www.wikidata.org/entity/Q135434400,楠木神社,https://www.kagojinjacho.or.jp/shrine-search/area-hokusatsu/%e3%81%95%e3%81%a4%e3%81%be%e7%94%ba/580/
http://www.wikidata.org/entity/Q135434267,熊野神社,https://www.kagojinjacho.or.jp/shrine-search/area-hokusatsu/%e3%81%95%e3%81%a4%e3%81%be%e7%94%ba/608/
http://www.wikidata.org/entity/Q135434159,現王神社,https://www.kagojinjacho.or.jp/shrine-search/area-hokusatsu/%e3%81%95%e3%81%a4%e3%81%be%e7%94%ba/635/
http://www.wikidata.org/entity/Q135433567,上宮神社,https://www.kagojinjacho.or.jp/shrine-search/area-hokusatsu/%e3%81%95%e3%81%a4%e3%81%be%e7%94%ba/711/
http://www.wikidata.org/entity/Q135434528,白鳥神社,https://www.kagojinjacho.or.jp/shrine-search/area-hokusatsu/%e3%81%95%e3%81%a4%e3%81%be%e7%94%ba/717/
http://www.wikidata.org/entity/Q135434402,水天神社,https://www.kagojinjacho.or.jp/shrine-search/area-hokusatsu/%e3%81%95%e3%81%a4%e3%81%be%e7%94%ba/727/
http://www.wikidata.org/entity/Q11446282,女九神社,https://www.osaka-jinjacho.jp/funai_jinja/dai2shibu/ibaraki-city/02054mekujinja.html
http://www.wikidata.org/entity/Q11417040,味舌天満宮,https://www.osaka-jinjacho.jp/funai_jinja/dai2shibu/settsu-city/02017mashitatenmangu.html
