prefecture,shrine_name,kana,address,url
Gifu,神明神社,しんめいじんじゃ,岐阜県大垣市墨俣町先入方西蛇池1443番地,https://www.gifu-jinjacho.jp/syosai.php?shrno=1
Gifu,墨俣神社,すのまたじんじゃ,岐阜県大垣市墨俣町墨俣264番地,https://www.gifu-jinjacho.jp/syosai.php?shrno=2
Gifu,白髭神社,しらひげじんじゃ,岐阜県大垣市墨俣町墨俣1735番地の1,https://www.gifu-jinjacho.jp/syosai.php?shrno=3
Gifu,八幡神社,はちまんじんじゃ,岐阜県大垣市墨俣町墨俣1番地,https://www.gifu-jinjacho.jp/syosai.php?shrno=4
Gifu,不破神社,ふわじんじゃ,岐阜県大垣市墨俣町上宿348番地の1,https://www.gifu-jinjacho.jp/syosai.php?shrno=5
Gifu,浅間神社,あさまじんじゃ,岐阜県大垣市墨俣町下宿159番地,https://www.gifu-jinjacho.jp/syosai.php?shrno=6
Gifu,稲荷神社,いなりじんじゃ,岐阜県大垣市墨俣町二ツ木21番地,https://www.gifu-jinjacho.jp/syosai.php?shrno=7
Gifu,八幡神社,はちまんじんじゃ,岐阜県大垣市墨俣町二ツ木22番地,https://www.gifu-jinjacho.jp/syosai.php?shrno=8
Gifu,秋葉神社,あきばじんじゃ,岐阜県大垣市墨俣町墨俣本町無番地,https://www.gifu-jinjacho.jp/syosai.php?shrno=9
Gifu,天満神社,てんまんじんじゃ,岐阜県安八郡安八町西結1261番地,https://www.gifu-jinjacho.jp/syosai.php?shrno=10
Gifu,豊鍬神社,とよくわじんじゃ,岐阜県安八郡安八町西結北村中堤敷無番地,https://www.gifu-jinjacho.jp/syosai.php?shrno=11
Gifu,神明神社,しんめいじんじゃ,岐阜県安八郡安八町西結字板屋島2628番地の1,https://www.gifu-jinjacho.jp/syosai.php?shrno=12
Shiga,地主神社,ジシュ,滋賀県大津市葛川坊村町116,https://www.shiga-jinjacho.jp/ycBBS/Board.cgi/02_jinja_db/db/ycDB_02jinja-pc-detail.html?mode:view=1&view:oid=2
Shiga,八所神社,ハッショ,滋賀県大津市伊香立下在地町1316,https://www.shiga-jinjacho.jp/ycBBS/Board.cgi/02_jinja_db/db/ycDB_02jinja-pc-detail.html?mode:view=1&view:oid=3
Shiga,融神社,トオル,滋賀県大津市伊香立南庄町1846,https://www.shiga-jinjacho.jp/ycBBS/Board.cgi/02_jinja_db/db/ycDB_02jinja-pc-detail.html?mode:view=1&view:oid=4
Shiga,還来神社,モドロギ,滋賀県大津市伊香立途中町518,https://www.shiga-jinjacho.jp/ycBBS/Board.cgi/02_jinja_db/db/ycDB_02jinja-pc-detail.html?mode:view=1&view:oid=5
Shiga,神田神社,カンタ,滋賀県大津市真野4-7-2,https://www.shiga-jinjacho.jp/ycBBS/Board.cgi/02_jinja_db/db/ycDB_02jinja-pc-detail.html?mode:view=1&view:oid=6
Shiga,神田神社,カンダ,滋賀県大津市真野普門942,https://www.shiga-jinjacho.jp/ycBBS/Board.cgi/02_jinja_db/db/ycDB_02jinja-pc-detail.html?mode:view=1&view:oid=7
Shiga,樹下神社,コノモト,滋賀県大津市真野佐川町515,https://www.shiga-jinjacho.jp/ycBBS/Board.cgi/02_jinja_db/db/ycDB_02jinja-pc-detail.html?mode:view=1&view:oid=8
Shiga,河内神社,カワチ,滋賀県大津市真野大野549,https://www.shiga-jinjacho.jp/ycBBS/Board.cgi/02_jinja_db/db/ycDB_02jinja-pc-detail.html?mode:view=1&view:oid=9
Shiga,八幡神社,ハチマン,滋賀県大津市真野谷口町309,https://www.shiga-jinjacho.jp/ycBBS/Board.cgi/02_jinja_db/db/ycDB_02jinja-pc-detail.html?mode:view=1&view:oid=10
Shiga,伊豆神社,イヅ,滋賀県大津市本堅田1-19-26,https://www.shiga-jinjacho.jp/ycBBS/Board.cgi/02_jinja_db/db/ycDB_02jinja-pc-detail.html?mode:view=1&view:oid=11
Shiga,神田神社,カンダ,滋賀県大津市本堅田1-9-27,https://www.shiga-jinjacho.jp/ycBBS/Board.cgi/02_jinja_db/db/ycDB_02jinja-pc-detail.html?mode:view=1&view:oid=12
Shiga,鞍掛神社,クラカケ,滋賀県大津市衣川2-28-1,https://www.shiga-jinjacho.jp/ycBBS/Board.cgi/02_jinja_db/db/ycDB_02jinja-pc-detail.html?mode:view=1&view:oid=14
Shiga,天満神社,テンマン,滋賀県大津市衣川3-4-1,https://www.shiga-jinjacho.jp/ycBBS/Board.cgi/02_jinja_db/db/ycDB_02jinja-pc-detail.html?mode:view=1&view:oid=15
Shiga,伊豆神田神社,イヅカンダ,滋賀県大津市今堅田1-16-18,https://www.shiga-jinjacho.jp/ycBBS/Board.cgi/02_jinja_db/db/ycDB_02jinja-pc-detail.html?mode:view=1&view:oid=16
Shiga,小椋神社,オグラ,滋賀県大津市仰木4-38-55,https://www.shiga-jinjacho.jp/ycBBS/Board.cgi/02_jinja_db/db/ycDB_02jinja-pc-detail.html?mode:view=1&view:oid=17
Shiga,若宮神社,ワカミヤ,滋賀県大津市千野1-12-13,https://www.shiga-jinjacho.jp/ycBBS/Board.cgi/02_jinja_db/db/ycDB_02jinja-pc-detail.html?mode:view=1&view:oid=19
Shiga,天満神社,テンマン,滋賀県大津市千野3-3-21,https://www.shiga-jinjacho.jp/ycBBS/Board.cgi/02_jinja_db/db/ycDB_02jinja-pc-detail.html?mode:view=1&view:oid=20
Shiga,那波加神社,ナハカ,滋賀県大津市苗鹿1-8-1,https://www.shiga-jinjacho.jp/ycBBS/Board.cgi/02_jinja_db/db/ycDB_02jinja-pc-detail.html?mode:view=1&view:oid=21
Shiga,高穴穂神社,タカアナホ,滋賀県大津市穴太1-3-1,https://www.shiga-jinjacho.jp/ycBBS/Board.cgi/02_jinja_db/db/ycDB_02jinja-pc-detail.html?mode:view=1&view:oid=22
Shiga,日吉大社,ヒヨシ,滋賀県大津市坂本5-1-1,https://www.shiga-jinjacho.jp/ycBBS/Board.cgi/02_jinja_db/db/ycDB_02jinja-pc-detail.html?mode:view=1&view:oid=23
Shiga,倭神社,ヤマト,滋賀県大津市坂本1-8-31,https://www.shiga-jinjacho.jp/ycBBS/Board.cgi/02_jinja_db/db/ycDB_02jinja-pc-detail.html?mode:view=1&view:oid=24
Shiga,福太夫神社,フクダユウ,滋賀県大津市坂本6-29-1,https://www.shiga-jinjacho.jp/ycBBS/Board.cgi/02_jinja_db/db/ycDB_02jinja-pc-detail.html?mode:view=1&view:oid=25
Shiga,杉生神社,スギオ,滋賀県大津市坂本3-11-5,https://www.shiga-jinjacho.jp/ycBBS/Board.cgi/02_jinja_db/db/ycDB_02jinja-pc-detail.html?mode:view=1&view:oid=26
Shiga,長沢神社,ナガサワ,滋賀県大津市坂本2-13-3,https://www.shiga-jinjacho.jp/ycBBS/Board.cgi/02_jinja_db/db/ycDB_02jinja-pc-detail.html?mode:view=1&view:oid=27
Shiga,榊宮社,サカキノミヤシロ,滋賀県大津市坂本4-9-57,https://www.shiga-jinjacho.jp/ycBBS/Board.cgi/02_jinja_db/db/ycDB_02jinja-pc-detail.html?mode:view=1&view:oid=28
Shiga,石占井神社,イシライ,滋賀県大津市坂本3-16-41,https://www.shiga-jinjacho.jp/ycBBS/Board.cgi/02_jinja_db/db/ycDB_02jinja-pc-detail.html?mode:view=1&view:oid=29
Shiga,石動神社,イスルギ,滋賀県大津市坂本3-8-27,https://www.shiga-jinjacho.jp/ycBBS/Board.cgi/02_jinja_db/db/ycDB_02jinja-pc-detail.html?mode:view=1&view:oid=30
Shiga,流護因神社,ナガレゴイン,滋賀県大津市坂本5-3-12,https://www.shiga-jinjacho.jp/ycBBS/Board.cgi/02_jinja_db/db/ycDB_02jinja-pc-detail.html?mode:view=1&view:oid=31
Shiga,大将軍神社,タイショウグン,滋賀県大津市坂本6-1-19,https://www.shiga-jinjacho.jp/ycBBS/Board.cgi/02_jinja_db/db/ycDB_02jinja-pc-detail.html?mode:view=1&view:oid=32
Shiga,冠者殿神社,カンジャデン,滋賀県大津市坂本5-24-46,https://www.shiga-jinjacho.jp/ycBBS/Board.cgi/02_jinja_db/db/ycDB_02jinja-pc-detail.html?mode:view=1&view:oid=33
Shiga,倉園神社,クラソノ,滋賀県大津市坂本6-3-35,https://www.shiga-jinjacho.jp/ycBBS/Board.cgi/02_jinja_db/db/ycDB_02jinja-pc-detail.html?mode:view=1&view:oid=34
Shiga,下野天神社,シモノテン,滋賀県大津市坂本8-27-1,https://www.shiga-jinjacho.jp/ycBBS/Board.cgi/02_jinja_db/db/ycDB_02jinja-pc-detail.html?mode:view=1&view:oid=35
Shiga,御田神社,ミタ,滋賀県大津市坂本6-27-14,https://www.shiga-jinjacho.jp/ycBBS/Board.cgi/02_jinja_db/db/ycDB_02jinja-pc-detail.html?mode:view=1&view:oid=36
Shiga,福成神社,フクナリ,滋賀県大津市坂本4-12-9,https://www.shiga-jinjacho.jp/ycBBS/Board.cgi/02_jinja_db/db/ycDB_02jinja-pc-detail.html?mode:view=1&view:oid=37
Shiga,興玉神社,オキタマ,滋賀県大津市坂本5-15-21,https://www.shiga-jinjacho.jp/ycBBS/Board.cgi/02_jinja_db/db/ycDB_02jinja-pc-detail.html?mode:view=1&view:oid=38
Shiga,百枝天満神社,モモエテンマングウ,滋賀県大津市坂本6-2-28,https://www.shiga-jinjacho.jp/ycBBS/Board.cgi/02_jinja_db/db/ycDB_02jinja-pc-detail.html?mode:view=1&view:oid=39
Shiga,両社神社,リョウシャ,滋賀県大津市下阪本3-10-29,https://www.shiga-jinjacho.jp/ycBBS/Board.cgi/02_jinja_db/db/ycDB_02jinja-pc-detail.html?mode:view=1&view:oid=40
Shiga,若宮神社,ワカミヤ,滋賀県大津市下阪本1-24-1,https://www.shiga-jinjacho.jp/ycBBS/Board.cgi/02_jinja_db/db/ycDB_02jinja-pc-detail.html?mode:view=1&view:oid=41
Shiga,酒井神社,サカイ,滋賀県大津市下阪本4-9-18,https://www.shiga-jinjacho.jp/ycBBS/Board.cgi/02_jinja_db/db/ycDB_02jinja-pc-detail.html?mode:view=1&view:oid=42
Shiga,若宮神社,ワカミヤ,滋賀県大津市下阪本6-5-1,https://www.shiga-jinjacho.jp/ycBBS/Board.cgi/02_jinja_db/db/ycDB_02jinja-pc-detail.html?mode:view=1&view:oid=43
Shiga,磯成神社,イソナリ,滋賀県大津市下阪本6-8-10,https://www.shiga-jinjacho.jp/ycBBS/Board.cgi/02_jinja_db/db/ycDB_02jinja-pc-detail.html?mode:view=1&view:oid=44
Shiga,幸神神社,サイノカミ,滋賀県大津市下阪本4-22-1,https://www.shiga-jinjacho.jp/ycBBS/Board.cgi/02_jinja_db/db/ycDB_02jinja-pc-detail.html?mode:view=1&view:oid=45
Shiga,巖島神社,イツクシマ,滋賀県大津市下阪本5-8-5,https://www.shiga-jinjacho.jp/ycBBS/Board.cgi/02_jinja_db/db/ycDB_02jinja-pc-detail.html?mode:view=1&view:oid=46
Shiga,大崎神社,オオサキ,滋賀県大津市比叡辻1-6-9,https://www.shiga-jinjacho.jp/ycBBS/Board.cgi/02_jinja_db/db/ycDB_02jinja-pc-detail.html?mode:view=1&view:oid=47
Shiga,供所神社,クショ,滋賀県大津市比叡辻1-4-11,https://www.shiga-jinjacho.jp/ycBBS/Board.cgi/02_jinja_db/db/ycDB_02jinja-pc-detail.html?mode:view=1&view:oid=48
Shiga,八幡神社,ハチマン,滋賀県大津市滋賀里1-17-1,https://www.shiga-jinjacho.jp/ycBBS/Board.cgi/02_jinja_db/db/ycDB_02jinja-pc-detail.html?mode:view=1&view:oid=49
Shiga,倭神社,シドリ,滋賀県大津市滋賀里3-223,https://www.shiga-jinjacho.jp/ycBBS/Board.cgi/02_jinja_db/db/ycDB_02jinja-pc-detail.html?mode:view=1&view:oid=50
Shiga,近江神宮,オウミジングウ,滋賀県大津市神宮町1-1,https://www.shiga-jinjacho.jp/ycBBS/Board.cgi/02_jinja_db/db/ycDB_02jinja-pc-detail.html?mode:view=1&view:oid=51
Shiga,黒主神社,クロヌシ,滋賀県大津市南志賀2-24-1,https://www.shiga-jinjacho.jp/ycBBS/Board.cgi/02_jinja_db/db/ycDB_02jinja-pc-detail.html?mode:view=1&view:oid=52
Shiga,福王子神社,フクオウジ,滋賀県大津市南志賀2-19-1,https://www.shiga-jinjacho.jp/ycBBS/Board.cgi/02_jinja_db/db/ycDB_02jinja-pc-detail.html?mode:view=1&view:oid=53
Shiga,宇佐八幡神社,ウサハチマン,滋賀県大津市錦織1-15,https://www.shiga-jinjacho.jp/ycBBS/Board.cgi/02_jinja_db/db/ycDB_02jinja-pc-detail.html?mode:view=1&view:oid=54
Shiga,樹下神社,ジュゲ,滋賀県大津市山中町889,https://www.shiga-jinjacho.jp/ycBBS/Board.cgi/02_jinja_db/db/ycDB_02jinja-pc-detail.html?mode:view=1&view:oid=55
Shiga,蝉丸神社,セミマル,滋賀県大津市大谷町23-11,https://www.shiga-jinjacho.jp/ycBBS/Board.cgi/02_jinja_db/db/ycDB_02jinja-pc-detail.html?mode:view=1&view:oid=56
Shiga,藤尾神社,フジオ,滋賀県大津市藤尾奥町1-1,https://www.shiga-jinjacho.jp/ycBBS/Board.cgi/02_jinja_db/db/ycDB_02jinja-pc-detail.html?mode:view=1&view:oid=57
Shiga,三尾神社,ミオ,滋賀県大津市園城寺町251,https://www.shiga-jinjacho.jp/ycBBS/Board.cgi/02_jinja_db/db/ycDB_02jinja-pc-detail.html?mode:view=1&view:oid=58
Shiga,早尾神社,ハヤオ,滋賀県大津市山上町736,https://www.shiga-jinjacho.jp/ycBBS/Board.cgi/02_jinja_db/db/ycDB_02jinja-pc-detail.html?mode:view=1&view:oid=59
Shiga,長等神社,ナガラ,滋賀県大津市三井寺町4-1,https://www.shiga-jinjacho.jp/ycBBS/Board.cgi/02_jinja_db/db/ycDB_02jinja-pc-detail.html?mode:view=1&view:oid=60
Shiga,若宮八幡神社,ワカミヤハチマン,滋賀県大津市逢坂1-11-2,https://www.shiga-jinjacho.jp/ycBBS/Board.cgi/02_jinja_db/db/ycDB_02jinja-pc-detail.html?mode:view=1&view:oid=61
Shiga,蛭子神社,エビス,滋賀県大津市中央2-6-30,https://www.shiga-jinjacho.jp/ycBBS/Board.cgi/02_jinja_db/db/ycDB_02jinja-pc-detail.html?mode:view=1&view:oid=63
Shiga,天孫神社,テンソン,滋賀県大津市京町3-3-36,https://www.shiga-jinjacho.jp/ycBBS/Board.cgi/02_jinja_db/db/ycDB_02jinja-pc-detail.html?mode:view=1&view:oid=64
Shiga,彦田稲荷神社,ヒコタイナリ,滋賀県大津市浜大津1-1-12,https://www.shiga-jinjacho.jp/ycBBS/Board.cgi/02_jinja_db/db/ycDB_02jinja-pc-detail.html?mode:view=1&view:oid=65
Shiga,八幡神社,ハチマン,滋賀県大津市中央2-1-3,https://www.shiga-jinjacho.jp/ycBBS/Board.cgi/02_jinja_db/db/ycDB_02jinja-pc-detail.html?mode:view=1&view:oid=66
Shiga,石坐神社,イワイ,滋賀県大津市西の庄15-16,https://www.shiga-jinjacho.jp/ycBBS/Board.cgi/02_jinja_db/db/ycDB_02jinja-pc-detail.html?mode:view=1&view:oid=67
Shiga,平野神社,ヒラノ,滋賀県大津市松本1-8-25,https://www.shiga-jinjacho.jp/ycBBS/Board.cgi/02_jinja_db/db/ycDB_02jinja-pc-detail.html?mode:view=1&view:oid=68
Shiga,和田神社,ワダ,滋賀県大津市木下町7-13,https://www.shiga-jinjacho.jp/ycBBS/Board.cgi/02_jinja_db/db/ycDB_02jinja-pc-detail.html?mode:view=1&view:oid=69
Shiga,膳所神社,ゼゼ,滋賀県大津市膳所1-14-14,https://www.shiga-jinjacho.jp/ycBBS/Board.cgi/02_jinja_db/db/ycDB_02jinja-pc-detail.html?mode:view=1&view:oid=70
Shiga,篠津神社,シノヅ,滋賀県大津市中庄1-14-24,https://www.shiga-jinjacho.jp/ycBBS/Board.cgi/02_jinja_db/db/ycDB_02jinja-pc-detail.html?mode:view=1&view:oid=71
Shiga,粟津神社,アワヅ,滋賀県大津市中庄1-21-17,https://www.shiga-jinjacho.jp/ycBBS/Board.cgi/02_jinja_db/db/ycDB_02jinja-pc-detail.html?mode:view=1&view:oid=72
Shiga,本多神社,ホンダ,滋賀県大津市御殿浜20-50,https://www.shiga-jinjacho.jp/ycBBS/Board.cgi/02_jinja_db/db/ycDB_02jinja-pc-detail.html?mode:view=1&view:oid=74
Shiga,若宮八幡神社,ワカミヤハチマン,滋賀県大津市杉浦町20-20,https://www.shiga-jinjacho.jp/ycBBS/Board.cgi/02_jinja_db/db/ycDB_02jinja-pc-detail.html?mode:view=1&view:oid=75
Shiga,秋葉神社,アキバ,滋賀県大津市秋葉台34-23,https://www.shiga-jinjacho.jp/ycBBS/Board.cgi/02_jinja_db/db/ycDB_02jinja-pc-detail.html?mode:view=1&view:oid=76
Shiga,菅原神社,スガハラ,滋賀県大津市膳所平尾町987,https://www.shiga-jinjacho.jp/ycBBS/Board.cgi/02_jinja_db/db/ycDB_02jinja-pc-detail.html?mode:view=1&view:oid=77
Shiga,御霊神社,ゴリョウ,滋賀県大津市鳥居川町14-13,https://www.shiga-jinjacho.jp/ycBBS/Board.cgi/02_jinja_db/db/ycDB_02jinja-pc-detail.html?mode:view=1&view:oid=78
Shiga,御霊神社,ゴリョウ,滋賀県大津市北大路1-6-26,https://www.shiga-jinjacho.jp/ycBBS/Board.cgi/02_jinja_db/db/ycDB_02jinja-pc-detail.html?mode:view=1&view:oid=79
Shiga,新宮神社,シングウ,滋賀県大津市石山寺2-13-16,https://www.shiga-jinjacho.jp/ycBBS/Board.cgi/02_jinja_db/db/ycDB_02jinja-pc-detail.html?mode:view=1&view:oid=81
Shiga,戸隠神社,トガクシ,滋賀県大津市平津2-9-13,https://www.shiga-jinjacho.jp/ycBBS/Board.cgi/02_jinja_db/db/ycDB_02jinja-pc-detail.html?mode:view=1&view:oid=82
Shiga,御霊神社,ゴリョウ,滋賀県大津市南郷5-4-9,https://www.shiga-jinjacho.jp/ycBBS/Board.cgi/02_jinja_db/db/ycDB_02jinja-pc-detail.html?mode:view=1&view:oid=83
Shiga,春日神社,カスガ,滋賀県大津市石山内畑町242,https://www.shiga-jinjacho.jp/ycBBS/Board.cgi/02_jinja_db/db/ycDB_02jinja-pc-detail.html?mode:view=1&view:oid=84
Shiga,貴船御霊神社,キフネゴリョウ,滋賀県大津市大石曽束町197,https://www.shiga-jinjacho.jp/ycBBS/Board.cgi/02_jinja_db/db/ycDB_02jinja-pc-detail.html?mode:view=1&view:oid=85
Shiga,八幡神社,ハチマン,滋賀県大津市大石小田原町263,https://www.shiga-jinjacho.jp/ycBBS/Board.cgi/02_jinja_db/db/ycDB_02jinja-pc-detail.html?mode:view=1&view:oid=86
Shiga,八幡神社,ハチマン,滋賀県大津市大石龍門461,https://www.shiga-jinjacho.jp/ycBBS/Board.cgi/02_jinja_db/db/ycDB_02jinja-pc-detail.html?mode:view=1&view:oid=87
Shiga,佐久奈度神社,サクナド,滋賀県大津市大石中1-2-1,https://www.shiga-jinjacho.jp/ycBBS/Board.cgi/02_jinja_db/db/ycDB_02jinja-pc-detail.html?mode:view=1&view:oid=88
Shiga,春日神社,カスガ,滋賀県大津市大石富川1-9-2,https://www.shiga-jinjacho.jp/ycBBS/Board.cgi/02_jinja_db/db/ycDB_02jinja-pc-detail.html?mode:view=1&view:oid=89
Shiga,琴平神社,コトヒラ,滋賀県大津市大石富川4-8-3,https://www.shiga-jinjacho.jp/ycBBS/Board.cgi/02_jinja_db/db/ycDB_02jinja-pc-detail.html?mode:view=1&view:oid=90
Shiga,須賀神社,スガ,滋賀県大津市田上羽栗町201,https://www.shiga-jinjacho.jp/ycBBS/Board.cgi/02_jinja_db/db/ycDB_02jinja-pc-detail.html?mode:view=1&view:oid=91
Shiga,白山神社,ハクサン,滋賀県大津市森153,https://www.shiga-jinjacho.jp/ycBBS/Board.cgi/02_jinja_db/db/ycDB_02jinja-pc-detail.html?mode:view=1&view:oid=92
Shiga,八幡神社,ハチマン,滋賀県大津市田上森町579,https://www.shiga-jinjacho.jp/ycBBS/Board.cgi/02_jinja_db/db/ycDB_02jinja-pc-detail.html?mode:view=1&view:oid=93
Shiga,天満神社,テンマン,滋賀県大津市田上枝町465,https://www.shiga-jinjacho.jp/ycBBS/Board.cgi/02_jinja_db/db/ycDB_02jinja-pc-detail.html?mode:view=1&view:oid=94
Shiga,毛知比神社,モチヒ,滋賀県大津市里5-7-20,https://www.shiga-jinjacho.jp/ycBBS/Board.cgi/02_jinja_db/db/ycDB_02jinja-pc-detail.html?mode:view=1&view:oid=95
Shiga,神立神社,カンダチ,滋賀県大津市石居1-9-25,https://www.shiga-jinjacho.jp/ycBBS/Board.cgi/02_jinja_db/db/ycDB_02jinja-pc-detail.html?mode:view=1&view:oid=96
Shiga,大将軍神社,ダイショウグン,滋賀県大津市石居1-7-16,https://www.shiga-jinjacho.jp/ycBBS/Board.cgi/02_jinja_db/db/ycDB_02jinja-pc-detail.html?mode:view=1&view:oid=97
Shiga,上津神社,カミツ,滋賀県大津市稲津2-6-1,https://www.shiga-jinjacho.jp/ycBBS/Board.cgi/02_jinja_db/db/ycDB_02jinja-pc-detail.html?mode:view=1&view:oid=98
Shiga,上津神社,カミツ,滋賀県大津市太子1-2-12,https://www.shiga-jinjacho.jp/ycBBS/Board.cgi/02_jinja_db/db/ycDB_02jinja-pc-detail.html?mode:view=1&view:oid=99
Shiga,山神社,ヤマ,滋賀県大津市太子1-2-1,https://www.shiga-jinjacho.jp/ycBBS/Board.cgi/02_jinja_db/db/ycDB_02jinja-pc-detail.html?mode:view=1&view:oid=100
Shiga,新茂智神社,シンモチ,滋賀県大津市関津4-8-1,https://www.shiga-jinjacho.jp/ycBBS/Board.cgi/02_jinja_db/db/ycDB_02jinja-pc-detail.html?mode:view=1&view:oid=101
Shiga,白山神社,ハクサン,滋賀県大津市関津1,https://www.shiga-jinjacho.jp/ycBBS/Board.cgi/02_jinja_db/db/ycDB_02jinja-pc-detail.html?mode:view=1&view:oid=102
Shiga,諏訪神社,スワ,滋賀県大津市関津1-9-11,https://www.shiga-jinjacho.jp/ycBBS/Board.cgi/02_jinja_db/db/ycDB_02jinja-pc-detail.html?mode:view=1&view:oid=103
Shiga,箭簳神社,ヤノ,滋賀県大津市桐生201,https://www.shiga-jinjacho.jp/ycBBS/Board.cgi/02_jinja_db/db/ycDB_02jinja-pc-detail.html?mode:view=1&view:oid=105
Shiga,八幡神社,ハチマン,滋賀県大津市牧1-12-10,https://www.shiga-jinjacho.jp/ycBBS/Board.cgi/02_jinja_db/db/ycDB_02jinja-pc-detail.html?mode:view=1&view:oid=106
Shiga,天満宮,テンマングウ,滋賀県大津市平野1-13-7,https://www.shiga-jinjacho.jp/ycBBS/Board.cgi/02_jinja_db/db/ycDB_02jinja-pc-detail.html?mode:view=1&view:oid=107
Shiga,荒戸神社,アラト,滋賀県大津市中野3-2-2,https://www.shiga-jinjacho.jp/ycBBS/Board.cgi/02_jinja_db/db/ycDB_02jinja-pc-detail.html?mode:view=1&view:oid=108
Shiga,波穂神社,ナミホ,滋賀県大津市芝原1-4-15,https://www.shiga-jinjacho.jp/ycBBS/Board.cgi/02_jinja_db/db/ycDB_02jinja-pc-detail.html?mode:view=1&view:oid=109
Shiga,若宮八幡神社,ワカミヤハチマン,滋賀県大津市堂1-1-2,https://www.shiga-jinjacho.jp/ycBBS/Board.cgi/02_jinja_db/db/ycDB_02jinja-pc-detail.html?mode:view=1&view:oid=110
Shiga,新宮神社,シングウ,滋賀県大津市新免2-12-15,https://www.shiga-jinjacho.jp/ycBBS/Board.cgi/02_jinja_db/db/ycDB_02jinja-pc-detail.html?mode:view=1&view:oid=111
Shiga,建部大社,タケベ,滋賀県大津市神領1-16-1,https://www.shiga-jinjacho.jp/ycBBS/Board.cgi/02_jinja_db/db/ycDB_02jinja-pc-detail.html?mode:view=1&view:oid=112
Shiga,御霊神社,ゴリョウ,滋賀県大津市大江6-13-28,https://www.shiga-jinjacho.jp/ycBBS/Board.cgi/02_jinja_db/db/ycDB_02jinja-pc-detail.html?mode:view=1&view:oid=113
Shiga,若松神社,ワカマツ,滋賀県大津市大江2-9-1,https://www.shiga-jinjacho.jp/ycBBS/Board.cgi/02_jinja_db/db/ycDB_02jinja-pc-detail.html?mode:view=1&view:oid=114
Shiga,八坂神社,ヤサカ,滋賀県大津市月輪1-5-12,https://www.shiga-jinjacho.jp/ycBBS/Board.cgi/02_jinja_db/db/ycDB_02jinja-pc-detail.html?mode:view=1&view:oid=116
Shiga,小野神社,オノ,滋賀県大津市小野1961,https://www.shiga-jinjacho.jp/ycBBS/Board.cgi/02_jinja_db/db/ycDB_02jinja-pc-detail.html?mode:view=1&view:oid=117
Shiga,天皇神社,テンノウジンジャ,滋賀県大津市和迩中146番地,https://www.shiga-jinjacho.jp/ycBBS/Board.cgi/02_jinja_db/db/ycDB_02jinja-pc-detail.html?mode:view=1&view:oid=118
Shiga,木元神社,キモト,滋賀県大津市和邇南浜185,https://www.shiga-jinjacho.jp/ycBBS/Board.cgi/02_jinja_db/db/ycDB_02jinja-pc-detail.html?mode:view=1&view:oid=119
Shiga,大将軍神社,ダイショウグン,滋賀県大津市和邇中浜58,https://www.shiga-jinjacho.jp/ycBBS/Board.cgi/02_jinja_db/db/ycDB_02jinja-pc-detail.html?mode:view=1&view:oid=120
Shiga,住吉神社,スミヨシ,滋賀県大津市和邇北浜644,https://www.shiga-jinjacho.jp/ycBBS/Board.cgi/02_jinja_db/db/ycDB_02jinja-pc-detail.html?mode:view=1&view:oid=121
Shiga,水分神社,ミクマリ,滋賀県大津市栗原446,https://www.shiga-jinjacho.jp/ycBBS/Board.cgi/02_jinja_db/db/ycDB_02jinja-pc-detail.html?mode:view=1&view:oid=122
Shiga,八所神社,ハッショ,滋賀県大津市南船路321,https://www.shiga-jinjacho.jp/ycBBS/Board.cgi/02_jinja_db/db/ycDB_02jinja-pc-detail.html?mode:view=1&view:oid=123
Shiga,若宮神社,ワカミヤ,滋賀県大津市八屋戸306,https://www.shiga-jinjacho.jp/ycBBS/Board.cgi/02_jinja_db/db/ycDB_02jinja-pc-detail.html?mode:view=1&view:oid=124
Shiga,八所神社,ハッショ,滋賀県大津市八屋戸1074,https://www.shiga-jinjacho.jp/ycBBS/Board.cgi/02_jinja_db/db/ycDB_02jinja-pc-detail.html?mode:view=1&view:oid=125
Shiga,樹下神社,ジュゲ,滋賀県大津市木戸680-1,https://www.shiga-jinjacho.jp/ycBBS/Board.cgi/02_jinja_db/db/ycDB_02jinja-pc-detail.html?mode:view=1&view:oid=126
Shiga,湯島神社,ユシマ,滋賀県大津市荒川647-1,https://www.shiga-jinjacho.jp/ycBBS/Board.cgi/02_jinja_db/db/ycDB_02jinja-pc-detail.html?mode:view=1&view:oid=127
Shiga,樹下神社,ジュゲ,滋賀県大津市南比良98,https://www.shiga-jinjacho.jp/ycBBS/Board.cgi/02_jinja_db/db/ycDB_02jinja-pc-detail.html?mode:view=1&view:oid=128
Shiga,天満神社,テンマン,滋賀県大津市北比良381,https://www.shiga-jinjacho.jp/ycBBS/Board.cgi/02_jinja_db/db/ycDB_02jinja-pc-detail.html?mode:view=1&view:oid=129
Shiga,八幡神社,ハチマン,滋賀県大津市南小松397,https://www.shiga-jinjacho.jp/ycBBS/Board.cgi/02_jinja_db/db/ycDB_02jinja-pc-detail.html?mode:view=1&view:oid=130
Shiga,樹下神社,ジュゲ,滋賀県大津市北小松914,https://www.shiga-jinjacho.jp/ycBBS/Board.cgi/02_jinja_db/db/ycDB_02jinja-pc-detail.html?mode:view=1&view:oid=131
Shiga,千代神社,チヨ,滋賀県彦根市京町2-9-33,https://www.shiga-jinjacho.jp/ycBBS/Board.cgi/02_jinja_db/db/ycDB_02jinja-pc-detail.html?mode:view=1&view:oid=132
Shiga,蛭子神社,エビス,滋賀県彦根市橋向町39,https://www.shiga-jinjacho.jp/ycBBS/Board.cgi/02_jinja_db/db/ycDB_02jinja-pc-detail.html?mode:view=1&view:oid=133
Shiga,彦根神社,ヒコネ,滋賀県彦根市後三条町122,https://www.shiga-jinjacho.jp/ycBBS/Board.cgi/02_jinja_db/db/ycDB_02jinja-pc-detail.html?mode:view=1&view:oid=134
Shiga,滋賀県護国神社,シガケンゴコク,滋賀県彦根市尾末町1-59,https://www.shiga-jinjacho.jp/ycBBS/Board.cgi/02_jinja_db/db/ycDB_02jinja-pc-detail.html?mode:view=1&view:oid=135
Shiga,金刀比羅神社,コトヒラ,滋賀県彦根市佐和町1-16,https://www.shiga-jinjacho.jp/ycBBS/Board.cgi/02_jinja_db/db/ycDB_02jinja-pc-detail.html?mode:view=1&view:oid=136
Shiga,鳴宮神社,ナルミヤ,滋賀県彦根市平田町530,https://www.shiga-jinjacho.jp/ycBBS/Board.cgi/02_jinja_db/db/ycDB_02jinja-pc-detail.html?mode:view=1&view:oid=137
Shiga,鳴宮神社,ナルミヤ,滋賀県彦根市平田町1068,https://www.shiga-jinjacho.jp/ycBBS/Board.cgi/02_jinja_db/db/ycDB_02jinja-pc-detail.html?mode:view=1&view:oid=138
Shiga,八坂神社,ヤサカ,滋賀県彦根市戸賀町250,https://www.shiga-jinjacho.jp/ycBBS/Board.cgi/02_jinja_db/db/ycDB_02jinja-pc-detail.html?mode:view=1&view:oid=139
Shiga,近々木神社,ササキ,滋賀県彦根市小泉町621,https://www.shiga-jinjacho.jp/ycBBS/Board.cgi/02_jinja_db/db/ycDB_02jinja-pc-detail.html?mode:view=1&view:oid=140
Shiga,都恵神社,ツエ,滋賀県彦根市竹ケ鼻町256,https://www.shiga-jinjacho.jp/ycBBS/Board.cgi/02_jinja_db/db/ycDB_02jinja-pc-detail.html?mode:view=1&view:oid=141
Shiga,福満神社,フクミツ,滋賀県彦根市西今町1021,https://www.shiga-jinjacho.jp/ycBBS/Board.cgi/02_jinja_db/db/ycDB_02jinja-pc-detail.html?mode:view=1&view:oid=142
Shiga,白山神社,ハクサン,滋賀県彦根市宇尾町176,https://www.shiga-jinjacho.jp/ycBBS/Board.cgi/02_jinja_db/db/ycDB_02jinja-pc-detail.html?mode:view=1&view:oid=143
Shiga,北野神社,キタノ,滋賀県彦根市馬場1-3-10,https://www.shiga-jinjacho.jp/ycBBS/Board.cgi/02_jinja_db/db/ycDB_02jinja-pc-detail.html?mode:view=1&view:oid=144
Shiga,春日神社,カスガ,滋賀県彦根市松原町512,https://www.shiga-jinjacho.jp/ycBBS/Board.cgi/02_jinja_db/db/ycDB_02jinja-pc-detail.html?mode:view=1&view:oid=145
Shiga,井伊神社,イイ,滋賀県彦根市古沢町1112,https://www.shiga-jinjacho.jp/ycBBS/Board.cgi/02_jinja_db/db/ycDB_02jinja-pc-detail.html?mode:view=1&view:oid=146
Shiga,日吉神社,ヒヨシ,滋賀県彦根市里根町277,https://www.shiga-jinjacho.jp/ycBBS/Board.cgi/02_jinja_db/db/ycDB_02jinja-pc-detail.html?mode:view=1&view:oid=147
Shiga,櫻神社,サクラ,滋賀県彦根市外町227,https://www.shiga-jinjacho.jp/ycBBS/Board.cgi/02_jinja_db/db/ycDB_02jinja-pc-detail.html?mode:view=1&view:oid=148
Shiga,賢木神社,サカキ,滋賀県彦根市安清町149,https://www.shiga-jinjacho.jp/ycBBS/Board.cgi/02_jinja_db/db/ycDB_02jinja-pc-detail.html?mode:view=1&view:oid=149
Shiga,稲荷神社,イナリ,滋賀県彦根市芹川町632,https://www.shiga-jinjacho.jp/ycBBS/Board.cgi/02_jinja_db/db/ycDB_02jinja-pc-detail.html?mode:view=1&view:oid=150
Shiga,稲生神社,イナオ,滋賀県彦根市芹川町916,https://www.shiga-jinjacho.jp/ycBBS/Board.cgi/02_jinja_db/db/ycDB_02jinja-pc-detail.html?mode:view=1&view:oid=151
Shiga,稲荷神社,イナリ,滋賀県彦根市岡町152,https://www.shiga-jinjacho.jp/ycBBS/Board.cgi/02_jinja_db/db/ycDB_02jinja-pc-detail.html?mode:view=1&view:oid=152
Shiga,岩清水神社,イワシミズ,滋賀県彦根市大堀町749,https://www.shiga-jinjacho.jp/ycBBS/Board.cgi/02_jinja_db/db/ycDB_02jinja-pc-detail.html?mode:view=1&view:oid=154
Shiga,八幡神社,ハチマン,滋賀県彦根市東沼波町893,https://www.shiga-jinjacho.jp/ycBBS/Board.cgi/02_jinja_db/db/ycDB_02jinja-pc-detail.html?mode:view=1&view:oid=155
Shiga,大神宮社,ダイジングウ,滋賀県彦根市西沼波町960,https://www.shiga-jinjacho.jp/ycBBS/Board.cgi/02_jinja_db/db/ycDB_02jinja-pc-detail.html?mode:view=1&view:oid=156
Shiga,大神宮,ダイジングウ,滋賀県彦根市西沼波町108,https://www.shiga-jinjacho.jp/ycBBS/Board.cgi/02_jinja_db/db/ycDB_02jinja-pc-detail.html?mode:view=1&view:oid=157
Shiga,春日神社,カスガ,滋賀県彦根市地蔵町1,https://www.shiga-jinjacho.jp/ycBBS/Board.cgi/02_jinja_db/db/ycDB_02jinja-pc-detail.html?mode:view=1&view:oid=158
Shiga,日吉神社,ヒヨシ,滋賀県彦根市正法寺町168,https://www.shiga-jinjacho.jp/ycBBS/Board.cgi/02_jinja_db/db/ycDB_02jinja-pc-detail.html?mode:view=1&view:oid=159
Shiga,三社神社,サンシヤ,滋賀県彦根市野田山町281,https://www.shiga-jinjacho.jp/ycBBS/Board.cgi/02_jinja_db/db/ycDB_02jinja-pc-detail.html?mode:view=1&view:oid=160
Shiga,菅原神社,スガハラ,滋賀県彦根市開出今町276,https://www.shiga-jinjacho.jp/ycBBS/Board.cgi/02_jinja_db/db/ycDB_02jinja-pc-detail.html?mode:view=1&view:oid=161
Shiga,木和田神社,キワダ,滋賀県彦根市八坂町1088,https://www.shiga-jinjacho.jp/ycBBS/Board.cgi/02_jinja_db/db/ycDB_02jinja-pc-detail.html?mode:view=1&view:oid=162
Shiga,神明神社,シンメイ,滋賀県彦根市大藪町1818,https://www.shiga-jinjacho.jp/ycBBS/Board.cgi/02_jinja_db/db/ycDB_02jinja-pc-detail.html?mode:view=1&view:oid=163
Shiga,唐崎神社,トウザキ,滋賀県彦根市日夏町4778,https://www.shiga-jinjacho.jp/ycBBS/Board.cgi/02_jinja_db/db/ycDB_02jinja-pc-detail.html?mode:view=1&view:oid=164
Shiga,高良神社,コウラ,滋賀県彦根市鳥居本町2464,https://www.shiga-jinjacho.jp/ycBBS/Board.cgi/02_jinja_db/db/ycDB_02jinja-pc-detail.html?mode:view=1&view:oid=165
Shiga,天神社,テン,滋賀県彦根市甲田町99,https://www.shiga-jinjacho.jp/ycBBS/Board.cgi/02_jinja_db/db/ycDB_02jinja-pc-detail.html?mode:view=1&view:oid=166
Shiga,山田神社,ヤマダ,滋賀県彦根市宮田町120,https://www.shiga-jinjacho.jp/ycBBS/Board.cgi/02_jinja_db/db/ycDB_02jinja-pc-detail.html?mode:view=1&view:oid=167
Shiga,八幡神社,ハチマン,滋賀県彦根市小野町409,https://www.shiga-jinjacho.jp/ycBBS/Board.cgi/02_jinja_db/db/ycDB_02jinja-pc-detail.html?mode:view=1&view:oid=168
Shiga,日枝神社,ヒエ,滋賀県彦根市笹尾町287,https://www.shiga-jinjacho.jp/ycBBS/Board.cgi/02_jinja_db/db/ycDB_02jinja-pc-detail.html?mode:view=1&view:oid=170
Shiga,天津神社,アマツ,滋賀県彦根市荘厳寺町4,https://www.shiga-jinjacho.jp/ycBBS/Board.cgi/02_jinja_db/db/ycDB_02jinja-pc-detail.html?mode:view=1&view:oid=171
Shiga,天津神社,アマツ,滋賀県彦根市荘厳寺町88,https://www.shiga-jinjacho.jp/ycBBS/Board.cgi/02_jinja_db/db/ycDB_02jinja-pc-detail.html?mode:view=1&view:oid=172
Shiga,神明社,シンメイシャ,滋賀県彦根市善谷町295,https://www.shiga-jinjacho.jp/ycBBS/Board.cgi/02_jinja_db/db/ycDB_02jinja-pc-detail.html?mode:view=1&view:oid=173
Shiga,八坂神社,ヤサカ,滋賀県彦根市中山町153,https://www.shiga-jinjacho.jp/ycBBS/Board.cgi/02_jinja_db/db/ycDB_02jinja-pc-detail.html?mode:view=1&view:oid=174
Shiga,神明宮,シンメイグウ,滋賀県彦根市中山町819,https://www.shiga-jinjacho.jp/ycBBS/Board.cgi/02_jinja_db/db/ycDB_02jinja-pc-detail.html?mode:view=1&view:oid=175
Shiga,神明宮,シンメイグウ,滋賀県彦根市仏生寺町8-273,https://www.shiga-jinjacho.jp/ycBBS/Board.cgi/02_jinja_db/db/ycDB_02jinja-pc-detail.html?mode:view=1&view:oid=176
Shiga,日枝神社,ヒエ,滋賀県彦根市男鬼町65,https://www.shiga-jinjacho.jp/ycBBS/Board.cgi/02_jinja_db/db/ycDB_02jinja-pc-detail.html?mode:view=1&view:oid=177
Shiga,比婆神社,ヒバ,滋賀県彦根市男鬼町494-5,https://www.shiga-jinjacho.jp/ycBBS/Board.cgi/02_jinja_db/db/ycDB_02jinja-pc-detail.html?mode:view=1&view:oid=178
Shiga,若宮神社,ワカミヤ,滋賀県彦根市武奈町225,https://www.shiga-jinjacho.jp/ycBBS/Board.cgi/02_jinja_db/db/ycDB_02jinja-pc-detail.html?mode:view=1&view:oid=179
Shiga,神明宮,シンメイグウ,滋賀県彦根市武奈町282,https://www.shiga-jinjacho.jp/ycBBS/Board.cgi/02_jinja_db/db/ycDB_02jinja-pc-detail.html?mode:view=1&view:oid=180
Shiga,鹿島神社,カシマ,滋賀県彦根市葛籠町545,https://www.shiga-jinjacho.jp/ycBBS/Board.cgi/02_jinja_db/db/ycDB_02jinja-pc-detail.html?mode:view=1&view:oid=181
Shiga,河瀬神社,カワセ,滋賀県彦根市川瀬馬場町480-1,https://www.shiga-jinjacho.jp/ycBBS/Board.cgi/02_jinja_db/db/ycDB_02jinja-pc-detail.html?mode:view=1&view:oid=182
Shiga,春日神社,カスガ,滋賀県彦根市広野町65,https://www.shiga-jinjacho.jp/ycBBS/Board.cgi/02_jinja_db/db/ycDB_02jinja-pc-detail.html?mode:view=1&view:oid=183
Shiga,山木戸神社,ヤマキド,滋賀県彦根市犬方町544,https://www.shiga-jinjacho.jp/ycBBS/Board.cgi/02_jinja_db/db/ycDB_02jinja-pc-detail.html?mode:view=1&view:oid=184
Shiga,荒神山神社,コウジンヤマ,滋賀県彦根市清崎町1931,https://www.shiga-jinjacho.jp/ycBBS/Board.cgi/02_jinja_db/db/ycDB_02jinja-pc-detail.html?mode:view=1&view:oid=185
Shiga,天満天神社,テンマテン,滋賀県彦根市清崎町1501,https://www.shiga-jinjacho.jp/ycBBS/Board.cgi/02_jinja_db/db/ycDB_02jinja-pc-detail.html?mode:view=1&view:oid=186
Shiga,高宮神社,タカミヤ,滋賀県彦根市高宮町1876,https://www.shiga-jinjacho.jp/ycBBS/Board.cgi/02_jinja_db/db/ycDB_02jinja-pc-detail.html?mode:view=1&view:oid=187
Shiga,甘呂神社,カンロ,滋賀県彦根市甘呂町863,https://www.shiga-jinjacho.jp/ycBBS/Board.cgi/02_jinja_db/db/ycDB_02jinja-pc-detail.html?mode:view=1&view:oid=188
Shiga,白山神社,ハクサン,滋賀県彦根市中薮1-170-3,https://www.shiga-jinjacho.jp/ycBBS/Board.cgi/02_jinja_db/db/ycDB_02jinja-pc-detail.html?mode:view=1&view:oid=189
Shiga,豊国神社,ホウコク,滋賀県長浜市南呉服町6-37,https://www.shiga-jinjacho.jp/ycBBS/Board.cgi/02_jinja_db/db/ycDB_02jinja-pc-detail.html?mode:view=1&view:oid=190
Shiga,日吉神社,ヒヨシ,滋賀県長浜市元浜町16-10,https://www.shiga-jinjacho.jp/ycBBS/Board.cgi/02_jinja_db/db/ycDB_02jinja-pc-detail.html?mode:view=1&view:oid=191
Shiga,天満神社,テンマン,滋賀県長浜市高田町3-6,https://www.shiga-jinjacho.jp/ycBBS/Board.cgi/02_jinja_db/db/ycDB_02jinja-pc-detail.html?mode:view=1&view:oid=192
Shiga,高田神社,タカダ,滋賀県長浜市南高田町6-9,https://www.shiga-jinjacho.jp/ycBBS/Board.cgi/02_jinja_db/db/ycDB_02jinja-pc-detail.html?mode:view=1&view:oid=193
Shiga,稲荷神社,イナリ,滋賀県長浜市宮前町5-1,https://www.shiga-jinjacho.jp/ycBBS/Board.cgi/02_jinja_db/db/ycDB_02jinja-pc-detail.html?mode:view=1&view:oid=194
Shiga,長濱八幡宮,ナガハマハチマンク,滋賀県長浜市宮前町13-55,https://www.shiga-jinjacho.jp/ycBBS/Board.cgi/02_jinja_db/db/ycDB_02jinja-pc-detail.html?mode:view=1&view:oid=195
Shiga,八幡神社,ハチマン,滋賀県長浜市三ツ矢町8-10,https://www.shiga-jinjacho.jp/ycBBS/Board.cgi/02_jinja_db/db/ycDB_02jinja-pc-detail.html?mode:view=1&view:oid=196
Shiga,貴船神社,キフネ,滋賀県長浜市朝日町33-11,https://www.shiga-jinjacho.jp/ycBBS/Board.cgi/02_jinja_db/db/ycDB_02jinja-pc-detail.html?mode:view=1&view:oid=197
Shiga,天満神社,テンマン,滋賀県長浜市八幡東町377,https://www.shiga-jinjacho.jp/ycBBS/Board.cgi/02_jinja_db/db/ycDB_02jinja-pc-detail.html?mode:view=1&view:oid=198
Shiga,神明神社,シンメイ,滋賀県長浜市朝日町9-2,https://www.shiga-jinjacho.jp/ycBBS/Board.cgi/02_jinja_db/db/ycDB_02jinja-pc-detail.html?mode:view=1&view:oid=199
Shiga,稲荷神社,イナリ,滋賀県長浜市朝日町24-24,https://www.shiga-jinjacho.jp/ycBBS/Board.cgi/02_jinja_db/db/ycDB_02jinja-pc-detail.html?mode:view=1&view:oid=200
Shiga,生駒神社,イコマ,滋賀県長浜市平方町878,https://www.shiga-jinjacho.jp/ycBBS/Board.cgi/02_jinja_db/db/ycDB_02jinja-pc-detail.html?mode:view=1&view:oid=201
Shiga,住吉神社,スミヨシ,滋賀県長浜市地福寺町996,https://www.shiga-jinjacho.jp/ycBBS/Board.cgi/02_jinja_db/db/ycDB_02jinja-pc-detail.html?mode:view=1&view:oid=202
Shiga,八幡神社,ハチマン,滋賀県長浜市四ツ塚町27,https://www.shiga-jinjacho.jp/ycBBS/Board.cgi/02_jinja_db/db/ycDB_02jinja-pc-detail.html?mode:view=1&view:oid=203
Shiga,神明神社,シンメイ,滋賀県長浜市勝町212,https://www.shiga-jinjacho.jp/ycBBS/Board.cgi/02_jinja_db/db/ycDB_02jinja-pc-detail.html?mode:view=1&view:oid=204
Shiga,日枝神社,ヒエ,滋賀県長浜市室町281,https://www.shiga-jinjacho.jp/ycBBS/Board.cgi/02_jinja_db/db/ycDB_02jinja-pc-detail.html?mode:view=1&view:oid=205
Shiga,八坂神社,ヤサカ,滋賀県長浜市永久寺町292,https://www.shiga-jinjacho.jp/ycBBS/Board.cgi/02_jinja_db/db/ycDB_02jinja-pc-detail.html?mode:view=1&view:oid=206
Shiga,忍海神社,オシウミ,滋賀県長浜市寺田町318,https://www.shiga-jinjacho.jp/ycBBS/Board.cgi/02_jinja_db/db/ycDB_02jinja-pc-detail.html?mode:view=1&view:oid=207
Shiga,田村神社,タムラ,滋賀県長浜市田村町733,https://www.shiga-jinjacho.jp/ycBBS/Board.cgi/02_jinja_db/db/ycDB_02jinja-pc-detail.html?mode:view=1&view:oid=208
Shiga,日枝神社,ヒエ,滋賀県長浜市宮司町470,https://www.shiga-jinjacho.jp/ycBBS/Board.cgi/02_jinja_db/db/ycDB_02jinja-pc-detail.html?mode:view=1&view:oid=209
Shiga,五所神社,ゴシヨ,滋賀県長浜市小堀町174,https://www.shiga-jinjacho.jp/ycBBS/Board.cgi/02_jinja_db/db/ycDB_02jinja-pc-detail.html?mode:view=1&view:oid=210
Shiga,春日神社,カスガ,滋賀県長浜市大東町200,https://www.shiga-jinjacho.jp/ycBBS/Board.cgi/02_jinja_db/db/ycDB_02jinja-pc-detail.html?mode:view=1&view:oid=211
Shiga,天満神社,テンマ,滋賀県長浜市今川町788,https://www.shiga-jinjacho.jp/ycBBS/Board.cgi/02_jinja_db/db/ycDB_02jinja-pc-detail.html?mode:view=1&view:oid=212
Shiga,足柄神社,アシガラ,滋賀県長浜市七条町700,https://www.shiga-jinjacho.jp/ycBBS/Board.cgi/02_jinja_db/db/ycDB_02jinja-pc-detail.html?mode:view=1&view:oid=213
Shiga,八幡神社,ハチマン,滋賀県長浜市南小足町124,https://www.shiga-jinjacho.jp/ycBBS/Board.cgi/02_jinja_db/db/ycDB_02jinja-pc-detail.html?mode:view=1&view:oid=214
Shiga,三社神社,サンシャ,滋賀県長浜市新栄町406,https://www.shiga-jinjacho.jp/ycBBS/Board.cgi/02_jinja_db/db/ycDB_02jinja-pc-detail.html?mode:view=1&view:oid=215
Shiga,若宮神社,ワカミヤ,滋賀県長浜市新栄町559,https://www.shiga-jinjacho.jp/ycBBS/Board.cgi/02_jinja_db/db/ycDB_02jinja-pc-detail.html?mode:view=1&view:oid=216
Shiga,大皇神社,オオキミ,滋賀県長浜市新栄町424-1,https://www.shiga-jinjacho.jp/ycBBS/Board.cgi/02_jinja_db/db/ycDB_02jinja-pc-detail.html?mode:view=1&view:oid=217
Shiga,天満神社,テンマ,滋賀県長浜市新栄町416,https://www.shiga-jinjacho.jp/ycBBS/Board.cgi/02_jinja_db/db/ycDB_02jinja-pc-detail.html?mode:view=1&view:oid=218
Shiga,白山神社,ハクサン,滋賀県長浜市加納町166,https://www.shiga-jinjacho.jp/ycBBS/Board.cgi/02_jinja_db/db/ycDB_02jinja-pc-detail.html?mode:view=1&view:oid=219
Shiga,郷里神社,ゴウリ,滋賀県長浜市榎木町790,https://www.shiga-jinjacho.jp/ycBBS/Board.cgi/02_jinja_db/db/ycDB_02jinja-pc-detail.html?mode:view=1&view:oid=220
Shiga,日吉神社,ヒヨシ,滋賀県長浜市南田附町175,https://www.shiga-jinjacho.jp/ycBBS/Board.cgi/02_jinja_db/db/ycDB_02jinja-pc-detail.html?mode:view=1&view:oid=221
Shiga,天満神社,テンマ,滋賀県長浜市南田附町433,https://www.shiga-jinjacho.jp/ycBBS/Board.cgi/02_jinja_db/db/ycDB_02jinja-pc-detail.html?mode:view=1&view:oid=222
Shiga,天満宮,テンマグウ,滋賀県長浜市川崎町326,https://www.shiga-jinjacho.jp/ycBBS/Board.cgi/02_jinja_db/db/ycDB_02jinja-pc-detail.html?mode:view=1&view:oid=223
Shiga,伊吹神社,イブキ,滋賀県長浜市山階町576,https://www.shiga-jinjacho.jp/ycBBS/Board.cgi/02_jinja_db/db/ycDB_02jinja-pc-detail.html?mode:view=1&view:oid=224
Shiga,日吉神社,ヒヨシ,滋賀県長浜市山階町413,https://www.shiga-jinjacho.jp/ycBBS/Board.cgi/02_jinja_db/db/ycDB_02jinja-pc-detail.html?mode:view=1&view:oid=225
Shiga,天満宮,テンマングウ,滋賀県長浜市口分田町718,https://www.shiga-jinjacho.jp/ycBBS/Board.cgi/02_jinja_db/db/ycDB_02jinja-pc-detail.html?mode:view=1&view:oid=226
Shiga,八幡神社,ハチマン,滋賀県長浜市保田町148,https://www.shiga-jinjacho.jp/ycBBS/Board.cgi/02_jinja_db/db/ycDB_02jinja-pc-detail.html?mode:view=1&view:oid=227
Shiga,八坂神社,ヤサカ,滋賀県長浜市今町338,https://www.shiga-jinjacho.jp/ycBBS/Board.cgi/02_jinja_db/db/ycDB_02jinja-pc-detail.html?mode:view=1&view:oid=228
Shiga,日吉神社,ヒヨシ,滋賀県長浜市国友町488,https://www.shiga-jinjacho.jp/ycBBS/Board.cgi/02_jinja_db/db/ycDB_02jinja-pc-detail.html?mode:view=1&view:oid=229
Shiga,加茂神社,カモ,滋賀県長浜市泉町137,https://www.shiga-jinjacho.jp/ycBBS/Board.cgi/02_jinja_db/db/ycDB_02jinja-pc-detail.html?mode:view=1&view:oid=230
Shiga,橋本神社,ハシモト,滋賀県長浜市泉町1171,https://www.shiga-jinjacho.jp/ycBBS/Board.cgi/02_jinja_db/db/ycDB_02jinja-pc-detail.html?mode:view=1&view:oid=231
Shiga,神明神社,シンメイ,滋賀県長浜市新庄寺町440,https://www.shiga-jinjacho.jp/ycBBS/Board.cgi/02_jinja_db/db/ycDB_02jinja-pc-detail.html?mode:view=1&view:oid=232
Shiga,八坂神社,ヤサカ,滋賀県長浜市新庄中町33,https://www.shiga-jinjacho.jp/ycBBS/Board.cgi/02_jinja_db/db/ycDB_02jinja-pc-detail.html?mode:view=1&view:oid=233
Shiga,八坂神社,ヤサカ,滋賀県長浜市新庄馬場町257,https://www.shiga-jinjacho.jp/ycBBS/Board.cgi/02_jinja_db/db/ycDB_02jinja-pc-detail.html?mode:view=1&view:oid=234
Shiga,八坂神社,ヤサカ,滋賀県長浜市小沢町351,https://www.shiga-jinjacho.jp/ycBBS/Board.cgi/02_jinja_db/db/ycDB_02jinja-pc-detail.html?mode:view=1&view:oid=235
Shiga,八坂神社,ヤサカ,滋賀県長浜市小沢町403,https://www.shiga-jinjacho.jp/ycBBS/Board.cgi/02_jinja_db/db/ycDB_02jinja-pc-detail.html?mode:view=1&view:oid=236
Shiga,日枝神社,ヒエ,滋賀県長浜市下之郷町165,https://www.shiga-jinjacho.jp/ycBBS/Board.cgi/02_jinja_db/db/ycDB_02jinja-pc-detail.html?mode:view=1&view:oid=237
Shiga,日吉神社,ヒヨシ,滋賀県長浜市森町330,https://www.shiga-jinjacho.jp/ycBBS/Board.cgi/02_jinja_db/db/ycDB_02jinja-pc-detail.html?mode:view=1&view:oid=238
Shiga,相撲神社,スマイ,滋賀県長浜市相撲町669,https://www.shiga-jinjacho.jp/ycBBS/Board.cgi/02_jinja_db/db/ycDB_02jinja-pc-detail.html?mode:view=1&view:oid=239
Shiga,八坂神社,ヤサカ,滋賀県長浜市祇園町399,https://www.shiga-jinjacho.jp/ycBBS/Board.cgi/02_jinja_db/db/ycDB_02jinja-pc-detail.html?mode:view=1&view:oid=240
Shiga,都久夫須麻神社,ツクブスマ,滋賀県長浜市列見町130,https://www.shiga-jinjacho.jp/ycBBS/Board.cgi/02_jinja_db/db/ycDB_02jinja-pc-detail.html?mode:view=1&view:oid=241
Shiga,若宮神社,ワカミヤ,滋賀県長浜市神照町415,https://www.shiga-jinjacho.jp/ycBBS/Board.cgi/02_jinja_db/db/ycDB_02jinja-pc-detail.html?mode:view=1&view:oid=243
Shiga,神明神社,シンメイ,滋賀県長浜市神照町765,https://www.shiga-jinjacho.jp/ycBBS/Board.cgi/02_jinja_db/db/ycDB_02jinja-pc-detail.html?mode:view=1&view:oid=244
Shiga,勢上稲荷神社,セイジョウイナリ,滋賀県長浜市一之宮町630,https://www.shiga-jinjacho.jp/ycBBS/Board.cgi/02_jinja_db/db/ycDB_02jinja-pc-detail.html?mode:view=1&view:oid=245
Shiga,天神神社,テンジン,滋賀県長浜市八幡中山町754,https://www.shiga-jinjacho.jp/ycBBS/Board.cgi/02_jinja_db/db/ycDB_02jinja-pc-detail.html?mode:view=1&view:oid=246
Shiga,諏訪八幡神社,スワハチマン,滋賀県長浜市春近町160,https://www.shiga-jinjacho.jp/ycBBS/Board.cgi/02_jinja_db/db/ycDB_02jinja-pc-detail.html?mode:view=1&view:oid=247
Shiga,八幡神社,ハチマン,滋賀県長浜市石田町423,https://www.shiga-jinjacho.jp/ycBBS/Board.cgi/02_jinja_db/db/ycDB_02jinja-pc-detail.html?mode:view=1&view:oid=248
Shiga,日吉神社,ヒヨシ,滋賀県長浜市石田町680,https://www.shiga-jinjacho.jp/ycBBS/Board.cgi/02_jinja_db/db/ycDB_02jinja-pc-detail.html?mode:view=1&view:oid=249
Shiga,春日神社,カスガ,滋賀県長浜市石田町1202,https://www.shiga-jinjacho.jp/ycBBS/Board.cgi/02_jinja_db/db/ycDB_02jinja-pc-detail.html?mode:view=1&view:oid=250
Shiga,八幡神社,ハチマン,滋賀県長浜市堀部町194,https://www.shiga-jinjacho.jp/ycBBS/Board.cgi/02_jinja_db/db/ycDB_02jinja-pc-detail.html?mode:view=1&view:oid=251
Shiga,八幡神社,ハチマン,滋賀県長浜市保多町88,https://www.shiga-jinjacho.jp/ycBBS/Board.cgi/02_jinja_db/db/ycDB_02jinja-pc-detail.html?mode:view=1&view:oid=252
Shiga,天満神社,テンマ,滋賀県長浜市垣籠町79,https://www.shiga-jinjacho.jp/ycBBS/Board.cgi/02_jinja_db/db/ycDB_02jinja-pc-detail.html?mode:view=1&view:oid=253
Shiga,上坂神社,コウサカ,滋賀県長浜市東上坂町1302,https://www.shiga-jinjacho.jp/ycBBS/Board.cgi/02_jinja_db/db/ycDB_02jinja-pc-detail.html?mode:view=1&view:oid=254
Shiga,鹿座神社,ロクザ,滋賀県長浜市西上坂町781,https://www.shiga-jinjacho.jp/ycBBS/Board.cgi/02_jinja_db/db/ycDB_02jinja-pc-detail.html?mode:view=1&view:oid=255
Shiga,鹿座神社,ロクザ,滋賀県長浜市千草町60,https://www.shiga-jinjacho.jp/ycBBS/Board.cgi/02_jinja_db/db/ycDB_02jinja-pc-detail.html?mode:view=1&view:oid=256
Shiga,足柄神社,アシガラ,滋賀県長浜市八条町573,https://www.shiga-jinjacho.jp/ycBBS/Board.cgi/02_jinja_db/db/ycDB_02jinja-pc-detail.html?mode:view=1&view:oid=257
Shiga,芦柄神社,アシガラ,滋賀県長浜市本庄町1078,https://www.shiga-jinjacho.jp/ycBBS/Board.cgi/02_jinja_db/db/ycDB_02jinja-pc-detail.html?mode:view=1&view:oid=258
Shiga,熊岡神社,クマオカ,滋賀県長浜市常喜町565,https://www.shiga-jinjacho.jp/ycBBS/Board.cgi/02_jinja_db/db/ycDB_02jinja-pc-detail.html?mode:view=1&view:oid=259
Shiga,八幡神社,ハチマン,滋賀県長浜市鳥羽上町1212,https://www.shiga-jinjacho.jp/ycBBS/Board.cgi/02_jinja_db/db/ycDB_02jinja-pc-detail.html?mode:view=1&view:oid=260
Shiga,長彦神社,ナガヒコ,滋賀県長浜市鳥羽上町214,https://www.shiga-jinjacho.jp/ycBBS/Board.cgi/02_jinja_db/db/ycDB_02jinja-pc-detail.html?mode:view=1&view:oid=261
Shiga,北野神社,キタノ,滋賀県長浜市名越町164,https://www.shiga-jinjacho.jp/ycBBS/Board.cgi/02_jinja_db/db/ycDB_02jinja-pc-detail.html?mode:view=1&view:oid=262
Shiga,後鳥羽神社,ゴトバ,滋賀県長浜市名越町179-1,https://www.shiga-jinjacho.jp/ycBBS/Board.cgi/02_jinja_db/db/ycDB_02jinja-pc-detail.html?mode:view=1&view:oid=263
Shiga,春日神社,カスガ,滋賀県長浜市布勢町1009,https://www.shiga-jinjacho.jp/ycBBS/Board.cgi/02_jinja_db/db/ycDB_02jinja-pc-detail.html?mode:view=1&view:oid=264
Shiga,白山神社,ハクサン,滋賀県長浜市小一条町90,https://www.shiga-jinjacho.jp/ycBBS/Board.cgi/02_jinja_db/db/ycDB_02jinja-pc-detail.html?mode:view=1&view:oid=265
Shiga,八坂神社,ヤサカ,滋賀県長浜市加田町20,https://www.shiga-jinjacho.jp/ycBBS/Board.cgi/02_jinja_db/db/ycDB_02jinja-pc-detail.html?mode:view=1&view:oid=266
Shiga,若宮神社,ワカミヤ,滋賀県長浜市加田今町66-1,https://www.shiga-jinjacho.jp/ycBBS/Board.cgi/02_jinja_db/db/ycDB_02jinja-pc-detail.html?mode:view=1&view:oid=267
Shiga,日牟禮八幡宮,ヒムレハチマン,滋賀県近江八幡市宮内町257,https://www.shiga-jinjacho.jp/ycBBS/Board.cgi/02_jinja_db/db/ycDB_02jinja-pc-detail.html?mode:view=1&view:oid=268
Shiga,東日尊神社,ヒガシヒノミコト,滋賀県近江八幡市土田町802,https://www.shiga-jinjacho.jp/ycBBS/Board.cgi/02_jinja_db/db/ycDB_02jinja-pc-detail.html?mode:view=1&view:oid=270
Shiga,公禮八幡神社,クレハチマン,滋賀県近江八幡市宇津呂町135,https://www.shiga-jinjacho.jp/ycBBS/Board.cgi/02_jinja_db/db/ycDB_02jinja-pc-detail.html?mode:view=1&view:oid=271
Shiga,天津神社,アマツ,滋賀県近江八幡市市井町133,https://www.shiga-jinjacho.jp/ycBBS/Board.cgi/02_jinja_db/db/ycDB_02jinja-pc-detail.html?mode:view=1&view:oid=272
Shiga,稲荷神社,イナリ,滋賀県近江八幡市多賀町755,https://www.shiga-jinjacho.jp/ycBBS/Board.cgi/02_jinja_db/db/ycDB_02jinja-pc-detail.html?mode:view=1&view:oid=273
Shiga,北ノ庄神社,キタノショウ,滋賀県近江八幡市北之庄町1098,https://www.shiga-jinjacho.jp/ycBBS/Board.cgi/02_jinja_db/db/ycDB_02jinja-pc-detail.html?mode:view=1&view:oid=274
Shiga,圓山神社,マルヤマ,滋賀県近江八幡市円山町169,https://www.shiga-jinjacho.jp/ycBBS/Board.cgi/02_jinja_db/db/ycDB_02jinja-pc-detail.html?mode:view=1&view:oid=275
Shiga,若宮神社,ワカミヤ,滋賀県近江八幡市白王町672,https://www.shiga-jinjacho.jp/ycBBS/Board.cgi/02_jinja_db/db/ycDB_02jinja-pc-detail.html?mode:view=1&view:oid=276
Shiga,若宮神社,ワカミヤ,滋賀県近江八幡市白王町997,https://www.shiga-jinjacho.jp/ycBBS/Board.cgi/02_jinja_db/db/ycDB_02jinja-pc-detail.html?mode:view=1&view:oid=277
Shiga,大嶋奥津嶋神社,オオシマオクツシマ,滋賀県近江八幡市北津田町529,https://www.shiga-jinjacho.jp/ycBBS/Board.cgi/02_jinja_db/db/ycDB_02jinja-pc-detail.html?mode:view=1&view:oid=278
Shiga,天御中主命神社,アメノミナカヌシノミコトジンジャ,滋賀県近江八幡市大字中之庄612番地612,https://www.shiga-jinjacho.jp/ycBBS/Board.cgi/02_jinja_db/db/ycDB_02jinja-pc-detail.html?mode:view=1&view:oid=279
Shiga,日吉神社,ヒヨシ,滋賀県近江八幡市長命寺町103,https://www.shiga-jinjacho.jp/ycBBS/Board.cgi/02_jinja_db/db/ycDB_02jinja-pc-detail.html?mode:view=1&view:oid=280
Shiga,奥津嶋神社,オキツシマ,滋賀県近江八幡市沖島町188,https://www.shiga-jinjacho.jp/ycBBS/Board.cgi/02_jinja_db/db/ycDB_02jinja-pc-detail.html?mode:view=1&view:oid=281
Shiga,八幡神社,ハチマン,滋賀県近江八幡市中村町383,https://www.shiga-jinjacho.jp/ycBBS/Board.cgi/02_jinja_db/db/ycDB_02jinja-pc-detail.html?mode:view=1&view:oid=282
Shiga,諏訪神社,スワ,滋賀県近江八幡市小船木町230,https://www.shiga-jinjacho.jp/ycBBS/Board.cgi/02_jinja_db/db/ycDB_02jinja-pc-detail.html?mode:view=1&view:oid=283
Shiga,賀茂神社,カモ,滋賀県近江八幡市加茂町1691,https://www.shiga-jinjacho.jp/ycBBS/Board.cgi/02_jinja_db/db/ycDB_02jinja-pc-detail.html?mode:view=1&view:oid=284
Shiga,日枝神社,ヒエ,滋賀県近江八幡市田中江町131,https://www.shiga-jinjacho.jp/ycBBS/Board.cgi/02_jinja_db/db/ycDB_02jinja-pc-detail.html?mode:view=1&view:oid=285
Shiga,八幡神社,ハチマン,滋賀県近江八幡市田中江町519,https://www.shiga-jinjacho.jp/ycBBS/Board.cgi/02_jinja_db/db/ycDB_02jinja-pc-detail.html?mode:view=1&view:oid=286
Shiga,五社神社,ゴシャ,滋賀県近江八幡市牧町786,https://www.shiga-jinjacho.jp/ycBBS/Board.cgi/02_jinja_db/db/ycDB_02jinja-pc-detail.html?mode:view=1&view:oid=287
Shiga,邇々藝志神社,ニニギシ,滋賀県近江八幡市大房町588,https://www.shiga-jinjacho.jp/ycBBS/Board.cgi/02_jinja_db/db/ycDB_02jinja-pc-detail.html?mode:view=1&view:oid=288
Shiga,青根天満宮,アオネテンマングウ,滋賀県近江八幡市船木町1570,https://www.shiga-jinjacho.jp/ycBBS/Board.cgi/02_jinja_db/db/ycDB_02jinja-pc-detail.html?mode:view=1&view:oid=289
Shiga,八王子神社,ハチオオジ,滋賀県近江八幡市南津田町6,https://www.shiga-jinjacho.jp/ycBBS/Board.cgi/02_jinja_db/db/ycDB_02jinja-pc-detail.html?mode:view=1&view:oid=290
Shiga,篠田神社,シノダ,滋賀県近江八幡市上田町1615,https://www.shiga-jinjacho.jp/ycBBS/Board.cgi/02_jinja_db/db/ycDB_02jinja-pc-detail.html?mode:view=1&view:oid=291
Shiga,八幡神社,ハチマン,滋賀県近江八幡市鷹飼町1042,https://www.shiga-jinjacho.jp/ycBBS/Board.cgi/02_jinja_db/db/ycDB_02jinja-pc-detail.html?mode:view=1&view:oid=292
Shiga,本郷神社,ホンゴウ,滋賀県近江八幡市西本郷町307,https://www.shiga-jinjacho.jp/ycBBS/Board.cgi/02_jinja_db/db/ycDB_02jinja-pc-detail.html?mode:view=1&view:oid=293
Shiga,大中神明宮,ダイナカシンメイ,滋賀県近江八幡市大中町162,https://www.shiga-jinjacho.jp/ycBBS/Board.cgi/02_jinja_db/db/ycDB_02jinja-pc-detail.html?mode:view=1&view:oid=294
Shiga,若宮神社,ワカミヤ,滋賀県近江八幡市金剛寺町336-3,https://www.shiga-jinjacho.jp/ycBBS/Board.cgi/02_jinja_db/db/ycDB_02jinja-pc-detail.html?mode:view=1&view:oid=295
Shiga,日枝神社,ヒエ,滋賀県近江八幡市杉森町130,https://www.shiga-jinjacho.jp/ycBBS/Board.cgi/02_jinja_db/db/ycDB_02jinja-pc-detail.html?mode:view=1&view:oid=296
Shiga,天満宮神社,テンマングウ,滋賀県近江八幡市長田町1,https://www.shiga-jinjacho.jp/ycBBS/Board.cgi/02_jinja_db/db/ycDB_02jinja-pc-detail.html?mode:view=1&view:oid=297
Shiga,饒石神社,ニギイシ,滋賀県近江八幡市西庄町310,https://www.shiga-jinjacho.jp/ycBBS/Board.cgi/02_jinja_db/db/ycDB_02jinja-pc-detail.html?mode:view=1&view:oid=298
Shiga,今宮天満宮神社,イマミヤテンマング,滋賀県近江八幡市浅小井町531,https://www.shiga-jinjacho.jp/ycBBS/Board.cgi/02_jinja_db/db/ycDB_02jinja-pc-detail.html?mode:view=1&view:oid=299
Shiga,稲荷神社,イナリ,滋賀県近江八幡市八木町398,https://www.shiga-jinjacho.jp/ycBBS/Board.cgi/02_jinja_db/db/ycDB_02jinja-pc-detail.html?mode:view=1&view:oid=300
Shiga,日吉神社,ヒヨシ,滋賀県近江八幡市八木町397,https://www.shiga-jinjacho.jp/ycBBS/Board.cgi/02_jinja_db/db/ycDB_02jinja-pc-detail.html?mode:view=1&view:oid=301
Shiga,菅田神社,スゲタ,滋賀県近江八幡市中小森町1207,https://www.shiga-jinjacho.jp/ycBBS/Board.cgi/02_jinja_db/db/ycDB_02jinja-pc-detail.html?mode:view=1&view:oid=303
Shiga,上野神社,ウエノ,滋賀県近江八幡市安養寺町832,https://www.shiga-jinjacho.jp/ycBBS/Board.cgi/02_jinja_db/db/ycDB_02jinja-pc-detail.html?mode:view=1&view:oid=304
Shiga,小田神社,オダ,滋賀県近江八幡市小田町54,https://www.shiga-jinjacho.jp/ycBBS/Board.cgi/02_jinja_db/db/ycDB_02jinja-pc-detail.html?mode:view=1&view:oid=306
Shiga,牟礼神社,ムレ,滋賀県近江八幡市十王町533,https://www.shiga-jinjacho.jp/ycBBS/Board.cgi/02_jinja_db/db/ycDB_02jinja-pc-detail.html?mode:view=1&view:oid=307
Shiga,稲荷神社,イナリ,滋賀県近江八幡市佐波江町651-30,https://www.shiga-jinjacho.jp/ycBBS/Board.cgi/02_jinja_db/db/ycDB_02jinja-pc-detail.html?mode:view=1&view:oid=308
Shiga,牟佐神社,ムサ,滋賀県近江八幡市武佐町651,https://www.shiga-jinjacho.jp/ycBBS/Board.cgi/02_jinja_db/db/ycDB_02jinja-pc-detail.html?mode:view=1&view:oid=309
Shiga,八幡十二神社,ハチマンジュウニ,滋賀県近江八幡市長光寺町1034,https://www.shiga-jinjacho.jp/ycBBS/Board.cgi/02_jinja_db/db/ycDB_02jinja-pc-detail.html?mode:view=1&view:oid=310
Shiga,若宮神社,ワカミヤ,滋賀県近江八幡市西宿町133,https://www.shiga-jinjacho.jp/ycBBS/Board.cgi/02_jinja_db/db/ycDB_02jinja-pc-detail.html?mode:view=1&view:oid=311
Shiga,八幡神社,ハチマン,滋賀県近江八幡市野田町1,https://www.shiga-jinjacho.jp/ycBBS/Board.cgi/02_jinja_db/db/ycDB_02jinja-pc-detail.html?mode:view=1&view:oid=312
Shiga,出雲神社,イヅモ,滋賀県近江八幡市御所内町596,https://www.shiga-jinjacho.jp/ycBBS/Board.cgi/02_jinja_db/db/ycDB_02jinja-pc-detail.html?mode:view=1&view:oid=313
Shiga,加茂神社,カモ,滋賀県近江八幡市御所内町198,https://www.shiga-jinjacho.jp/ycBBS/Board.cgi/02_jinja_db/db/ycDB_02jinja-pc-detail.html?mode:view=1&view:oid=314
Shiga,八坂神社,ヤサカ,滋賀県近江八幡市友定町310-1,https://www.shiga-jinjacho.jp/ycBBS/Board.cgi/02_jinja_db/db/ycDB_02jinja-pc-detail.html?mode:view=1&view:oid=315
Shiga,大宮神社,オオミヤ,滋賀県近江八幡市西生来町361,https://www.shiga-jinjacho.jp/ycBBS/Board.cgi/02_jinja_db/db/ycDB_02jinja-pc-detail.html?mode:view=1&view:oid=316
Shiga,男山八幡宮,オトコヤマハチマン,滋賀県近江八幡市末広町758,https://www.shiga-jinjacho.jp/ycBBS/Board.cgi/02_jinja_db/db/ycDB_02jinja-pc-detail.html?mode:view=1&view:oid=317
Shiga,馬見岡神社,マミオカ,滋賀県近江八幡市馬淵町476,https://www.shiga-jinjacho.jp/ycBBS/Board.cgi/02_jinja_db/db/ycDB_02jinja-pc-detail.html?mode:view=1&view:oid=318
Shiga,諏訪神社,スワ,滋賀県近江八幡市馬淵町462,https://www.shiga-jinjacho.jp/ycBBS/Board.cgi/02_jinja_db/db/ycDB_02jinja-pc-detail.html?mode:view=1&view:oid=319
Shiga,八幡社,ハチマンシャ,滋賀県近江八幡市馬淵町2447,https://www.shiga-jinjacho.jp/ycBBS/Board.cgi/02_jinja_db/db/ycDB_02jinja-pc-detail.html?mode:view=1&view:oid=320
Shiga,今宮神社,イマミヤ,滋賀県近江八幡市馬淵町29,https://www.shiga-jinjacho.jp/ycBBS/Board.cgi/02_jinja_db/db/ycDB_02jinja-pc-detail.html?mode:view=1&view:oid=321
Shiga,椿神社,ツバキ,滋賀県近江八幡市千僧供町213,https://www.shiga-jinjacho.jp/ycBBS/Board.cgi/02_jinja_db/db/ycDB_02jinja-pc-detail.html?mode:view=1&view:oid=322
Shiga,日吉神社,ヒヨシ,滋賀県近江八幡市長福寺町5,https://www.shiga-jinjacho.jp/ycBBS/Board.cgi/02_jinja_db/db/ycDB_02jinja-pc-detail.html?mode:view=1&view:oid=323
Shiga,安吉神社,アギ,滋賀県近江八幡市倉橋部町46,https://www.shiga-jinjacho.jp/ycBBS/Board.cgi/02_jinja_db/db/ycDB_02jinja-pc-detail.html?mode:view=1&view:oid=324
Shiga,天神社,テン,滋賀県近江八幡市浄土寺町51-1,https://www.shiga-jinjacho.jp/ycBBS/Board.cgi/02_jinja_db/db/ycDB_02jinja-pc-detail.html?mode:view=1&view:oid=325
Shiga,天神社,テン,滋賀県近江八幡市浄土寺町1-3,https://www.shiga-jinjacho.jp/ycBBS/Board.cgi/02_jinja_db/db/ycDB_02jinja-pc-detail.html?mode:view=1&view:oid=326
Shiga,日吉神社,ヒエ,滋賀県近江八幡市新巻町74,https://www.shiga-jinjacho.jp/ycBBS/Board.cgi/02_jinja_db/db/ycDB_02jinja-pc-detail.html?mode:view=1&view:oid=327
Shiga,天神社,テン,滋賀県近江八幡市上畑町64,https://www.shiga-jinjacho.jp/ycBBS/Board.cgi/02_jinja_db/db/ycDB_02jinja-pc-detail.html?mode:view=1&view:oid=328
Shiga,鍵取神社,カギトリ,滋賀県近江八幡市東川町172,https://www.shiga-jinjacho.jp/ycBBS/Board.cgi/02_jinja_db/db/ycDB_02jinja-pc-detail.html?mode:view=1&view:oid=329
Shiga,宇賀神社,ウガ,滋賀県近江八幡市東川町758,https://www.shiga-jinjacho.jp/ycBBS/Board.cgi/02_jinja_db/db/ycDB_02jinja-pc-detail.html?mode:view=1&view:oid=330
Shiga,春日神社,カスガ,滋賀県近江八幡市東横関町442,https://www.shiga-jinjacho.jp/ycBBS/Board.cgi/02_jinja_db/db/ycDB_02jinja-pc-detail.html?mode:view=1&view:oid=331
Shiga,野村神社,ノムラ,滋賀県近江八幡市野村町1437,https://www.shiga-jinjacho.jp/ycBBS/Board.cgi/02_jinja_db/db/ycDB_02jinja-pc-detail.html?mode:view=1&view:oid=332
Shiga,稲荷神社,イナリ,滋賀県近江八幡市野村町2070-1,https://www.shiga-jinjacho.jp/ycBBS/Board.cgi/02_jinja_db/db/ycDB_02jinja-pc-detail.html?mode:view=1&view:oid=333
Shiga,熊野神社,クマノ,滋賀県近江八幡市堀上町377-5,https://www.shiga-jinjacho.jp/ycBBS/Board.cgi/02_jinja_db/db/ycDB_02jinja-pc-detail.html?mode:view=1&view:oid=334
Shiga,武甕槌神社,タケミカヅチ,滋賀県草津市矢倉782,https://www.shiga-jinjacho.jp/ycBBS/Board.cgi/02_jinja_db/db/ycDB_02jinja-pc-detail.html?mode:view=1&view:oid=335
Shiga,稲荷神社,イナリ,滋賀県草津市矢倉652,https://www.shiga-jinjacho.jp/ycBBS/Board.cgi/02_jinja_db/db/ycDB_02jinja-pc-detail.html?mode:view=1&view:oid=336
Shiga,若宮八幡神社,ワカミヤハチマン,滋賀県草津市西矢倉1100,https://www.shiga-jinjacho.jp/ycBBS/Board.cgi/02_jinja_db/db/ycDB_02jinja-pc-detail.html?mode:view=1&view:oid=337
Shiga,立木神社,タチキ,滋賀県草津市草津4-1-3,https://www.shiga-jinjacho.jp/ycBBS/Board.cgi/02_jinja_db/db/ycDB_02jinja-pc-detail.html?mode:view=1&view:oid=338
Shiga,小汐井神社,オシオイ,滋賀県草津市大路2-2-33,https://www.shiga-jinjacho.jp/ycBBS/Board.cgi/02_jinja_db/db/ycDB_02jinja-pc-detail.html?mode:view=1&view:oid=339
Shiga,伊砂砂神社,イササ,滋賀県草津市渋川2-2-1,https://www.shiga-jinjacho.jp/ycBBS/Board.cgi/02_jinja_db/db/ycDB_02jinja-pc-detail.html?mode:view=1&view:oid=340
Shiga,小槻神社,オツキ,滋賀県草津市青地町873,https://www.shiga-jinjacho.jp/ycBBS/Board.cgi/02_jinja_db/db/ycDB_02jinja-pc-detail.html?mode:view=1&view:oid=341
Shiga,八幡神社,ハチマン,滋賀県草津市追分町418,https://www.shiga-jinjacho.jp/ycBBS/Board.cgi/02_jinja_db/db/ycDB_02jinja-pc-detail.html?mode:view=1&view:oid=342
Shiga,稲荷神社,イナリ,滋賀県草津市野路町1247,https://www.shiga-jinjacho.jp/ycBBS/Board.cgi/02_jinja_db/db/ycDB_02jinja-pc-detail.html?mode:view=1&view:oid=343
Shiga,新宮神社,シングウ,滋賀県草津市野路町1674,https://www.shiga-jinjacho.jp/ycBBS/Board.cgi/02_jinja_db/db/ycDB_02jinja-pc-detail.html?mode:view=1&view:oid=344
Shiga,猿田彦神社,サルタヒコ,滋賀県草津市野路町411,https://www.shiga-jinjacho.jp/ycBBS/Board.cgi/02_jinja_db/db/ycDB_02jinja-pc-detail.html?mode:view=1&view:oid=345
Shiga,治田神社,ハルタ,滋賀県草津市南笠町925,https://www.shiga-jinjacho.jp/ycBBS/Board.cgi/02_jinja_db/db/ycDB_02jinja-pc-detail.html?mode:view=1&view:oid=346
Shiga,龍宮神社,リュウグウ,滋賀県草津市新浜町50,https://www.shiga-jinjacho.jp/ycBBS/Board.cgi/02_jinja_db/db/ycDB_02jinja-pc-detail.html?mode:view=1&view:oid=347
Shiga,山田八幡宮,ヤマダハチマン,滋賀県草津市北山田町10-1,https://www.shiga-jinjacho.jp/ycBBS/Board.cgi/02_jinja_db/db/ycDB_02jinja-pc-detail.html?mode:view=1&view:oid=348
Shiga,若宮神社,ワカミヤ,滋賀県草津市北山田町787,https://www.shiga-jinjacho.jp/ycBBS/Board.cgi/02_jinja_db/db/ycDB_02jinja-pc-detail.html?mode:view=1&view:oid=349
Shiga,渡海神社,ワタツミ,滋賀県草津市山田町3,https://www.shiga-jinjacho.jp/ycBBS/Board.cgi/02_jinja_db/db/ycDB_02jinja-pc-detail.html?mode:view=1&view:oid=350
Shiga,大宮若松神社,オオミヤワカマツ,滋賀県草津市南山田町776,https://www.shiga-jinjacho.jp/ycBBS/Board.cgi/02_jinja_db/db/ycDB_02jinja-pc-detail.html?mode:view=1&view:oid=351
Shiga,子守神社,コモリ,滋賀県草津市御倉町567,https://www.shiga-jinjacho.jp/ycBBS/Board.cgi/02_jinja_db/db/ycDB_02jinja-pc-detail.html?mode:view=1&view:oid=353
Shiga,天満宮,テンマングウ,滋賀県草津市上笠1-8-1,https://www.shiga-jinjacho.jp/ycBBS/Board.cgi/02_jinja_db/db/ycDB_02jinja-pc-detail.html?mode:view=1&view:oid=354
Shiga,安羅神社,ヤスラ,滋賀県草津市野村5-26-20,https://www.shiga-jinjacho.jp/ycBBS/Board.cgi/02_jinja_db/db/ycDB_02jinja-pc-detail.html?mode:view=1&view:oid=355
Gifu,結神社,むすぶじんじゃ,岐阜県安八郡安八町西結697番地の2,https://www.gifu-jinjacho.jp/syosai.php?shrno=13
Gifu,五和野神社,ごわのじんじゃ,岐阜県安八郡安八町西結4580番地の6,https://www.gifu-jinjacho.jp/syosai.php?shrno=14
Gifu,白髭神社,しらひげじんじゃ,岐阜県安八郡安八町西結4178番地,https://www.gifu-jinjacho.jp/syosai.php?shrno=15
Gifu,神明神社,しんめいじんじゃ,岐阜県安八郡安八町西結4006番地の2,https://www.gifu-jinjacho.jp/syosai.php?shrno=16
Gifu,春日神社,かすがじんじゃ,岐阜県安八郡安八町西結4578番地の1,https://www.gifu-jinjacho.jp/syosai.php?shrno=17
Gifu,白山神社,はくさんじんじゃ,岐阜県安八郡安八町東結24番地,https://www.gifu-jinjacho.jp/syosai.php?shrno=21
Gifu,津島神社,つしまじんじゃ,岐阜県安八郡安八町東結778番地,https://www.gifu-jinjacho.jp/syosai.php?shrno=22
Gifu,芝原神社,しばはらじんじゃ,岐阜県安八郡安八町東結1387番地の1,https://www.gifu-jinjacho.jp/syosai.php?shrno=24
Gifu,神明神社,しんめいじんじゃ,岐阜県安八郡安八町東結169番地の1,https://www.gifu-jinjacho.jp/syosai.php?shrno=25
Gifu,御鍬神社,おくわじんじゃ,岐阜県安八郡安八町東結1981番地,https://www.gifu-jinjacho.jp/syosai.php?shrno=26
Gifu,稲荷神社,いなりじんじゃ,岐阜県安八郡安八町東結1899番地の2,https://www.gifu-jinjacho.jp/syosai.php?shrno=29
Gifu,白髭神社,しらひげじんじゃ,岐阜県安八郡安八町北今ケ渕1056番地,https://www.gifu-jinjacho.jp/syosai.php?shrno=30
Gifu,金刀比羅神社,ことひらじんじゃ,岐阜県安八郡安八町北今ケ渕1020番地,https://www.gifu-jinjacho.jp/syosai.php?shrno=31
Gifu,隼人神社,はやとじんじゃ,岐阜県安八郡安八町北今ケ渕420番地の1,https://www.gifu-jinjacho.jp/syosai.php?shrno=32
Gifu,金峯神社,きんぽうじんじゃ,岐阜県安八郡安八町森部633番地の2,https://www.gifu-jinjacho.jp/syosai.php?shrno=33
Gifu,山之神神社,やまのかみじんじゃ,岐阜県安八郡安八町森部3690番地の1,https://www.gifu-jinjacho.jp/syosai.php?shrno=34
Gifu,六社神社,ろくしゃじんじゃ,岐阜県安八郡安八町森部424番地の1,https://www.gifu-jinjacho.jp/syosai.php?shrno=35
Gifu,八幡神社,はちまんじんじゃ,岐阜県安八郡安八町森部881番地の1,https://www.gifu-jinjacho.jp/syosai.php?shrno=36
Gifu,素盞嗚神社,すさのおじんじゃ,岐阜県安八郡安八町森部3608番地,https://www.gifu-jinjacho.jp/syosai.php?shrno=37
Gifu,宇波刀神社,うばとじんじゃ,岐阜県安八郡安八町森部373番地の10,https://www.gifu-jinjacho.jp/syosai.php?shrno=38
Gifu,大県神社,おおがたじんじゃ,岐阜県安八郡安八町森部750番地,https://www.gifu-jinjacho.jp/syosai.php?shrno=39
Gifu,白髭神社,しらひげじんじゃ,岐阜県安八郡安八町南今ケ渕10番地,https://www.gifu-jinjacho.jp/syosai.php?shrno=40
Gifu,社宮神社,しゃぐうじんじゃ,岐阜県安八郡安八町大森537番地,https://www.gifu-jinjacho.jp/syosai.php?shrno=41
Gifu,名木林神社,なぎばやしじんじゃ,岐阜県安八郡安八町大森1479番地の1,https://www.gifu-jinjacho.jp/syosai.php?shrno=42
Gifu,白髭神社,しらひげじんじゃ,岐阜県安八郡安八町大明神104番地,https://www.gifu-jinjacho.jp/syosai.php?shrno=43
Shiga,熊野神社,クマノ,滋賀県草津市平井町3-2-3,https://www.shiga-jinjacho.jp/ycBBS/Board.cgi/02_jinja_db/db/ycDB_02jinja-pc-detail.html?mode:view=1&view:oid=356
Shiga,天神社,テン,滋賀県草津市川原町4-2-6,https://www.shiga-jinjacho.jp/ycBBS/Board.cgi/02_jinja_db/db/ycDB_02jinja-pc-detail.html?mode:view=1&view:oid=357
Shiga,正三神社,ショウサン,滋賀県草津市集町439,https://www.shiga-jinjacho.jp/ycBBS/Board.cgi/02_jinja_db/db/ycDB_02jinja-pc-detail.html?mode:view=1&view:oid=358
Shiga,老杉神社,オイスギ,滋賀県草津市下笠町1194,https://www.shiga-jinjacho.jp/ycBBS/Board.cgi/02_jinja_db/db/ycDB_02jinja-pc-detail.html?mode:view=1&view:oid=359
Shiga,八幡神社,ハチマン,滋賀県草津市駒井沢町345,https://www.shiga-jinjacho.jp/ycBBS/Board.cgi/02_jinja_db/db/ycDB_02jinja-pc-detail.html?mode:view=1&view:oid=361
Shiga,天神神社,テンジン,滋賀県草津市上寺町239,https://www.shiga-jinjacho.jp/ycBBS/Board.cgi/02_jinja_db/db/ycDB_02jinja-pc-detail.html?mode:view=1&view:oid=362
Shiga,大萱神社,オオカヤ,滋賀県草津市北大萱町500,https://www.shiga-jinjacho.jp/ycBBS/Board.cgi/02_jinja_db/db/ycDB_02jinja-pc-detail.html?mode:view=1&view:oid=363
Shiga,三大神社,サンダイ,滋賀県草津市志那町309,https://www.shiga-jinjacho.jp/ycBBS/Board.cgi/02_jinja_db/db/ycDB_02jinja-pc-detail.html?mode:view=1&view:oid=364
Shiga,志那神社,シナ,滋賀県草津市志那町727,https://www.shiga-jinjacho.jp/ycBBS/Board.cgi/02_jinja_db/db/ycDB_02jinja-pc-detail.html?mode:view=1&view:oid=365
Shiga,惣社神社,ソウシャ,滋賀県草津市志那中町238,https://www.shiga-jinjacho.jp/ycBBS/Board.cgi/02_jinja_db/db/ycDB_02jinja-pc-detail.html?mode:view=1&view:oid=366
Shiga,砂原天神社,スナハラテン,滋賀県草津市木川町1314,https://www.shiga-jinjacho.jp/ycBBS/Board.cgi/02_jinja_db/db/ycDB_02jinja-pc-detail.html?mode:view=1&view:oid=367
Shiga,小槻大社,オツキ,滋賀県栗東市下戸山1200,https://www.shiga-jinjacho.jp/ycBBS/Board.cgi/02_jinja_db/db/ycDB_02jinja-pc-detail.html?mode:view=1&view:oid=368
Shiga,五百井神社,イオノイ,滋賀県栗東市下戸山20,https://www.shiga-jinjacho.jp/ycBBS/Board.cgi/02_jinja_db/db/ycDB_02jinja-pc-detail.html?mode:view=1&view:oid=369
Shiga,菌神社,クサビラ,滋賀県栗東市中沢1-11-15,https://www.shiga-jinjacho.jp/ycBBS/Board.cgi/02_jinja_db/db/ycDB_02jinja-pc-detail.html?mode:view=1&view:oid=370
Shiga,壽泉神社,ジュセン,滋賀県栗東市伊勢落69,https://www.shiga-jinjacho.jp/ycBBS/Board.cgi/02_jinja_db/db/ycDB_02jinja-pc-detail.html?mode:view=1&view:oid=371
Shiga,岩上神社,イワガミ,滋賀県栗東市伊勢落265,https://www.shiga-jinjacho.jp/ycBBS/Board.cgi/02_jinja_db/db/ycDB_02jinja-pc-detail.html?mode:view=1&view:oid=372
Shiga,白鬚神社,シラヒゲ,滋賀県栗東市小野149,https://www.shiga-jinjacho.jp/ycBBS/Board.cgi/02_jinja_db/db/ycDB_02jinja-pc-detail.html?mode:view=1&view:oid=373
Shiga,稲荷神社,イナリ,滋賀県栗東市手原3-9,https://www.shiga-jinjacho.jp/ycBBS/Board.cgi/02_jinja_db/db/ycDB_02jinja-pc-detail.html?mode:view=1&view:oid=374
Shiga,三輪神社,ミワ,滋賀県栗東市大橋1-6,https://www.shiga-jinjacho.jp/ycBBS/Board.cgi/02_jinja_db/db/ycDB_02jinja-pc-detail.html?mode:view=1&view:oid=375
Shiga,天満神社,テンマン,滋賀県栗東市出庭344,https://www.shiga-jinjacho.jp/ycBBS/Board.cgi/02_jinja_db/db/ycDB_02jinja-pc-detail.html?mode:view=1&view:oid=376
Shiga,天満神社,テンマン,滋賀県栗東市出庭800,https://www.shiga-jinjacho.jp/ycBBS/Board.cgi/02_jinja_db/db/ycDB_02jinja-pc-detail.html?mode:view=1&view:oid=377
Shiga,出庭神社,デバ,滋賀県栗東市出庭250,https://www.shiga-jinjacho.jp/ycBBS/Board.cgi/02_jinja_db/db/ycDB_02jinja-pc-detail.html?mode:view=1&view:oid=378
Shiga,井口天神社,イクチテン,滋賀県栗東市辻205,https://www.shiga-jinjacho.jp/ycBBS/Board.cgi/02_jinja_db/db/ycDB_02jinja-pc-detail.html?mode:view=1&view:oid=379
Shiga,高野神社,タカノ,滋賀県栗東市高野726,https://www.shiga-jinjacho.jp/ycBBS/Board.cgi/02_jinja_db/db/ycDB_02jinja-pc-detail.html?mode:view=1&view:oid=380
Shiga,日吉神社,ヒヨシ,滋賀県栗東市上砥山660,https://www.shiga-jinjacho.jp/ycBBS/Board.cgi/02_jinja_db/db/ycDB_02jinja-pc-detail.html?mode:view=1&view:oid=381
Shiga,春日神社,カスガ,滋賀県栗東市荒張669,https://www.shiga-jinjacho.jp/ycBBS/Board.cgi/02_jinja_db/db/ycDB_02jinja-pc-detail.html?mode:view=1&view:oid=382
Shiga,大野神社,オオノ,滋賀県栗東市荒張896,https://www.shiga-jinjacho.jp/ycBBS/Board.cgi/02_jinja_db/db/ycDB_02jinja-pc-detail.html?mode:view=1&view:oid=383
Shiga,宇和宮神社,ウワミヤ,滋賀県栗東市蜂屋231,https://www.shiga-jinjacho.jp/ycBBS/Board.cgi/02_jinja_db/db/ycDB_02jinja-pc-detail.html?mode:view=1&view:oid=384
Shiga,日吉神社,ヒヨシ,滋賀県栗東市野尻94,https://www.shiga-jinjacho.jp/ycBBS/Board.cgi/02_jinja_db/db/ycDB_02jinja-pc-detail.html?mode:view=1&view:oid=385
Shiga,大宝神社,ダイホウ,滋賀県栗東市綣1004,https://www.shiga-jinjacho.jp/ycBBS/Board.cgi/02_jinja_db/db/ycDB_02jinja-pc-detail.html?mode:view=1&view:oid=386
Shiga,松尾神社,マツオ,滋賀県東近江市八日市松尾町3-13,https://www.shiga-jinjacho.jp/ycBBS/Board.cgi/02_jinja_db/db/ycDB_02jinja-pc-detail.html?mode:view=1&view:oid=387
Shiga,市神神社,イチガミ,滋賀県東近江市八日市本町15-4,https://www.shiga-jinjacho.jp/ycBBS/Board.cgi/02_jinja_db/db/ycDB_02jinja-pc-detail.html?mode:view=1&view:oid=388
Shiga,皇美麻神社,スメミマ,滋賀県東近江市八日市町3-18,https://www.shiga-jinjacho.jp/ycBBS/Board.cgi/02_jinja_db/db/ycDB_02jinja-pc-detail.html?mode:view=1&view:oid=389
Shiga,野々宮神社,ノノミヤ,滋賀県東近江市八日市金屋1-5-12,https://www.shiga-jinjacho.jp/ycBBS/Board.cgi/02_jinja_db/db/ycDB_02jinja-pc-detail.html?mode:view=1&view:oid=390
Shiga,中野神社,ナカノ,滋賀県東近江市東中野町3-28,https://www.shiga-jinjacho.jp/ycBBS/Board.cgi/02_jinja_db/db/ycDB_02jinja-pc-detail.html?mode:view=1&view:oid=391
Shiga,蛭子神社,エビス,滋賀県東近江市柏木町550-1,https://www.shiga-jinjacho.jp/ycBBS/Board.cgi/02_jinja_db/db/ycDB_02jinja-pc-detail.html?mode:view=1&view:oid=392
Shiga,日吉神社,ヒヨシ,滋賀県東近江市上平木町1999,https://www.shiga-jinjacho.jp/ycBBS/Board.cgi/02_jinja_db/db/ycDB_02jinja-pc-detail.html?mode:view=1&view:oid=393
Shiga,御沢神社,オサワ,滋賀県東近江市上平木町1319-1,https://www.shiga-jinjacho.jp/ycBBS/Board.cgi/02_jinja_db/db/ycDB_02jinja-pc-detail.html?mode:view=1&view:oid=394
Shiga,大宮神社,オオミヤ,滋賀県東近江市平田町503-1,https://www.shiga-jinjacho.jp/ycBBS/Board.cgi/02_jinja_db/db/ycDB_02jinja-pc-detail.html?mode:view=1&view:oid=395
Shiga,劔神社,ツルギ,滋賀県東近江市下羽田町705-1,https://www.shiga-jinjacho.jp/ycBBS/Board.cgi/02_jinja_db/db/ycDB_02jinja-pc-detail.html?mode:view=1&view:oid=396
Shiga,八幡神社,ハチマン,滋賀県東近江市中羽田町169,https://www.shiga-jinjacho.jp/ycBBS/Board.cgi/02_jinja_db/db/ycDB_02jinja-pc-detail.html?mode:view=1&view:oid=397
Shiga,羽田神社,ハネダ,滋賀県東近江市上羽田町2257,https://www.shiga-jinjacho.jp/ycBBS/Board.cgi/02_jinja_db/db/ycDB_02jinja-pc-detail.html?mode:view=1&view:oid=398
Shiga,三所神社,サンショ,滋賀県東近江市市辺町1081,https://www.shiga-jinjacho.jp/ycBBS/Board.cgi/02_jinja_db/db/ycDB_02jinja-pc-detail.html?mode:view=1&view:oid=399
Shiga,若宮神社,ワカミヤ,滋賀県東近江市市辺町1896,https://www.shiga-jinjacho.jp/ycBBS/Board.cgi/02_jinja_db/db/ycDB_02jinja-pc-detail.html?mode:view=1&view:oid=400
Shiga,巽神社,タツミ,滋賀県東近江市糠塚町68,https://www.shiga-jinjacho.jp/ycBBS/Board.cgi/02_jinja_db/db/ycDB_02jinja-pc-detail.html?mode:view=1&view:oid=401
Shiga,阿賀神社,アガ,滋賀県東近江市野口町1,https://www.shiga-jinjacho.jp/ycBBS/Board.cgi/02_jinja_db/db/ycDB_02jinja-pc-detail.html?mode:view=1&view:oid=402
Shiga,神明社,シンメイシャ,滋賀県東近江市三津屋町196,https://www.shiga-jinjacho.jp/ycBBS/Board.cgi/02_jinja_db/db/ycDB_02jinja-pc-detail.html?mode:view=1&view:oid=403
Shiga,布施神社,フセ,滋賀県東近江市布施町115,https://www.shiga-jinjacho.jp/ycBBS/Board.cgi/02_jinja_db/db/ycDB_02jinja-pc-detail.html?mode:view=1&view:oid=404
Shiga,長緒神社,ナガオ,滋賀県東近江市蛇溝町229,https://www.shiga-jinjacho.jp/ycBBS/Board.cgi/02_jinja_db/db/ycDB_02jinja-pc-detail.html?mode:view=1&view:oid=405
Shiga,平野天神社・若宮八幡宮,ヒラノテンワカミヤ,滋賀県東近江市土器町1051,https://www.shiga-jinjacho.jp/ycBBS/Board.cgi/02_jinja_db/db/ycDB_02jinja-pc-detail.html?mode:view=1&view:oid=406
Shiga,天満神社,テンマン,滋賀県東近江市土器町972,https://www.shiga-jinjacho.jp/ycBBS/Board.cgi/02_jinja_db/db/ycDB_02jinja-pc-detail.html?mode:view=1&view:oid=407
Shiga,八坂神社,ヤサカ,滋賀県東近江市上大森町2056,https://www.shiga-jinjacho.jp/ycBBS/Board.cgi/02_jinja_db/db/ycDB_02jinja-pc-detail.html?mode:view=1&view:oid=408
Shiga,大森神社,オオモリ,滋賀県東近江市大森町699-1,https://www.shiga-jinjacho.jp/ycBBS/Board.cgi/02_jinja_db/db/ycDB_02jinja-pc-detail.html?mode:view=1&view:oid=409
Shiga,八坂神社,ヤサカ,滋賀県東近江市尻無町1437,https://www.shiga-jinjacho.jp/ycBBS/Board.cgi/02_jinja_db/db/ycDB_02jinja-pc-detail.html?mode:view=1&view:oid=410
Shiga,玉緒神社,タマオ,滋賀県東近江市下二俣町125,https://www.shiga-jinjacho.jp/ycBBS/Board.cgi/02_jinja_db/db/ycDB_02jinja-pc-detail.html?mode:view=1&view:oid=411
Shiga,玉緒神社,タマオ,滋賀県東近江市柴原南町1002,https://www.shiga-jinjacho.jp/ycBBS/Board.cgi/02_jinja_db/db/ycDB_02jinja-pc-detail.html?mode:view=1&view:oid=412
Shiga,富士神社,フジ,滋賀県東近江市今代町175,https://www.shiga-jinjacho.jp/ycBBS/Board.cgi/02_jinja_db/db/ycDB_02jinja-pc-detail.html?mode:view=1&view:oid=414
Shiga,八幡神社,ハチマン,滋賀県東近江市今代町335,https://www.shiga-jinjacho.jp/ycBBS/Board.cgi/02_jinja_db/db/ycDB_02jinja-pc-detail.html?mode:view=1&view:oid=415
Shiga,天神神社,テンジン,滋賀県東近江市寺町394,https://www.shiga-jinjacho.jp/ycBBS/Board.cgi/02_jinja_db/db/ycDB_02jinja-pc-detail.html?mode:view=1&view:oid=416
Shiga,八幡神社,ハチマン,滋賀県東近江市岡田町198,https://www.shiga-jinjacho.jp/ycBBS/Board.cgi/02_jinja_db/db/ycDB_02jinja-pc-detail.html?mode:view=1&view:oid=417
Shiga,高屋八幡神社,タカヤハチマン,滋賀県東近江市御園町266,https://www.shiga-jinjacho.jp/ycBBS/Board.cgi/02_jinja_db/db/ycDB_02jinja-pc-detail.html?mode:view=1&view:oid=418
Shiga,飯開神社,イビラギ,滋賀県東近江市林田町333,https://www.shiga-jinjacho.jp/ycBBS/Board.cgi/02_jinja_db/db/ycDB_02jinja-pc-detail.html?mode:view=1&view:oid=419
Shiga,御君神社,オオキミ,滋賀県東近江市五智町120,https://www.shiga-jinjacho.jp/ycBBS/Board.cgi/02_jinja_db/db/ycDB_02jinja-pc-detail.html?mode:view=1&view:oid=420
Shiga,塞神神社,サイノカミ,滋賀県東近江市中小路町42,https://www.shiga-jinjacho.jp/ycBBS/Board.cgi/02_jinja_db/db/ycDB_02jinja-pc-detail.html?mode:view=1&view:oid=421
Shiga,八咫神社,ヤタ,滋賀県東近江市妙法寺町225,https://www.shiga-jinjacho.jp/ycBBS/Board.cgi/02_jinja_db/db/ycDB_02jinja-pc-detail.html?mode:view=1&view:oid=422
Shiga,八幡神社,ハチマン,滋賀県東近江市野村町185,https://www.shiga-jinjacho.jp/ycBBS/Board.cgi/02_jinja_db/db/ycDB_02jinja-pc-detail.html?mode:view=1&view:oid=423
Shiga,冲原神社,オキハラ,滋賀県東近江市東沖野3-11-1,https://www.shiga-jinjacho.jp/ycBBS/Board.cgi/02_jinja_db/db/ycDB_02jinja-pc-detail.html?mode:view=1&view:oid=424
Shiga,河桁御河邊神社,カワケタミカベ,滋賀県東近江市神田町380,https://www.shiga-jinjacho.jp/ycBBS/Board.cgi/02_jinja_db/db/ycDB_02jinja-pc-detail.html?mode:view=1&view:oid=425
Shiga,若松天神社,ワカマツテン,滋賀県東近江市外町902,https://www.shiga-jinjacho.jp/ycBBS/Board.cgi/02_jinja_db/db/ycDB_02jinja-pc-detail.html?mode:view=1&view:oid=426
Shiga,八幡神社,ハチマン,滋賀県東近江市川合寺町158,https://www.shiga-jinjacho.jp/ycBBS/Board.cgi/02_jinja_db/db/ycDB_02jinja-pc-detail.html?mode:view=1&view:oid=427
Shiga,日吉神社,ヒヨシ,滋賀県東近江市建部日吉町4,https://www.shiga-jinjacho.jp/ycBBS/Board.cgi/02_jinja_db/db/ycDB_02jinja-pc-detail.html?mode:view=1&view:oid=428
Shiga,牛尾神社,ウシオ,滋賀県東近江市建部瓦屋寺町341-2,https://www.shiga-jinjacho.jp/ycBBS/Board.cgi/02_jinja_db/db/ycDB_02jinja-pc-detail.html?mode:view=1&view:oid=429
Shiga,天神社,テン,滋賀県東近江市建部上中町447,https://www.shiga-jinjacho.jp/ycBBS/Board.cgi/02_jinja_db/db/ycDB_02jinja-pc-detail.html?mode:view=1&view:oid=430
Shiga,山王神社,サンノウ,滋賀県東近江市建部北町394,https://www.shiga-jinjacho.jp/ycBBS/Board.cgi/02_jinja_db/db/ycDB_02jinja-pc-detail.html?mode:view=1&view:oid=431
Shiga,八幡神社,ハチマン,滋賀県東近江市建部堺町187,https://www.shiga-jinjacho.jp/ycBBS/Board.cgi/02_jinja_db/db/ycDB_02jinja-pc-detail.html?mode:view=1&view:oid=432
Shiga,劔宮神社,ケングウ,滋賀県東近江市建部南町140,https://www.shiga-jinjacho.jp/ycBBS/Board.cgi/02_jinja_db/db/ycDB_02jinja-pc-detail.html?mode:view=1&view:oid=433
Shiga,日吉神社,ヒヨシ,滋賀県東近江市今崎町296,https://www.shiga-jinjacho.jp/ycBBS/Board.cgi/02_jinja_db/db/ycDB_02jinja-pc-detail.html?mode:view=1&view:oid=434
Shiga,日吉神社,ヒヨシ,滋賀県東近江市今堀町450,https://www.shiga-jinjacho.jp/ycBBS/Board.cgi/02_jinja_db/db/ycDB_02jinja-pc-detail.html?mode:view=1&view:oid=435
Shiga,蛭児神社,ヒルコ,滋賀県東近江市小今町300,https://www.shiga-jinjacho.jp/ycBBS/Board.cgi/02_jinja_db/db/ycDB_02jinja-pc-detail.html?mode:view=1&view:oid=436
Shiga,長谷野神社,ナガタニノ,滋賀県東近江市蛇溝町1043,https://www.shiga-jinjacho.jp/ycBBS/Board.cgi/02_jinja_db/db/ycDB_02jinja-pc-detail.html?mode:view=1&view:oid=437
Shiga,阿賀神社,アガ,滋賀県東近江市小脇町2247,https://www.shiga-jinjacho.jp/ycBBS/Board.cgi/02_jinja_db/db/ycDB_02jinja-pc-detail.html?mode:view=1&view:oid=438
Shiga,天満宮,テンマングウ,滋賀県守山市守山町1038,https://www.shiga-jinjacho.jp/ycBBS/Board.cgi/02_jinja_db/db/ycDB_02jinja-pc-detail.html?mode:view=1&view:oid=439
Shiga,八代神社,ハチタイ,滋賀県守山市下之郷町246,https://www.shiga-jinjacho.jp/ycBBS/Board.cgi/02_jinja_db/db/ycDB_02jinja-pc-detail.html?mode:view=1&view:oid=440
Shiga,田中神社,タナカ,滋賀県守山市岡町205,https://www.shiga-jinjacho.jp/ycBBS/Board.cgi/02_jinja_db/db/ycDB_02jinja-pc-detail.html?mode:view=1&view:oid=442
Shiga,新川神社,ニイカワ,滋賀県守山市立入町123,https://www.shiga-jinjacho.jp/ycBBS/Board.cgi/02_jinja_db/db/ycDB_02jinja-pc-detail.html?mode:view=1&view:oid=443
Shiga,住吉神社,スミヨシ,滋賀県守山市浮気町152,https://www.shiga-jinjacho.jp/ycBBS/Board.cgi/02_jinja_db/db/ycDB_02jinja-pc-detail.html?mode:view=1&view:oid=444
Shiga,勝部神社,カツベ,滋賀県守山市勝部町339,https://www.shiga-jinjacho.jp/ycBBS/Board.cgi/02_jinja_db/db/ycDB_02jinja-pc-detail.html?mode:view=1&view:oid=445
Shiga,八尾神社,ヤオ,滋賀県守山市千代町141,https://www.shiga-jinjacho.jp/ycBBS/Board.cgi/02_jinja_db/db/ycDB_02jinja-pc-detail.html?mode:view=1&view:oid=446
Shiga,日吉神社,ヒヨシ,滋賀県守山市阿村町222,https://www.shiga-jinjacho.jp/ycBBS/Board.cgi/02_jinja_db/db/ycDB_02jinja-pc-detail.html?mode:view=1&view:oid=447
Shiga,大将軍神社,タイショウグン,滋賀県守山市古高町295,https://www.shiga-jinjacho.jp/ycBBS/Board.cgi/02_jinja_db/db/ycDB_02jinja-pc-detail.html?mode:view=1&view:oid=448
Shiga,金神社,カネ,滋賀県守山市金森町19,https://www.shiga-jinjacho.jp/ycBBS/Board.cgi/02_jinja_db/db/ycDB_02jinja-pc-detail.html?mode:view=1&view:oid=449
Shiga,小津神社,オヅ,滋賀県守山市杉江町495,https://www.shiga-jinjacho.jp/ycBBS/Board.cgi/02_jinja_db/db/ycDB_02jinja-pc-detail.html?mode:view=1&view:oid=450
Shiga,武道天神社,ブドウテン,滋賀県守山市矢島町1222,https://www.shiga-jinjacho.jp/ycBBS/Board.cgi/02_jinja_db/db/ycDB_02jinja-pc-detail.html?mode:view=1&view:oid=451
Shiga,八田神社,ハッタ,滋賀県守山市小島町1206,https://www.shiga-jinjacho.jp/ycBBS/Board.cgi/02_jinja_db/db/ycDB_02jinja-pc-detail.html?mode:view=1&view:oid=452
Shiga,天満宮,テンマングウ,滋賀県守山市小島町1571,https://www.shiga-jinjacho.jp/ycBBS/Board.cgi/02_jinja_db/db/ycDB_02jinja-pc-detail.html?mode:view=1&view:oid=453
Shiga,荒神社,コウ,滋賀県守山市播磨田町1914,https://www.shiga-jinjacho.jp/ycBBS/Board.cgi/02_jinja_db/db/ycDB_02jinja-pc-detail.html?mode:view=1&view:oid=454
Shiga,八大神社,ハッタイ,滋賀県守山市播磨田町1155,https://www.shiga-jinjacho.jp/ycBBS/Board.cgi/02_jinja_db/db/ycDB_02jinja-pc-detail.html?mode:view=1&view:oid=455
Shiga,皇小津神社,スメオヅ,滋賀県守山市今市町102,https://www.shiga-jinjacho.jp/ycBBS/Board.cgi/02_jinja_db/db/ycDB_02jinja-pc-detail.html?mode:view=1&view:oid=456
Shiga,天神社,テン,滋賀県守山市荒見町404,https://www.shiga-jinjacho.jp/ycBBS/Board.cgi/02_jinja_db/db/ycDB_02jinja-pc-detail.html?mode:view=1&view:oid=457
Shiga,蜊江神社,ツブエ,滋賀県守山市笠原町939,https://www.shiga-jinjacho.jp/ycBBS/Board.cgi/02_jinja_db/db/ycDB_02jinja-pc-detail.html?mode:view=1&view:oid=458
Shiga,若宮神社,ワカミヤ,滋賀県守山市中町112,https://www.shiga-jinjacho.jp/ycBBS/Board.cgi/02_jinja_db/db/ycDB_02jinja-pc-detail.html?mode:view=1&view:oid=459
Shiga,天神社,テン,滋賀県守山市川田町1371-1,https://www.shiga-jinjacho.jp/ycBBS/Board.cgi/02_jinja_db/db/ycDB_02jinja-pc-detail.html?mode:view=1&view:oid=460
Shiga,八幡神社,ハチマン,滋賀県守山市川田町1309,https://www.shiga-jinjacho.jp/ycBBS/Board.cgi/02_jinja_db/db/ycDB_02jinja-pc-detail.html?mode:view=1&view:oid=461
Shiga,天神社,テン,滋賀県守山市川田町1143,https://www.shiga-jinjacho.jp/ycBBS/Board.cgi/02_jinja_db/db/ycDB_02jinja-pc-detail.html?mode:view=1&view:oid=462
Shiga,己爾乃神社,コジノ,滋賀県守山市洲本町1607,https://www.shiga-jinjacho.jp/ycBBS/Board.cgi/02_jinja_db/db/ycDB_02jinja-pc-detail.html?mode:view=1&view:oid=463
Shiga,己爾乃神社,コジノ,滋賀県守山市洲本町2322,https://www.shiga-jinjacho.jp/ycBBS/Board.cgi/02_jinja_db/db/ycDB_02jinja-pc-detail.html?mode:view=1&view:oid=464
Shiga,稲荷神社,イナリ,滋賀県守山市木浜町2040,https://www.shiga-jinjacho.jp/ycBBS/Board.cgi/02_jinja_db/db/ycDB_02jinja-pc-detail.html?mode:view=1&view:oid=465
Shiga,樹下神社,ジュゲ,滋賀県守山市今浜町146,https://www.shiga-jinjacho.jp/ycBBS/Board.cgi/02_jinja_db/db/ycDB_02jinja-pc-detail.html?mode:view=1&view:oid=466
Shiga,皇太神社,コウタイ,滋賀県守山市今浜町2332,https://www.shiga-jinjacho.jp/ycBBS/Board.cgi/02_jinja_db/db/ycDB_02jinja-pc-detail.html?mode:view=1&view:oid=467
Shiga,樹下神社,ジュゲ,滋賀県守山市水保町289,https://www.shiga-jinjacho.jp/ycBBS/Board.cgi/02_jinja_db/db/ycDB_02jinja-pc-detail.html?mode:view=1&view:oid=468
Shiga,樹下神社,ジュゲ,滋賀県守山市水保町1549,https://www.shiga-jinjacho.jp/ycBBS/Board.cgi/02_jinja_db/db/ycDB_02jinja-pc-detail.html?mode:view=1&view:oid=469
Shiga,蜊江神社,ツブエ,滋賀県守山市笠原町527-5,https://www.shiga-jinjacho.jp/ycBBS/Board.cgi/02_jinja_db/db/ycDB_02jinja-pc-detail.html?mode:view=1&view:oid=470
Shiga,八幡神社,ハチマン,滋賀県守山市新庄町1267,https://www.shiga-jinjacho.jp/ycBBS/Board.cgi/02_jinja_db/db/ycDB_02jinja-pc-detail.html?mode:view=1&view:oid=471
Shiga,新宮神社,シングウ,滋賀県守山市立田町1510,https://www.shiga-jinjacho.jp/ycBBS/Board.cgi/02_jinja_db/db/ycDB_02jinja-pc-detail.html?mode:view=1&view:oid=472
Shiga,鹿島神社,カシマ,滋賀県守山市立田町1454,https://www.shiga-jinjacho.jp/ycBBS/Board.cgi/02_jinja_db/db/ycDB_02jinja-pc-detail.html?mode:view=1&view:oid=473
Shiga,下新川神社,シモニウカワ,滋賀県守山市幸津川町1356,https://www.shiga-jinjacho.jp/ycBBS/Board.cgi/02_jinja_db/db/ycDB_02jinja-pc-detail.html?mode:view=1&view:oid=474
Shiga,大水口神社,オオミナクチ,滋賀県守山市幸津川町1672,https://www.shiga-jinjacho.jp/ycBBS/Board.cgi/02_jinja_db/db/ycDB_02jinja-pc-detail.html?mode:view=1&view:oid=475
Shiga,稲荷神社,イナリ,滋賀県守山市幸津川町398,https://www.shiga-jinjacho.jp/ycBBS/Board.cgi/02_jinja_db/db/ycDB_02jinja-pc-detail.html?mode:view=1&view:oid=476
Shiga,八幡神社,ハチマン,滋賀県守山市小浜町535,https://www.shiga-jinjacho.jp/ycBBS/Board.cgi/02_jinja_db/db/ycDB_02jinja-pc-detail.html?mode:view=1&view:oid=477
Shiga,天満宮,テンマングウ,滋賀県守山市小浜町944,https://www.shiga-jinjacho.jp/ycBBS/Board.cgi/02_jinja_db/db/ycDB_02jinja-pc-detail.html?mode:view=1&view:oid=478
Shiga,長澤神社,ナガサワ,滋賀県野洲市比江765,https://www.shiga-jinjacho.jp/ycBBS/Board.cgi/02_jinja_db/db/ycDB_02jinja-pc-detail.html?mode:view=1&view:oid=479
Shiga,矢取神社,ヤトリ,滋賀県野洲市小比江41,https://www.shiga-jinjacho.jp/ycBBS/Board.cgi/02_jinja_db/db/ycDB_02jinja-pc-detail.html?mode:view=1&view:oid=480
Shiga,三河神社,ミカワ,滋賀県野洲市北比江50,https://www.shiga-jinjacho.jp/ycBBS/Board.cgi/02_jinja_db/db/ycDB_02jinja-pc-detail.html?mode:view=1&view:oid=481
Shiga,牛尾神社,ウシオ,滋賀県野洲市乙窪408,https://www.shiga-jinjacho.jp/ycBBS/Board.cgi/02_jinja_db/db/ycDB_02jinja-pc-detail.html?mode:view=1&view:oid=482
Shiga,二ノ宮神社,ニノミヤ,滋賀県野洲市西河原55,https://www.shiga-jinjacho.jp/ycBBS/Board.cgi/02_jinja_db/db/ycDB_02jinja-pc-detail.html?mode:view=1&view:oid=483
Shiga,浅殿神社,アサドノ,滋賀県野洲市比留田693,https://www.shiga-jinjacho.jp/ycBBS/Board.cgi/02_jinja_db/db/ycDB_02jinja-pc-detail.html?mode:view=1&view:oid=484
Shiga,木部神社,キベ,滋賀県野洲市木部827,https://www.shiga-jinjacho.jp/ycBBS/Board.cgi/02_jinja_db/db/ycDB_02jinja-pc-detail.html?mode:view=1&view:oid=485
Shiga,虫生神社,ムシュウ,滋賀県野洲市虫生154,https://www.shiga-jinjacho.jp/ycBBS/Board.cgi/02_jinja_db/db/ycDB_02jinja-pc-detail.html?mode:view=1&view:oid=486
Shiga,高木神社,タカギ,滋賀県野洲市八夫1453,https://www.shiga-jinjacho.jp/ycBBS/Board.cgi/02_jinja_db/db/ycDB_02jinja-pc-detail.html?mode:view=1&view:oid=487
Shiga,兵主神社,ヒョウズ,滋賀県野洲市五条566,https://www.shiga-jinjacho.jp/ycBBS/Board.cgi/02_jinja_db/db/ycDB_02jinja-pc-detail.html?mode:view=1&view:oid=488
Shiga,新川神社,ニイカワ,滋賀県野洲市野洲69,https://www.shiga-jinjacho.jp/ycBBS/Board.cgi/02_jinja_db/db/ycDB_02jinja-pc-detail.html?mode:view=1&view:oid=489
Shiga,八幡神社,ハチマン,滋賀県野洲市行畑315,https://www.shiga-jinjacho.jp/ycBBS/Board.cgi/02_jinja_db/db/ycDB_02jinja-pc-detail.html?mode:view=1&view:oid=490
Shiga,行事神社,ギョウジ,滋賀県野洲市行畑388,https://www.shiga-jinjacho.jp/ycBBS/Board.cgi/02_jinja_db/db/ycDB_02jinja-pc-detail.html?mode:view=1&view:oid=491
Shiga,屯倉神社,ミヤケ,滋賀県野洲市市三宅2012,https://www.shiga-jinjacho.jp/ycBBS/Board.cgi/02_jinja_db/db/ycDB_02jinja-pc-detail.html?mode:view=1&view:oid=492
Shiga,日吉神社,ヒヨシ,滋賀県野洲市小篠原140,https://www.shiga-jinjacho.jp/ycBBS/Board.cgi/02_jinja_db/db/ycDB_02jinja-pc-detail.html?mode:view=1&view:oid=493
Shiga,稲荷神社,イナリ,滋賀県野洲市小篠原768-1,https://www.shiga-jinjacho.jp/ycBBS/Board.cgi/02_jinja_db/db/ycDB_02jinja-pc-detail.html?mode:view=1&view:oid=494
Shiga,大笹原神社,オオササハラ,滋賀県野洲市大篠原2375,https://www.shiga-jinjacho.jp/ycBBS/Board.cgi/02_jinja_db/db/ycDB_02jinja-pc-detail.html?mode:view=1&view:oid=495
Shiga,大行事神社,ダイギョウジ,滋賀県野洲市久野部267,https://www.shiga-jinjacho.jp/ycBBS/Board.cgi/02_jinja_db/db/ycDB_02jinja-pc-detail.html?mode:view=1&view:oid=496
Shiga,日吉神社,ヒヨシ,滋賀県野洲市竹生2106,https://www.shiga-jinjacho.jp/ycBBS/Board.cgi/02_jinja_db/db/ycDB_02jinja-pc-detail.html?mode:view=1&view:oid=497
Shiga,御上神社,ミカミ,滋賀県野洲市三上838,https://www.shiga-jinjacho.jp/ycBBS/Board.cgi/02_jinja_db/db/ycDB_02jinja-pc-detail.html?mode:view=1&view:oid=498
Shiga,三上神社,ミカミ,滋賀県野洲市妙光寺1,https://www.shiga-jinjacho.jp/ycBBS/Board.cgi/02_jinja_db/db/ycDB_02jinja-pc-detail.html?mode:view=1&view:oid=499
Shiga,野蔵神社,ノクラ,滋賀県野洲市南桜1,https://www.shiga-jinjacho.jp/ycBBS/Board.cgi/02_jinja_db/db/ycDB_02jinja-pc-detail.html?mode:view=1&view:oid=500
Shiga,若宮神社,ワカミヤ,滋賀県野洲市北桜487,https://www.shiga-jinjacho.jp/ycBBS/Board.cgi/02_jinja_db/db/ycDB_02jinja-pc-detail.html?mode:view=1&view:oid=501
Shiga,屋棟神社,ヤムネ,滋賀県野洲市永原546,https://www.shiga-jinjacho.jp/ycBBS/Board.cgi/02_jinja_db/db/ycDB_02jinja-pc-detail.html?mode:view=1&view:oid=502
Shiga,菅原神社,スガハラ,滋賀県野洲市永原1041,https://www.shiga-jinjacho.jp/ycBBS/Board.cgi/02_jinja_db/db/ycDB_02jinja-pc-detail.html?mode:view=1&view:oid=503
Shiga,貴布禰神社,キフネ,滋賀県野洲市中北128,https://www.shiga-jinjacho.jp/ycBBS/Board.cgi/02_jinja_db/db/ycDB_02jinja-pc-detail.html?mode:view=1&view:oid=504
Shiga,八幡神社,ハチマン,滋賀県野洲市北728,https://www.shiga-jinjacho.jp/ycBBS/Board.cgi/02_jinja_db/db/ycDB_02jinja-pc-detail.html?mode:view=1&view:oid=505
Shiga,八幡神社,ハチマン,滋賀県野洲市上屋877,https://www.shiga-jinjacho.jp/ycBBS/Board.cgi/02_jinja_db/db/ycDB_02jinja-pc-detail.html?mode:view=1&view:oid=506
Shiga,三上神社,ミカミ,滋賀県野洲市辻町131,https://www.shiga-jinjacho.jp/ycBBS/Board.cgi/02_jinja_db/db/ycDB_02jinja-pc-detail.html?mode:view=1&view:oid=508
Shiga,生和神社,イクワ,滋賀県野洲市冨波乙631-1,https://www.shiga-jinjacho.jp/ycBBS/Board.cgi/02_jinja_db/db/ycDB_02jinja-pc-detail.html?mode:view=1&view:oid=509
Shiga,妻之神社,ツマノ,滋賀県野洲市五之里1,https://www.shiga-jinjacho.jp/ycBBS/Board.cgi/02_jinja_db/db/ycDB_02jinja-pc-detail.html?mode:view=1&view:oid=510
Shiga,稲荷神社,イナリ,滋賀県野洲市小堤954,https://www.shiga-jinjacho.jp/ycBBS/Board.cgi/02_jinja_db/db/ycDB_02jinja-pc-detail.html?mode:view=1&view:oid=511
Shiga,日吉神社,ヒヨシ,滋賀県野洲市入町16,https://www.shiga-jinjacho.jp/ycBBS/Board.cgi/02_jinja_db/db/ycDB_02jinja-pc-detail.html?mode:view=1&view:oid=512
Shiga,長嶋神社,ナガシマ,滋賀県野洲市長島382,https://www.shiga-jinjacho.jp/ycBBS/Board.cgi/02_jinja_db/db/ycDB_02jinja-pc-detail.html?mode:view=1&view:oid=513
Shiga,春日神社,カスガ,滋賀県野洲市高木652,https://www.shiga-jinjacho.jp/ycBBS/Board.cgi/02_jinja_db/db/ycDB_02jinja-pc-detail.html?mode:view=1&view:oid=514
Shiga,国主神社,クニヌシ,滋賀県野洲市小南2144,https://www.shiga-jinjacho.jp/ycBBS/Board.cgi/02_jinja_db/db/ycDB_02jinja-pc-detail.html?mode:view=1&view:oid=515
Shiga,川崎神社,カワサキ,滋賀県湖南市石部249,https://www.shiga-jinjacho.jp/ycBBS/Board.cgi/02_jinja_db/db/ycDB_02jinja-pc-detail.html?mode:view=1&view:oid=516
Shiga,吉御子神社,ヨシミコ,滋賀県湖南市石部2763,https://www.shiga-jinjacho.jp/ycBBS/Board.cgi/02_jinja_db/db/ycDB_02jinja-pc-detail.html?mode:view=1&view:oid=517
Shiga,吉姫神社,ヨシヒメ,滋賀県湖南市石部4075,https://www.shiga-jinjacho.jp/ycBBS/Board.cgi/02_jinja_db/db/ycDB_02jinja-pc-detail.html?mode:view=1&view:oid=518
Shiga,白山神社,シラヤマ,滋賀県湖南市東寺631,https://www.shiga-jinjacho.jp/ycBBS/Board.cgi/02_jinja_db/db/ycDB_02jinja-pc-detail.html?mode:view=1&view:oid=519
Shiga,三聖神社,サンセイ,滋賀県湖南市西寺573,https://www.shiga-jinjacho.jp/ycBBS/Board.cgi/02_jinja_db/db/ycDB_02jinja-pc-detail.html?mode:view=1&view:oid=520
Shiga,立志神社,リュウシ,滋賀県湖南市三雲1353,https://www.shiga-jinjacho.jp/ycBBS/Board.cgi/02_jinja_db/db/ycDB_02jinja-pc-detail.html?mode:view=1&view:oid=521
Shiga,明喜神社,メイキ,滋賀県湖南市三雲1898,https://www.shiga-jinjacho.jp/ycBBS/Board.cgi/02_jinja_db/db/ycDB_02jinja-pc-detail.html?mode:view=1&view:oid=522
Shiga,吉見神社,ヨシミ,滋賀県湖南市吉永249,https://www.shiga-jinjacho.jp/ycBBS/Board.cgi/02_jinja_db/db/ycDB_02jinja-pc-detail.html?mode:view=1&view:oid=523
Shiga,天満神社,テンマン,滋賀県湖南市夏見881,https://www.shiga-jinjacho.jp/ycBBS/Board.cgi/02_jinja_db/db/ycDB_02jinja-pc-detail.html?mode:view=1&view:oid=524
Shiga,夏見神社,ナツミ,滋賀県湖南市夏見1980,https://www.shiga-jinjacho.jp/ycBBS/Board.cgi/02_jinja_db/db/ycDB_02jinja-pc-detail.html?mode:view=1&view:oid=525
Shiga,飯道神社,イイミチ,滋賀県湖南市針1009,https://www.shiga-jinjacho.jp/ycBBS/Board.cgi/02_jinja_db/db/ycDB_02jinja-pc-detail.html?mode:view=1&view:oid=526
Shiga,松尾神社,マツオ,滋賀県湖南市平松263,https://www.shiga-jinjacho.jp/ycBBS/Board.cgi/02_jinja_db/db/ycDB_02jinja-pc-detail.html?mode:view=1&view:oid=527
Shiga,上葦穂神社,カシホ,滋賀県湖南市柑子袋931,https://www.shiga-jinjacho.jp/ycBBS/Board.cgi/02_jinja_db/db/ycDB_02jinja-pc-detail.html?mode:view=1&view:oid=528
Shiga,加茂神社,カモ,滋賀県湖南市朝国53,https://www.shiga-jinjacho.jp/ycBBS/Board.cgi/02_jinja_db/db/ycDB_02jinja-pc-detail.html?mode:view=1&view:oid=529
Shiga,国造神社,コクゾウ,滋賀県湖南市岩根721,https://www.shiga-jinjacho.jp/ycBBS/Board.cgi/02_jinja_db/db/ycDB_02jinja-pc-detail.html?mode:view=1&view:oid=530
Shiga,貴船神社,キブネ,滋賀県湖南市岩根732,https://www.shiga-jinjacho.jp/ycBBS/Board.cgi/02_jinja_db/db/ycDB_02jinja-pc-detail.html?mode:view=1&view:oid=531
Shiga,八阪神社,ヤサカ,滋賀県湖南市岩根1571,https://www.shiga-jinjacho.jp/ycBBS/Board.cgi/02_jinja_db/db/ycDB_02jinja-pc-detail.html?mode:view=1&view:oid=532
Shiga,高倉神社,タカクラ,滋賀県湖南市岩根3649,https://www.shiga-jinjacho.jp/ycBBS/Board.cgi/02_jinja_db/db/ycDB_02jinja-pc-detail.html?mode:view=1&view:oid=533
Shiga,八阪神社,ヤサカ,滋賀県湖南市岩根3723,https://www.shiga-jinjacho.jp/ycBBS/Board.cgi/02_jinja_db/db/ycDB_02jinja-pc-detail.html?mode:view=1&view:oid=534
Shiga,川田神社,カワタ,滋賀県湖南市正福寺1219,https://www.shiga-jinjacho.jp/ycBBS/Board.cgi/02_jinja_db/db/ycDB_02jinja-pc-detail.html?mode:view=1&view:oid=535
Shiga,貴船神社,キフネ,滋賀県湖南市菩提寺1096,https://www.shiga-jinjacho.jp/ycBBS/Board.cgi/02_jinja_db/db/ycDB_02jinja-pc-detail.html?mode:view=1&view:oid=536
Shiga,稲荷神社,イナリ,滋賀県湖南市菩提寺1122,https://www.shiga-jinjacho.jp/ycBBS/Board.cgi/02_jinja_db/db/ycDB_02jinja-pc-detail.html?mode:view=1&view:oid=537
Shiga,斎神社,イツキ,滋賀県湖南市菩提寺1305,https://www.shiga-jinjacho.jp/ycBBS/Board.cgi/02_jinja_db/db/ycDB_02jinja-pc-detail.html?mode:view=1&view:oid=538
Shiga,鎮守神社,チンジュ,滋賀県湖南市菩提寺1403,https://www.shiga-jinjacho.jp/ycBBS/Board.cgi/02_jinja_db/db/ycDB_02jinja-pc-detail.html?mode:view=1&view:oid=539
Shiga,和田神社,ワダ,滋賀県湖南市菩提寺1806,https://www.shiga-jinjacho.jp/ycBBS/Board.cgi/02_jinja_db/db/ycDB_02jinja-pc-detail.html?mode:view=1&view:oid=540
Shiga,龍神社,リュウ,滋賀県湖南市菩提寺2093,https://www.shiga-jinjacho.jp/ycBBS/Board.cgi/02_jinja_db/db/ycDB_02jinja-pc-detail.html?mode:view=1&view:oid=541
Shiga,日枝神社,ヒエ,滋賀県湖南市下田3259,https://www.shiga-jinjacho.jp/ycBBS/Board.cgi/02_jinja_db/db/ycDB_02jinja-pc-detail.html?mode:view=1&view:oid=542
Shiga,綾野神社,アヤノ,滋賀県甲賀市水口町綾野4-42,https://www.shiga-jinjacho.jp/ycBBS/Board.cgi/02_jinja_db/db/ycDB_02jinja-pc-detail.html?mode:view=1&view:oid=543
Shiga,速玉神社,ハヤタマ,滋賀県甲賀市水口町秋葉2700,https://www.shiga-jinjacho.jp/ycBBS/Board.cgi/02_jinja_db/db/ycDB_02jinja-pc-detail.html?mode:view=1&view:oid=544
Shiga,藤栄神社,フジサカ,滋賀県甲賀市水口町梅が丘2-26,https://www.shiga-jinjacho.jp/ycBBS/Board.cgi/02_jinja_db/db/ycDB_02jinja-pc-detail.html?mode:view=1&view:oid=545
Shiga,藤八幡神社,フジハチマン,滋賀県甲賀市水口町八光3-4,https://www.shiga-jinjacho.jp/ycBBS/Board.cgi/02_jinja_db/db/ycDB_02jinja-pc-detail.html?mode:view=1&view:oid=546
Shiga,水口神社,ミナクチ,滋賀県甲賀市水口町宮の前3-14,https://www.shiga-jinjacho.jp/ycBBS/Board.cgi/02_jinja_db/db/ycDB_02jinja-pc-detail.html?mode:view=1&view:oid=547
Shiga,五十鈴神社,イスズ,滋賀県甲賀市水口町東林口4-18,https://www.shiga-jinjacho.jp/ycBBS/Board.cgi/02_jinja_db/db/ycDB_02jinja-pc-detail.html?mode:view=1&view:oid=548
Shiga,八幡神社,ハチマン,滋賀県甲賀市水口町松尾536,https://www.shiga-jinjacho.jp/ycBBS/Board.cgi/02_jinja_db/db/ycDB_02jinja-pc-detail.html?mode:view=1&view:oid=549
Shiga,日枝神社,ヒエ,滋賀県甲賀市水口町中畑516,https://www.shiga-jinjacho.jp/ycBBS/Board.cgi/02_jinja_db/db/ycDB_02jinja-pc-detail.html?mode:view=1&view:oid=550
Shiga,八幡神社,ハチマン,滋賀県甲賀市水口町新城373,https://www.shiga-jinjacho.jp/ycBBS/Board.cgi/02_jinja_db/db/ycDB_02jinja-pc-detail.html?mode:view=1&view:oid=551
Shiga,八幡神社,ハチマン,滋賀県甲賀市水口町名坂1161,https://www.shiga-jinjacho.jp/ycBBS/Board.cgi/02_jinja_db/db/ycDB_02jinja-pc-detail.html?mode:view=1&view:oid=552
Shiga,稲荷神社,イナリ,滋賀県甲賀市水口町嶬峨550,https://www.shiga-jinjacho.jp/ycBBS/Board.cgi/02_jinja_db/db/ycDB_02jinja-pc-detail.html?mode:view=1&view:oid=553
Shiga,三輪神社,ミワ,滋賀県甲賀市水口町嶬峨1530,https://www.shiga-jinjacho.jp/ycBBS/Board.cgi/02_jinja_db/db/ycDB_02jinja-pc-detail.html?mode:view=1&view:oid=554
Shiga,八坂神社,ヤサカ,滋賀県甲賀市水口町嶬峨1551-1,https://www.shiga-jinjacho.jp/ycBBS/Board.cgi/02_jinja_db/db/ycDB_02jinja-pc-detail.html?mode:view=1&view:oid=555
Shiga,八坂神社,ヤサカ,滋賀県甲賀市水口町嶬峨1607-1,https://www.shiga-jinjacho.jp/ycBBS/Board.cgi/02_jinja_db/db/ycDB_02jinja-pc-detail.html?mode:view=1&view:oid=556
Shiga,十二神社,ジュウニ,滋賀県甲賀市水口町嶬峨1778,https://www.shiga-jinjacho.jp/ycBBS/Board.cgi/02_jinja_db/db/ycDB_02jinja-pc-detail.html?mode:view=1&view:oid=557
Shiga,八幡神社,ハチマン,滋賀県甲賀市水口町和野952,https://www.shiga-jinjacho.jp/ycBBS/Board.cgi/02_jinja_db/db/ycDB_02jinja-pc-detail.html?mode:view=1&view:oid=558
Shiga,天満神社,テンマン,滋賀県甲賀市水口町和野2024,https://www.shiga-jinjacho.jp/ycBBS/Board.cgi/02_jinja_db/db/ycDB_02jinja-pc-detail.html?mode:view=1&view:oid=560
Shiga,加茂神社,カモ,滋賀県甲賀市水口町虫生野393,https://www.shiga-jinjacho.jp/ycBBS/Board.cgi/02_jinja_db/db/ycDB_02jinja-pc-detail.html?mode:view=1&view:oid=561
Shiga,天満宮,テンマングウ,滋賀県甲賀市水口町宇川1049,https://www.shiga-jinjacho.jp/ycBBS/Board.cgi/02_jinja_db/db/ycDB_02jinja-pc-detail.html?mode:view=1&view:oid=562
Shiga,佐土神社,サド,滋賀県甲賀市水口町内貴729,https://www.shiga-jinjacho.jp/ycBBS/Board.cgi/02_jinja_db/db/ycDB_02jinja-pc-detail.html?mode:view=1&view:oid=563
Shiga,川田神社,カワタ,滋賀県甲賀市水口町北内貴490,https://www.shiga-jinjacho.jp/ycBBS/Board.cgi/02_jinja_db/db/ycDB_02jinja-pc-detail.html?mode:view=1&view:oid=564
Shiga,日吉神社,ヒヨシ,滋賀県甲賀市水口町三大寺1382,https://www.shiga-jinjacho.jp/ycBBS/Board.cgi/02_jinja_db/db/ycDB_02jinja-pc-detail.html?mode:view=1&view:oid=565
Shiga,天満神社,テンマン,滋賀県甲賀市水口町高山364,https://www.shiga-jinjacho.jp/ycBBS/Board.cgi/02_jinja_db/db/ycDB_02jinja-pc-detail.html?mode:view=1&view:oid=566
Shiga,養父神社,ヨウブ,滋賀県甲賀市水口町岩坂190,https://www.shiga-jinjacho.jp/ycBBS/Board.cgi/02_jinja_db/db/ycDB_02jinja-pc-detail.html?mode:view=1&view:oid=567
Shiga,八阪神社,ヤサカ,滋賀県甲賀市水口町杣中461,https://www.shiga-jinjacho.jp/ycBBS/Board.cgi/02_jinja_db/db/ycDB_02jinja-pc-detail.html?mode:view=1&view:oid=568
Shiga,總社神社,ソウシャ,滋賀県甲賀市水口町牛飼572,https://www.shiga-jinjacho.jp/ycBBS/Board.cgi/02_jinja_db/db/ycDB_02jinja-pc-detail.html?mode:view=1&view:oid=569
Shiga,若宮神社,ワカミヤ,滋賀県甲賀市水口町山上614,https://www.shiga-jinjacho.jp/ycBBS/Board.cgi/02_jinja_db/db/ycDB_02jinja-pc-detail.html?mode:view=1&view:oid=570
Shiga,日吉神社,ヒヨシ,滋賀県甲賀市水口町泉482,https://www.shiga-jinjacho.jp/ycBBS/Board.cgi/02_jinja_db/db/ycDB_02jinja-pc-detail.html?mode:view=1&view:oid=571
Shiga,国中神社,コクチュウ,滋賀県甲賀市水口町植321,https://www.shiga-jinjacho.jp/ycBBS/Board.cgi/02_jinja_db/db/ycDB_02jinja-pc-detail.html?mode:view=1&view:oid=572
Shiga,八幡神社,ハチマン,滋賀県甲賀市水口町宇田612,https://www.shiga-jinjacho.jp/ycBBS/Board.cgi/02_jinja_db/db/ycDB_02jinja-pc-detail.html?mode:view=1&view:oid=573
Shiga,柏木神社,カシワギ,滋賀県甲賀市水口町北脇189,https://www.shiga-jinjacho.jp/ycBBS/Board.cgi/02_jinja_db/db/ycDB_02jinja-pc-detail.html?mode:view=1&view:oid=574
Shiga,春日神社,カスガ,滋賀県甲賀市水口町春日1803-2,https://www.shiga-jinjacho.jp/ycBBS/Board.cgi/02_jinja_db/db/ycDB_02jinja-pc-detail.html?mode:view=1&view:oid=575
Shiga,八田神社,ハツタ,滋賀県甲賀市水口町八田187,https://www.shiga-jinjacho.jp/ycBBS/Board.cgi/02_jinja_db/db/ycDB_02jinja-pc-detail.html?mode:view=1&view:oid=576
Shiga,三十八社神社,サンジュウハッシャ,滋賀県甲賀市水口町伴中山2645,https://www.shiga-jinjacho.jp/ycBBS/Board.cgi/02_jinja_db/db/ycDB_02jinja-pc-detail.html?mode:view=1&view:oid=577
Shiga,日吉神社,ヒヨシ,滋賀県甲賀市水口町下山108,https://www.shiga-jinjacho.jp/ycBBS/Board.cgi/02_jinja_db/db/ycDB_02jinja-pc-detail.html?mode:view=1&view:oid=578
Shiga,山村神社,ヤマムラ,滋賀県甲賀市水口町山3019,https://www.shiga-jinjacho.jp/ycBBS/Board.cgi/02_jinja_db/db/ycDB_02jinja-pc-detail.html?mode:view=1&view:oid=579
Shiga,若宮神社,ワカミヤ,滋賀県甲賀市土山町大河原1090,https://www.shiga-jinjacho.jp/ycBBS/Board.cgi/02_jinja_db/db/ycDB_02jinja-pc-detail.html?mode:view=1&view:oid=580
Shiga,三上六所神社,ミカミロクショ,滋賀県甲賀市土山町鮎河605,https://www.shiga-jinjacho.jp/ycBBS/Board.cgi/02_jinja_db/db/ycDB_02jinja-pc-detail.html?mode:view=1&view:oid=581
Shiga,惣王神社,ソウオウ,滋賀県甲賀市土山町黒滝470,https://www.shiga-jinjacho.jp/ycBBS/Board.cgi/02_jinja_db/db/ycDB_02jinja-pc-detail.html?mode:view=1&view:oid=582
Shiga,大宮神社,オオミヤ,滋賀県甲賀市土山町黒川1040,https://www.shiga-jinjacho.jp/ycBBS/Board.cgi/02_jinja_db/db/ycDB_02jinja-pc-detail.html?mode:view=1&view:oid=583
Shiga,火頭古神社,ヒヅコ,滋賀県甲賀市土山町猪鼻163,https://www.shiga-jinjacho.jp/ycBBS/Board.cgi/02_jinja_db/db/ycDB_02jinja-pc-detail.html?mode:view=1&view:oid=584
Shiga,熊野神社,クマノ,滋賀県甲賀市土山町山中194,https://www.shiga-jinjacho.jp/ycBBS/Board.cgi/02_jinja_db/db/ycDB_02jinja-pc-detail.html?mode:view=1&view:oid=585
Shiga,三子神社,ミツコ,滋賀県甲賀市土山町笹路111,https://www.shiga-jinjacho.jp/ycBBS/Board.cgi/02_jinja_db/db/ycDB_02jinja-pc-detail.html?mode:view=1&view:oid=586
Shiga,上林神社,カンバヤシ,滋賀県甲賀市土山町山女原399,https://www.shiga-jinjacho.jp/ycBBS/Board.cgi/02_jinja_db/db/ycDB_02jinja-pc-detail.html?mode:view=1&view:oid=587
Shiga,白川神社,シラカワ,滋賀県甲賀市土山町南土山261,https://www.shiga-jinjacho.jp/ycBBS/Board.cgi/02_jinja_db/db/ycDB_02jinja-pc-detail.html?mode:view=1&view:oid=588
Shiga,津島神社,ツシマ,滋賀県甲賀市土山町平子395,https://www.shiga-jinjacho.jp/ycBBS/Board.cgi/02_jinja_db/db/ycDB_02jinja-pc-detail.html?mode:view=1&view:oid=590
Shiga,春日神社,カスガ,滋賀県甲賀市土山町瀬ノ音905,https://www.shiga-jinjacho.jp/ycBBS/Board.cgi/02_jinja_db/db/ycDB_02jinja-pc-detail.html?mode:view=1&view:oid=591
Shiga,加茂神社,カモ,滋賀県甲賀市土山町青土1049,https://www.shiga-jinjacho.jp/ycBBS/Board.cgi/02_jinja_db/db/ycDB_02jinja-pc-detail.html?mode:view=1&view:oid=592
Shiga,久保神社,クボ,滋賀県甲賀市土山町野上野143,https://www.shiga-jinjacho.jp/ycBBS/Board.cgi/02_jinja_db/db/ycDB_02jinja-pc-detail.html?mode:view=1&view:oid=593
Shiga,熊野神社,クマノ,滋賀県甲賀市土山町大澤276,https://www.shiga-jinjacho.jp/ycBBS/Board.cgi/02_jinja_db/db/ycDB_02jinja-pc-detail.html?mode:view=1&view:oid=594
Shiga,川田神社,カワタ,滋賀県甲賀市土山町頓宮769,https://www.shiga-jinjacho.jp/ycBBS/Board.cgi/02_jinja_db/db/ycDB_02jinja-pc-detail.html?mode:view=1&view:oid=595
Shiga,瀧樹神社,タキ,滋賀県甲賀市土山町前野155,https://www.shiga-jinjacho.jp/ycBBS/Board.cgi/02_jinja_db/db/ycDB_02jinja-pc-detail.html?mode:view=1&view:oid=596
Shiga,諏訪神社,スワ,滋賀県甲賀市土山町市場146,https://www.shiga-jinjacho.jp/ycBBS/Board.cgi/02_jinja_db/db/ycDB_02jinja-pc-detail.html?mode:view=1&view:oid=597
Shiga,八幡神社,ハチマン,滋賀県甲賀市土山町徳原297-1,https://www.shiga-jinjacho.jp/ycBBS/Board.cgi/02_jinja_db/db/ycDB_02jinja-pc-detail.html?mode:view=1&view:oid=598
Shiga,花枝神社,ハナエ,滋賀県甲賀市土山町大野388,https://www.shiga-jinjacho.jp/ycBBS/Board.cgi/02_jinja_db/db/ycDB_02jinja-pc-detail.html?mode:view=1&view:oid=599
Shiga,大鳥神社,オオトリ,滋賀県甲賀市甲賀町鳥居野782,https://www.shiga-jinjacho.jp/ycBBS/Board.cgi/02_jinja_db/db/ycDB_02jinja-pc-detail.html?mode:view=1&view:oid=600
Shiga,天満神社,テンマン,滋賀県甲賀市甲賀町高野719,https://www.shiga-jinjacho.jp/ycBBS/Board.cgi/02_jinja_db/db/ycDB_02jinja-pc-detail.html?mode:view=1&view:oid=601
Shiga,油日神社,アブラヒ,滋賀県甲賀市甲賀町油日1042,https://www.shiga-jinjacho.jp/ycBBS/Board.cgi/02_jinja_db/db/ycDB_02jinja-pc-detail.html?mode:view=1&view:oid=602
Shiga,佐治神社,サジ,滋賀県甲賀市甲賀町小佐治1958,https://www.shiga-jinjacho.jp/ycBBS/Board.cgi/02_jinja_db/db/ycDB_02jinja-pc-detail.html?mode:view=1&view:oid=603
Shiga,日吉神社,ヒヨシ,滋賀県甲賀市甲賀町神保1649,https://www.shiga-jinjacho.jp/ycBBS/Board.cgi/02_jinja_db/db/ycDB_02jinja-pc-detail.html?mode:view=1&view:oid=604
Shiga,椿神社,ツバキ,滋賀県甲賀市甲賀町隠岐2075,https://www.shiga-jinjacho.jp/ycBBS/Board.cgi/02_jinja_db/db/ycDB_02jinja-pc-detail.html?mode:view=1&view:oid=605
Shiga,津島神社,ツシマ,滋賀県甲賀市甲賀町岩室1760,https://www.shiga-jinjacho.jp/ycBBS/Board.cgi/02_jinja_db/db/ycDB_02jinja-pc-detail.html?mode:view=1&view:oid=606
Shiga,津島神社,ツシマ,滋賀県甲賀市甲賀町岩室1918,https://www.shiga-jinjacho.jp/ycBBS/Board.cgi/02_jinja_db/db/ycDB_02jinja-pc-detail.html?mode:view=1&view:oid=607
Shiga,日吉神社,ヒヨシ,滋賀県甲賀市甲南町寺庄583,https://www.shiga-jinjacho.jp/ycBBS/Board.cgi/02_jinja_db/db/ycDB_02jinja-pc-detail.html?mode:view=1&view:oid=608
Shiga,葛木神社,カズラギ,滋賀県甲賀市甲南町葛木1105,https://www.shiga-jinjacho.jp/ycBBS/Board.cgi/02_jinja_db/db/ycDB_02jinja-pc-detail.html?mode:view=1&view:oid=609
Shiga,八幡神社,ハチマン,滋賀県甲賀市甲南町深川1884,https://www.shiga-jinjacho.jp/ycBBS/Board.cgi/02_jinja_db/db/ycDB_02jinja-pc-detail.html?mode:view=1&view:oid=610
Shiga,天満神社,テンマン,滋賀県甲賀市甲南町深川市場19,https://www.shiga-jinjacho.jp/ycBBS/Board.cgi/02_jinja_db/db/ycDB_02jinja-pc-detail.html?mode:view=1&view:oid=611
Gifu,白髭神社,しらひげじんじゃ,岐阜県安八郡安八町氷取869番地,https://www.gifu-jinjacho.jp/syosai.php?shrno=44
Gifu,白髭神社,しらひげじんじゃ,岐阜県安八郡安八町善光186番地,https://www.gifu-jinjacho.jp/syosai.php?shrno=45
Gifu,白髭神社,しらひげじんじゃ,岐阜県安八郡安八町南條395番地の1,https://www.gifu-jinjacho.jp/syosai.php?shrno=46
Gifu,白髭神社,しらひげじんじゃ,岐阜県安八郡安八町中1471番地の1,https://www.gifu-jinjacho.jp/syosai.php?shrno=47
Gifu,金刀比羅神社,ことひらじんじゃ,岐阜県安八郡安八町牧字一番割390番地の59,https://www.gifu-jinjacho.jp/syosai.php?shrno=48
Gifu,伊富神社,いとみじんじゃ,岐阜県安八郡安八町牧905番地,https://www.gifu-jinjacho.jp/syosai.php?shrno=49
Gifu,津島神社,つしまじんじゃ,岐阜県安八郡安八町牧字東小沼1877番地の33,https://www.gifu-jinjacho.jp/syosai.php?shrno=50
Gifu,稲荷神社,いなりじんじゃ,岐阜県安八郡安八町牧字善根分1720番地の2,https://www.gifu-jinjacho.jp/syosai.php?shrno=51
Gifu,八幡神社,はちまんじんじゃ,岐阜県安八郡安八町中須6番地,https://www.gifu-jinjacho.jp/syosai.php?shrno=52
Gifu,白髭神社,しらひげじんじゃ,岐阜県安八郡安八町大野819番地の1,https://www.gifu-jinjacho.jp/syosai.php?shrno=53
Gifu,御鍬神社,おくわじんじゃ,岐阜県安八郡安八町外善光3146番地,https://www.gifu-jinjacho.jp/syosai.php?shrno=54
Gifu,御鍬神社,おくわじんじゃ,岐阜県安八郡安八町外善光3799番地の1,https://www.gifu-jinjacho.jp/syosai.php?shrno=55
Gifu,白髭神社,しらひげじんじゃ,岐阜県安八郡輪之内町楡俣1698番地の1,https://www.gifu-jinjacho.jp/syosai.php?shrno=56
Gifu,神明神社,しんめいじんじゃ,岐阜県安八郡輪之内町楡俣1442番地,https://www.gifu-jinjacho.jp/syosai.php?shrno=57
Gifu,八剣神社,やつるぎじんじゃ,岐阜県安八郡輪之内町大藪1070番地の2,https://www.gifu-jinjacho.jp/syosai.php?shrno=58
Gifu,薩摩堰治水神社,さつまぜきちすいじんじゃ,岐阜県安八郡輪之内町大藪字新河原2865番地の9,https://www.gifu-jinjacho.jp/syosai.php?shrno=59
Gifu,水神神社,すいじんじんじゃ,岐阜県安八郡輪之内町大藪堤塘,https://www.gifu-jinjacho.jp/syosai.php?shrno=60
Gifu,神明神社,しんめいじんじゃ,岐阜県安八郡輪之内町楡俣新田21番地,https://www.gifu-jinjacho.jp/syosai.php?shrno=61
Gifu,多度神社,たどじんじゃ,岐阜県安八郡輪之内町四郷1690番地の3,https://www.gifu-jinjacho.jp/syosai.php?shrno=62
Gifu,神明神社,しんめいじんじゃ,岐阜県安八郡輪之内町四郷925番地,https://www.gifu-jinjacho.jp/syosai.php?shrno=63
Gifu,加毛神社,かもじんじゃ,岐阜県安八郡輪之内町下大榑東井堰13017番地,https://www.gifu-jinjacho.jp/syosai.php?shrno=64
Gifu,神明神社,しんめいじんじゃ,岐阜県安八郡輪之内町下大榑字井堰13036番地,https://www.gifu-jinjacho.jp/syosai.php?shrno=65
Gifu,白髭神社,しらひげじんじゃ,岐阜県安八郡輪之内町下大榑新田1319番地の1,https://www.gifu-jinjacho.jp/syosai.php?shrno=66
Gifu,白山神社,はくさんじんじゃ,岐阜県安八郡輪之内町福束新田堤塘無番地,https://www.gifu-jinjacho.jp/syosai.php?shrno=67
Gifu,神明神社,しんめいじんじゃ,岐阜県安八郡輪之内町藻池新田5354番地の1,https://www.gifu-jinjacho.jp/syosai.php?shrno=68
Shiga,日枝神社,ヒエ,滋賀県甲賀市甲南町稗谷444,https://www.shiga-jinjacho.jp/ycBBS/Board.cgi/02_jinja_db/db/ycDB_02jinja-pc-detail.html?mode:view=1&view:oid=612
Shiga,矢川神社,ヤガワ,滋賀県甲賀市甲南町森尻310,https://www.shiga-jinjacho.jp/ycBBS/Board.cgi/02_jinja_db/db/ycDB_02jinja-pc-detail.html?mode:view=1&view:oid=613
Shiga,桧尾神社,ヒオウ,滋賀県甲賀市甲南町池田54,https://www.shiga-jinjacho.jp/ycBBS/Board.cgi/02_jinja_db/db/ycDB_02jinja-pc-detail.html?mode:view=1&view:oid=614
Shiga,岩附神社,イワヅキ,滋賀県甲賀市甲南町磯尾104,https://www.shiga-jinjacho.jp/ycBBS/Board.cgi/02_jinja_db/db/ycDB_02jinja-pc-detail.html?mode:view=1&view:oid=615
Shiga,天満神社,テンマン,滋賀県甲賀市甲南町竜法師1292,https://www.shiga-jinjacho.jp/ycBBS/Board.cgi/02_jinja_db/db/ycDB_02jinja-pc-detail.html?mode:view=1&view:oid=616
Shiga,天神社,テン,滋賀県甲賀市甲南町野尻582,https://www.shiga-jinjacho.jp/ycBBS/Board.cgi/02_jinja_db/db/ycDB_02jinja-pc-detail.html?mode:view=1&view:oid=617
Shiga,大澤八幡社,オオザワハチマン,滋賀県甲賀市甲南町野田619,https://www.shiga-jinjacho.jp/ycBBS/Board.cgi/02_jinja_db/db/ycDB_02jinja-pc-detail.html?mode:view=1&view:oid=618
Shiga,杉谷神社,スギタニ,滋賀県甲賀市甲南町杉谷984,https://www.shiga-jinjacho.jp/ycBBS/Board.cgi/02_jinja_db/db/ycDB_02jinja-pc-detail.html?mode:view=1&view:oid=620
Shiga,新宮神社,シングウ,滋賀県甲賀市甲南町新治1172,https://www.shiga-jinjacho.jp/ycBBS/Board.cgi/02_jinja_db/db/ycDB_02jinja-pc-detail.html?mode:view=1&view:oid=621
Shiga,藤本神社,フジモト,滋賀県甲賀市甲南町新治1720,https://www.shiga-jinjacho.jp/ycBBS/Board.cgi/02_jinja_db/db/ycDB_02jinja-pc-detail.html?mode:view=1&view:oid=622
Shiga,天満社,テンマンシャ,滋賀県甲賀市甲南町塩野376,https://www.shiga-jinjacho.jp/ycBBS/Board.cgi/02_jinja_db/db/ycDB_02jinja-pc-detail.html?mode:view=1&view:oid=623
Shiga,美須美神社,ミスミ,滋賀県甲賀市甲南町市原804,https://www.shiga-jinjacho.jp/ycBBS/Board.cgi/02_jinja_db/db/ycDB_02jinja-pc-detail.html?mode:view=1&view:oid=624
Shiga,櫻神社,サクラ,滋賀県甲賀市甲南町柑子680,https://www.shiga-jinjacho.jp/ycBBS/Board.cgi/02_jinja_db/db/ycDB_02jinja-pc-detail.html?mode:view=1&view:oid=625
Shiga,日吉神社,ヒヨシ,滋賀県甲賀市甲南町野川1312,https://www.shiga-jinjacho.jp/ycBBS/Board.cgi/02_jinja_db/db/ycDB_02jinja-pc-detail.html?mode:view=1&view:oid=626
Shiga,島神社,シマ,滋賀県甲賀市甲南町下馬杉671,https://www.shiga-jinjacho.jp/ycBBS/Board.cgi/02_jinja_db/db/ycDB_02jinja-pc-detail.html?mode:view=1&view:oid=627
Shiga,油日神社,アブラヒ,滋賀県甲賀市甲南町上馬杉1461,https://www.shiga-jinjacho.jp/ycBBS/Board.cgi/02_jinja_db/db/ycDB_02jinja-pc-detail.html?mode:view=1&view:oid=628
Shiga,神山神社,コウヤマ,滋賀県甲賀市信楽町神山1994,https://www.shiga-jinjacho.jp/ycBBS/Board.cgi/02_jinja_db/db/ycDB_02jinja-pc-detail.html?mode:view=1&view:oid=629
Shiga,飯道神社,イヒミチ,滋賀県甲賀市信楽町宮町7,https://www.shiga-jinjacho.jp/ycBBS/Board.cgi/02_jinja_db/db/ycDB_02jinja-pc-detail.html?mode:view=1&view:oid=630
Shiga,天王神社,テンノウ,滋賀県甲賀市信楽町黄瀬204,https://www.shiga-jinjacho.jp/ycBBS/Board.cgi/02_jinja_db/db/ycDB_02jinja-pc-detail.html?mode:view=1&view:oid=631
Shiga,八坂神社,ヤサカ,滋賀県甲賀市信楽町下朝宮341,https://www.shiga-jinjacho.jp/ycBBS/Board.cgi/02_jinja_db/db/ycDB_02jinja-pc-detail.html?mode:view=1&view:oid=632
Shiga,日雲神社,ヒクモ,滋賀県甲賀市信楽町牧75,https://www.shiga-jinjacho.jp/ycBBS/Board.cgi/02_jinja_db/db/ycDB_02jinja-pc-detail.html?mode:view=1&view:oid=633
Shiga,天神神社,テンシン,滋賀県甲賀市信楽町勅旨485,https://www.shiga-jinjacho.jp/ycBBS/Board.cgi/02_jinja_db/db/ycDB_02jinja-pc-detail.html?mode:view=1&view:oid=634
Shiga,八阪神社,ヤサカ,滋賀県甲賀市信楽町柞原332,https://www.shiga-jinjacho.jp/ycBBS/Board.cgi/02_jinja_db/db/ycDB_02jinja-pc-detail.html?mode:view=1&view:oid=635
Shiga,二童子神社,ニドウジ,滋賀県甲賀市信楽町中野140,https://www.shiga-jinjacho.jp/ycBBS/Board.cgi/02_jinja_db/db/ycDB_02jinja-pc-detail.html?mode:view=1&view:oid=636
Shiga,杉尾神社,スギオ,滋賀県甲賀市信楽町杉山73,https://www.shiga-jinjacho.jp/ycBBS/Board.cgi/02_jinja_db/db/ycDB_02jinja-pc-detail.html?mode:view=1&view:oid=637
Shiga,天満神社,テンマン,滋賀県甲賀市信楽町小川1109,https://www.shiga-jinjacho.jp/ycBBS/Board.cgi/02_jinja_db/db/ycDB_02jinja-pc-detail.html?mode:view=1&view:oid=638
Shiga,八幡神社,ハチマン,滋賀県甲賀市信楽町西308,https://www.shiga-jinjacho.jp/ycBBS/Board.cgi/02_jinja_db/db/ycDB_02jinja-pc-detail.html?mode:view=1&view:oid=639
Shiga,三所神社,サンショ,滋賀県甲賀市信楽町上朝宮1481,https://www.shiga-jinjacho.jp/ycBBS/Board.cgi/02_jinja_db/db/ycDB_02jinja-pc-detail.html?mode:view=1&view:oid=640
Shiga,大宮神社,オオミヤ,滋賀県甲賀市信楽町宮尻632,https://www.shiga-jinjacho.jp/ycBBS/Board.cgi/02_jinja_db/db/ycDB_02jinja-pc-detail.html?mode:view=1&view:oid=641
Shiga,里宮神社,サトミヤ,滋賀県甲賀市信楽町多羅尾2017,https://www.shiga-jinjacho.jp/ycBBS/Board.cgi/02_jinja_db/db/ycDB_02jinja-pc-detail.html?mode:view=1&view:oid=642
Shiga,高宮神社,タカミヤ,滋賀県甲賀市信楽町多羅尾646,https://www.shiga-jinjacho.jp/ycBBS/Board.cgi/02_jinja_db/db/ycDB_02jinja-pc-detail.html?mode:view=1&view:oid=643
Shiga,大中神社,ダイナカ,滋賀県近江八幡市安土町大中122,https://www.shiga-jinjacho.jp/ycBBS/Board.cgi/02_jinja_db/db/ycDB_02jinja-pc-detail.html?mode:view=1&view:oid=644
Shiga,沙沙貴神社,ササキ,滋賀県近江八幡市安土町常楽寺1,https://www.shiga-jinjacho.jp/ycBBS/Board.cgi/02_jinja_db/db/ycDB_02jinja-pc-detail.html?mode:view=1&view:oid=645
Shiga,熊野神社,クマノ,滋賀県近江八幡市安土町香庄110,https://www.shiga-jinjacho.jp/ycBBS/Board.cgi/02_jinja_db/db/ycDB_02jinja-pc-detail.html?mode:view=1&view:oid=646
Shiga,天満宮,テンマングウ,滋賀県近江八幡市安土町中屋138,https://www.shiga-jinjacho.jp/ycBBS/Board.cgi/02_jinja_db/db/ycDB_02jinja-pc-detail.html?mode:view=1&view:oid=647
Shiga,若宮八幡神社,ワカミヤハチマン,滋賀県近江八幡市安土町小中598,https://www.shiga-jinjacho.jp/ycBBS/Board.cgi/02_jinja_db/db/ycDB_02jinja-pc-detail.html?mode:view=1&view:oid=648
Shiga,八幡神社,ハチマン,滋賀県近江八幡市安土町上豊浦1479,https://www.shiga-jinjacho.jp/ycBBS/Board.cgi/02_jinja_db/db/ycDB_02jinja-pc-detail.html?mode:view=1&view:oid=649
Shiga,石部神社,イソベ,滋賀県近江八幡市安土町下豊浦6222,https://www.shiga-jinjacho.jp/ycBBS/Board.cgi/02_jinja_db/db/ycDB_02jinja-pc-detail.html?mode:view=1&view:oid=650
Shiga,新宮神社,シングウ,滋賀県近江八幡市安土町下豊浦3319,https://www.shiga-jinjacho.jp/ycBBS/Board.cgi/02_jinja_db/db/ycDB_02jinja-pc-detail.html?mode:view=1&view:oid=651
Shiga,活津彦根神社,イクツヒコネ,滋賀県近江八幡市安土町下豊浦4272,https://www.shiga-jinjacho.jp/ycBBS/Board.cgi/02_jinja_db/db/ycDB_02jinja-pc-detail.html?mode:view=1&view:oid=652
Shiga,奥石神社,オイソ,滋賀県近江八幡市安土町東老蘇1615,https://www.shiga-jinjacho.jp/ycBBS/Board.cgi/02_jinja_db/db/ycDB_02jinja-pc-detail.html?mode:view=1&view:oid=653
Shiga,鎌若宮神社,カマワカミヤ,滋賀県近江八幡市安土町西老蘇865,https://www.shiga-jinjacho.jp/ycBBS/Board.cgi/02_jinja_db/db/ycDB_02jinja-pc-detail.html?mode:view=1&view:oid=654
Shiga,八幡神社,ハチマン,滋賀県近江八幡市安土町内野173-1,https://www.shiga-jinjacho.jp/ycBBS/Board.cgi/02_jinja_db/db/ycDB_02jinja-pc-detail.html?mode:view=1&view:oid=655
Shiga,日吉神社,ヒヨシ,滋賀県近江八幡市安土町石寺1239,https://www.shiga-jinjacho.jp/ycBBS/Board.cgi/02_jinja_db/db/ycDB_02jinja-pc-detail.html?mode:view=1&view:oid=656
Shiga,杉之木神社,スギノキ,滋賀県蒲生郡竜王町山之上3560,https://www.shiga-jinjacho.jp/ycBBS/Board.cgi/02_jinja_db/db/ycDB_02jinja-pc-detail.html?mode:view=1&view:oid=657
Shiga,日吉神社,ヒヨシ,滋賀県蒲生郡竜王町山之上2106,https://www.shiga-jinjacho.jp/ycBBS/Board.cgi/02_jinja_db/db/ycDB_02jinja-pc-detail.html?mode:view=1&view:oid=658
Shiga,八幡神社,ハチマン,滋賀県蒲生郡竜王町岩井622,https://www.shiga-jinjacho.jp/ycBBS/Board.cgi/02_jinja_db/db/ycDB_02jinja-pc-detail.html?mode:view=1&view:oid=659
Shiga,天神社,テン,滋賀県蒲生郡竜王町川守39,https://www.shiga-jinjacho.jp/ycBBS/Board.cgi/02_jinja_db/db/ycDB_02jinja-pc-detail.html?mode:view=1&view:oid=660
Shiga,八幡神社,ハチマン,滋賀県蒲生郡竜王町庄70,https://www.shiga-jinjacho.jp/ycBBS/Board.cgi/02_jinja_db/db/ycDB_02jinja-pc-detail.html?mode:view=1&view:oid=661
Shiga,稲荷神社,イナリ,滋賀県蒲生郡竜王町信濃212,https://www.shiga-jinjacho.jp/ycBBS/Board.cgi/02_jinja_db/db/ycDB_02jinja-pc-detail.html?mode:view=1&view:oid=662
Shiga,若宮神社,ワカミヤ,滋賀県蒲生郡竜王町駕輿丁40,https://www.shiga-jinjacho.jp/ycBBS/Board.cgi/02_jinja_db/db/ycDB_02jinja-pc-detail.html?mode:view=1&view:oid=663
Shiga,八幡神社,ハチマン,滋賀県蒲生郡竜王町島41,https://www.shiga-jinjacho.jp/ycBBS/Board.cgi/02_jinja_db/db/ycDB_02jinja-pc-detail.html?mode:view=1&view:oid=664
Shiga,苗村神社,ナムラ,滋賀県蒲生郡竜王町綾戸467,https://www.shiga-jinjacho.jp/ycBBS/Board.cgi/02_jinja_db/db/ycDB_02jinja-pc-detail.html?mode:view=1&view:oid=665
Shiga,八幡神社,ハチマン,滋賀県蒲生郡竜王町田中264,https://www.shiga-jinjacho.jp/ycBBS/Board.cgi/02_jinja_db/db/ycDB_02jinja-pc-detail.html?mode:view=1&view:oid=666
Shiga,大山咋神社,オオヤマグイ,滋賀県蒲生郡竜王町山中1498,https://www.shiga-jinjacho.jp/ycBBS/Board.cgi/02_jinja_db/db/ycDB_02jinja-pc-detail.html?mode:view=1&view:oid=667
Shiga,勝手神社,カツテ,滋賀県蒲生郡竜王町岡屋1347,https://www.shiga-jinjacho.jp/ycBBS/Board.cgi/02_jinja_db/db/ycDB_02jinja-pc-detail.html?mode:view=1&view:oid=668
Shiga,眞氣神社,マキ,滋賀県蒲生郡竜王町小口860,https://www.shiga-jinjacho.jp/ycBBS/Board.cgi/02_jinja_db/db/ycDB_02jinja-pc-detail.html?mode:view=1&view:oid=669
Shiga,勝手神社,カツテ,滋賀県蒲生郡竜王町薬師818,https://www.shiga-jinjacho.jp/ycBBS/Board.cgi/02_jinja_db/db/ycDB_02jinja-pc-detail.html?mode:view=1&view:oid=670
Shiga,天満宮,テンマングウ,滋賀県蒲生郡竜王町鵜川490,https://www.shiga-jinjacho.jp/ycBBS/Board.cgi/02_jinja_db/db/ycDB_02jinja-pc-detail.html?mode:view=1&view:oid=671
Shiga,石部神社,イソベ,滋賀県蒲生郡竜王町七里831,https://www.shiga-jinjacho.jp/ycBBS/Board.cgi/02_jinja_db/db/ycDB_02jinja-pc-detail.html?mode:view=1&view:oid=672
Shiga,菅芝神社,スガシバ,滋賀県蒲生郡竜王町山面484,https://www.shiga-jinjacho.jp/ycBBS/Board.cgi/02_jinja_db/db/ycDB_02jinja-pc-detail.html?mode:view=1&view:oid=673
Shiga,鏡神社,カガミ,滋賀県蒲生郡竜王町鏡1289,https://www.shiga-jinjacho.jp/ycBBS/Board.cgi/02_jinja_db/db/ycDB_02jinja-pc-detail.html?mode:view=1&view:oid=674
Shiga,若宮神社,ワカミヤ,滋賀県蒲生郡竜王町西横関741,https://www.shiga-jinjacho.jp/ycBBS/Board.cgi/02_jinja_db/db/ycDB_02jinja-pc-detail.html?mode:view=1&view:oid=675
Shiga,吉水神社,ヨシミズ,滋賀県蒲生郡竜王町西川539,https://www.shiga-jinjacho.jp/ycBBS/Board.cgi/02_jinja_db/db/ycDB_02jinja-pc-detail.html?mode:view=1&view:oid=676
Shiga,八幡神社,ハチマン,滋賀県蒲生郡竜王町須恵103,https://www.shiga-jinjacho.jp/ycBBS/Board.cgi/02_jinja_db/db/ycDB_02jinja-pc-detail.html?mode:view=1&view:oid=677
Shiga,左右神社,サユウ,滋賀県蒲生郡竜王町橋本377,https://www.shiga-jinjacho.jp/ycBBS/Board.cgi/02_jinja_db/db/ycDB_02jinja-pc-detail.html?mode:view=1&view:oid=678
Shiga,小日吉神社,コヒヨシ,滋賀県蒲生郡竜王町弓削857,https://www.shiga-jinjacho.jp/ycBBS/Board.cgi/02_jinja_db/db/ycDB_02jinja-pc-detail.html?mode:view=1&view:oid=679
Shiga,竹田神社,タケダ,滋賀県東近江市鋳物師町1020,https://www.shiga-jinjacho.jp/ycBBS/Board.cgi/02_jinja_db/db/ycDB_02jinja-pc-detail.html?mode:view=1&view:oid=680
Shiga,高木神社,タカギ,滋賀県東近江市蒲生岡本町709,https://www.shiga-jinjacho.jp/ycBBS/Board.cgi/02_jinja_db/db/ycDB_02jinja-pc-detail.html?mode:view=1&view:oid=681
Shiga,旭野神社,アサヒノ,滋賀県東近江市上麻生町61,https://www.shiga-jinjacho.jp/ycBBS/Board.cgi/02_jinja_db/db/ycDB_02jinja-pc-detail.html?mode:view=1&view:oid=682
Shiga,山部神社,ヤマベ,滋賀県東近江市下麻生町214,https://www.shiga-jinjacho.jp/ycBBS/Board.cgi/02_jinja_db/db/ycDB_02jinja-pc-detail.html?mode:view=1&view:oid=683
Shiga,稲荷社,イナリ,滋賀県東近江市大塚町1071,https://www.shiga-jinjacho.jp/ycBBS/Board.cgi/02_jinja_db/db/ycDB_02jinja-pc-detail.html?mode:view=1&view:oid=684
Shiga,八幡社,ハチマン,滋賀県東近江市大塚町345,https://www.shiga-jinjacho.jp/ycBBS/Board.cgi/02_jinja_db/db/ycDB_02jinja-pc-detail.html?mode:view=1&view:oid=685
Shiga,天神社,テン,滋賀県東近江市大塚町823,https://www.shiga-jinjacho.jp/ycBBS/Board.cgi/02_jinja_db/db/ycDB_02jinja-pc-detail.html?mode:view=1&view:oid=686
Shiga,天満宮社,テンマングウ,滋賀県東近江市田井町35,https://www.shiga-jinjacho.jp/ycBBS/Board.cgi/02_jinja_db/db/ycDB_02jinja-pc-detail.html?mode:view=1&view:oid=687
Shiga,廣田神社,ヒロタ,滋賀県東近江市蒲生大森町164,https://www.shiga-jinjacho.jp/ycBBS/Board.cgi/02_jinja_db/db/ycDB_02jinja-pc-detail.html?mode:view=1&view:oid=688
Shiga,神明宮,シンメイ,滋賀県東近江市鈴町52,https://www.shiga-jinjacho.jp/ycBBS/Board.cgi/02_jinja_db/db/ycDB_02jinja-pc-detail.html?mode:view=1&view:oid=689
Shiga,高岸神社,タカギシ,滋賀県東近江市鈴町485,https://www.shiga-jinjacho.jp/ycBBS/Board.cgi/02_jinja_db/db/ycDB_02jinja-pc-detail.html?mode:view=1&view:oid=690
Shiga,落神社,オチガミ,滋賀県東近江市蒲生堂町487,https://www.shiga-jinjacho.jp/ycBBS/Board.cgi/02_jinja_db/db/ycDB_02jinja-pc-detail.html?mode:view=1&view:oid=691
Shiga,八坂神社,ヤサカ,滋賀県東近江市宮川町44,https://www.shiga-jinjacho.jp/ycBBS/Board.cgi/02_jinja_db/db/ycDB_02jinja-pc-detail.html?mode:view=1&view:oid=692
Shiga,八幡神社,ハチマン,滋賀県東近江市外原町148,https://www.shiga-jinjacho.jp/ycBBS/Board.cgi/02_jinja_db/db/ycDB_02jinja-pc-detail.html?mode:view=1&view:oid=693
Shiga,八幡神社,ハチマン,滋賀県東近江市宮井町420,https://www.shiga-jinjacho.jp/ycBBS/Board.cgi/02_jinja_db/db/ycDB_02jinja-pc-detail.html?mode:view=1&view:oid=694
Shiga,櫟神社,イチヒ,滋賀県東近江市横山町402,https://www.shiga-jinjacho.jp/ycBBS/Board.cgi/02_jinja_db/db/ycDB_02jinja-pc-detail.html?mode:view=1&view:oid=695
Shiga,八幡神社,ハチマン,滋賀県東近江市合戸町143,https://www.shiga-jinjacho.jp/ycBBS/Board.cgi/02_jinja_db/db/ycDB_02jinja-pc-detail.html?mode:view=1&view:oid=696
Shiga,板井神社,イタイ,滋賀県東近江市合戸町664,https://www.shiga-jinjacho.jp/ycBBS/Board.cgi/02_jinja_db/db/ycDB_02jinja-pc-detail.html?mode:view=1&view:oid=697
Shiga,田中神社,タナカ,滋賀県東近江市合戸町39,https://www.shiga-jinjacho.jp/ycBBS/Board.cgi/02_jinja_db/db/ycDB_02jinja-pc-detail.html?mode:view=1&view:oid=698
Shiga,天神社,テン,滋賀県東近江市上南町288,https://www.shiga-jinjacho.jp/ycBBS/Board.cgi/02_jinja_db/db/ycDB_02jinja-pc-detail.html?mode:view=1&view:oid=699
Shiga,雨宮神社,アメミヤ,滋賀県東近江市市子殿町443,https://www.shiga-jinjacho.jp/ycBBS/Board.cgi/02_jinja_db/db/ycDB_02jinja-pc-detail.html?mode:view=1&view:oid=700
Shiga,猿田彦神社,サルタヒコ,滋賀県東近江市市子殿町736,https://www.shiga-jinjacho.jp/ycBBS/Board.cgi/02_jinja_db/db/ycDB_02jinja-pc-detail.html?mode:view=1&view:oid=701
Shiga,雨神社,アメ,滋賀県東近江市市子殿町258,https://www.shiga-jinjacho.jp/ycBBS/Board.cgi/02_jinja_db/db/ycDB_02jinja-pc-detail.html?mode:view=1&view:oid=702
Shiga,春日神社,カスガ,滋賀県東近江市市子沖町254,https://www.shiga-jinjacho.jp/ycBBS/Board.cgi/02_jinja_db/db/ycDB_02jinja-pc-detail.html?mode:view=1&view:oid=703
Shiga,松井神社,マツイ,滋賀県東近江市市子松井町49,https://www.shiga-jinjacho.jp/ycBBS/Board.cgi/02_jinja_db/db/ycDB_02jinja-pc-detail.html?mode:view=1&view:oid=704
Shiga,天満神社,テンマン,滋賀県東近江市市子川原町382,https://www.shiga-jinjacho.jp/ycBBS/Board.cgi/02_jinja_db/db/ycDB_02jinja-pc-detail.html?mode:view=1&view:oid=705
Shiga,和田神社,ワダ,滋賀県東近江市平林町296,https://www.shiga-jinjacho.jp/ycBBS/Board.cgi/02_jinja_db/db/ycDB_02jinja-pc-detail.html?mode:view=1&view:oid=706
Shiga,若宮神社,ワカミヤ,滋賀県東近江市石塔町940,https://www.shiga-jinjacho.jp/ycBBS/Board.cgi/02_jinja_db/db/ycDB_02jinja-pc-detail.html?mode:view=1&view:oid=707
Shiga,栩原神社,トチハラ,滋賀県東近江市桜川東町1,https://www.shiga-jinjacho.jp/ycBBS/Board.cgi/02_jinja_db/db/ycDB_02jinja-pc-detail.html?mode:view=1&view:oid=708
Shiga,稲荷神社,イナリ,滋賀県東近江市蒲生寺町5,https://www.shiga-jinjacho.jp/ycBBS/Board.cgi/02_jinja_db/db/ycDB_02jinja-pc-detail.html?mode:view=1&view:oid=709
Shiga,栩原稲荷神社,トチハライナリ,滋賀県東近江市綺田町615,https://www.shiga-jinjacho.jp/ycBBS/Board.cgi/02_jinja_db/db/ycDB_02jinja-pc-detail.html?mode:view=1&view:oid=710
Shiga,子守勝手神社,コモリ,滋賀県東近江市桜川西町563,https://www.shiga-jinjacho.jp/ycBBS/Board.cgi/02_jinja_db/db/ycDB_02jinja-pc-detail.html?mode:view=1&view:oid=711
Shiga,玉緒神社,タマオ,滋賀県東近江市川合町960,https://www.shiga-jinjacho.jp/ycBBS/Board.cgi/02_jinja_db/db/ycDB_02jinja-pc-detail.html?mode:view=1&view:oid=712
Shiga,柳宮神社,ヤナギノミヤ,滋賀県東近江市木村町335,https://www.shiga-jinjacho.jp/ycBBS/Board.cgi/02_jinja_db/db/ycDB_02jinja-pc-detail.html?mode:view=1&view:oid=713
Shiga,諏訪神社,スワ,滋賀県東近江市稲垂町315,https://www.shiga-jinjacho.jp/ycBBS/Board.cgi/02_jinja_db/db/ycDB_02jinja-pc-detail.html?mode:view=1&view:oid=714
Shiga,馬見岡綿向神社,ウマミオカワタムキ,滋賀県蒲生郡日野町村井705,https://www.shiga-jinjacho.jp/ycBBS/Board.cgi/02_jinja_db/db/ycDB_02jinja-pc-detail.html?mode:view=1&view:oid=715
Shiga,西之宮神社,ニシノミヤ,滋賀県蒲生郡日野町村井1260,https://www.shiga-jinjacho.jp/ycBBS/Board.cgi/02_jinja_db/db/ycDB_02jinja-pc-detail.html?mode:view=1&view:oid=716
Shiga,瀧之宮神社,タキノミヤ,滋賀県蒲生郡日野町村井1420,https://www.shiga-jinjacho.jp/ycBBS/Board.cgi/02_jinja_db/db/ycDB_02jinja-pc-detail.html?mode:view=1&view:oid=717
Shiga,日枝神社,ヒエ,滋賀県蒲生郡日野町小井口709,https://www.shiga-jinjacho.jp/ycBBS/Board.cgi/02_jinja_db/db/ycDB_02jinja-pc-detail.html?mode:view=1&view:oid=718
Shiga,雨引神社,アマビキ,滋賀県蒲生郡日野町木津656,https://www.shiga-jinjacho.jp/ycBBS/Board.cgi/02_jinja_db/db/ycDB_02jinja-pc-detail.html?mode:view=1&view:oid=719
Shiga,岩瀧神社,イワタキ,滋賀県蒲生郡日野町日田342,https://www.shiga-jinjacho.jp/ycBBS/Board.cgi/02_jinja_db/db/ycDB_02jinja-pc-detail.html?mode:view=1&view:oid=720
Shiga,日枝神社,ヒエ,滋賀県蒲生郡日野町大窪1323,https://www.shiga-jinjacho.jp/ycBBS/Board.cgi/02_jinja_db/db/ycDB_02jinja-pc-detail.html?mode:view=1&view:oid=721
Shiga,豊年神社,ホウネン,滋賀県蒲生郡日野町大窪734,https://www.shiga-jinjacho.jp/ycBBS/Board.cgi/02_jinja_db/db/ycDB_02jinja-pc-detail.html?mode:view=1&view:oid=722
Shiga,豊歳神社,ホウネン,滋賀県蒲生郡日野町大窪1060,https://www.shiga-jinjacho.jp/ycBBS/Board.cgi/02_jinja_db/db/ycDB_02jinja-pc-detail.html?mode:view=1&view:oid=723
Shiga,天満宮神社,テンマングウ,滋賀県蒲生郡日野町河原504,https://www.shiga-jinjacho.jp/ycBBS/Board.cgi/02_jinja_db/db/ycDB_02jinja-pc-detail.html?mode:view=1&view:oid=724
Shiga,井林神社,イバヤシ,滋賀県蒲生郡日野町松尾198,https://www.shiga-jinjacho.jp/ycBBS/Board.cgi/02_jinja_db/db/ycDB_02jinja-pc-detail.html?mode:view=1&view:oid=725
Shiga,勝長神社,カツナガ,滋賀県蒲生郡日野町松尾506,https://www.shiga-jinjacho.jp/ycBBS/Board.cgi/02_jinja_db/db/ycDB_02jinja-pc-detail.html?mode:view=1&view:oid=726
Shiga,杉崎稲荷神社,スギサキイナリ,滋賀県蒲生郡日野町松尾1179,https://www.shiga-jinjacho.jp/ycBBS/Board.cgi/02_jinja_db/db/ycDB_02jinja-pc-detail.html?mode:view=1&view:oid=727
Shiga,五社神社,ゴシャ,滋賀県蒲生郡日野町上野田915,https://www.shiga-jinjacho.jp/ycBBS/Board.cgi/02_jinja_db/db/ycDB_02jinja-pc-detail.html?mode:view=1&view:oid=728
Shiga,十二神社,ジュウニ,滋賀県蒲生郡日野町大谷316,https://www.shiga-jinjacho.jp/ycBBS/Board.cgi/02_jinja_db/db/ycDB_02jinja-pc-detail.html?mode:view=1&view:oid=729
Shiga,芦谷神社,アシヤ,滋賀県蒲生郡日野町原187,https://www.shiga-jinjacho.jp/ycBBS/Board.cgi/02_jinja_db/db/ycDB_02jinja-pc-detail.html?mode:view=1&view:oid=730
Shiga,日吉神社,ヒヨシ,滋賀県蒲生郡日野町杉728,https://www.shiga-jinjacho.jp/ycBBS/Board.cgi/02_jinja_db/db/ycDB_02jinja-pc-detail.html?mode:view=1&view:oid=731
Shiga,大屋神社,オオヤ,滋賀県蒲生郡日野町杉228,https://www.shiga-jinjacho.jp/ycBBS/Board.cgi/02_jinja_db/db/ycDB_02jinja-pc-detail.html?mode:view=1&view:oid=732
Shiga,大将軍神社,ダイショウグン,滋賀県蒲生郡日野町杣656,https://www.shiga-jinjacho.jp/ycBBS/Board.cgi/02_jinja_db/db/ycDB_02jinja-pc-detail.html?mode:view=1&view:oid=733
Shiga,天神社,テン,滋賀県蒲生郡日野町小野20,https://www.shiga-jinjacho.jp/ycBBS/Board.cgi/02_jinja_db/db/ycDB_02jinja-pc-detail.html?mode:view=1&view:oid=734
Shiga,若宮八幡神社,ワカミヤハチマン,滋賀県蒲生郡日野町奥師550,https://www.shiga-jinjacho.jp/ycBBS/Board.cgi/02_jinja_db/db/ycDB_02jinja-pc-detail.html?mode:view=1&view:oid=735
Shiga,八幡神社,ハチマン,滋賀県蒲生郡日野町鳥居平228,https://www.shiga-jinjacho.jp/ycBBS/Board.cgi/02_jinja_db/db/ycDB_02jinja-pc-detail.html?mode:view=1&view:oid=736
Shiga,長寸神社,ナガキ,滋賀県蒲生郡日野町中之郷1565,https://www.shiga-jinjacho.jp/ycBBS/Board.cgi/02_jinja_db/db/ycDB_02jinja-pc-detail.html?mode:view=1&view:oid=737
Shiga,八幡神社,ハチマン,滋賀県蒲生郡日野町佐久良860,https://www.shiga-jinjacho.jp/ycBBS/Board.cgi/02_jinja_db/db/ycDB_02jinja-pc-detail.html?mode:view=1&view:oid=738
Shiga,八幡神社,ハチマン,滋賀県蒲生郡日野町奥之池37,https://www.shiga-jinjacho.jp/ycBBS/Board.cgi/02_jinja_db/db/ycDB_02jinja-pc-detail.html?mode:view=1&view:oid=739
Shiga,賀川神社,カガワ,滋賀県蒲生郡日野町安部居1,https://www.shiga-jinjacho.jp/ycBBS/Board.cgi/02_jinja_db/db/ycDB_02jinja-pc-detail.html?mode:view=1&view:oid=740
Shiga,諸木神社,モロキ,滋賀県蒲生郡日野町北脇1095,https://www.shiga-jinjacho.jp/ycBBS/Board.cgi/02_jinja_db/db/ycDB_02jinja-pc-detail.html?mode:view=1&view:oid=741
Shiga,白鬚神社,シラヒゲ,滋賀県蒲生郡日野町蓮花寺1189,https://www.shiga-jinjacho.jp/ycBBS/Board.cgi/02_jinja_db/db/ycDB_02jinja-pc-detail.html?mode:view=1&view:oid=742
Shiga,落神神社,オチガミ,滋賀県蒲生郡日野町西大路1490-1,https://www.shiga-jinjacho.jp/ycBBS/Board.cgi/02_jinja_db/db/ycDB_02jinja-pc-detail.html?mode:view=1&view:oid=743
Shiga,綿向神社,ワタムキ,滋賀県蒲生郡日野町仁本木574,https://www.shiga-jinjacho.jp/ycBBS/Board.cgi/02_jinja_db/db/ycDB_02jinja-pc-detail.html?mode:view=1&view:oid=744
Shiga,押盤神社,オシハ,滋賀県蒲生郡日野町音羽1,https://www.shiga-jinjacho.jp/ycBBS/Board.cgi/02_jinja_db/db/ycDB_02jinja-pc-detail.html?mode:view=1&view:oid=745
Shiga,八幡神社,ハチマン,滋賀県蒲生郡日野町北畑820,https://www.shiga-jinjacho.jp/ycBBS/Board.cgi/02_jinja_db/db/ycDB_02jinja-pc-detail.html?mode:view=1&view:oid=746
Shiga,十二神社,ジュウニ,滋賀県蒲生郡日野町西明寺1237,https://www.shiga-jinjacho.jp/ycBBS/Board.cgi/02_jinja_db/db/ycDB_02jinja-pc-detail.html?mode:view=1&view:oid=747
Shiga,金峯神社,キンプ,滋賀県蒲生郡日野町蔵王549,https://www.shiga-jinjacho.jp/ycBBS/Board.cgi/02_jinja_db/db/ycDB_02jinja-pc-detail.html?mode:view=1&view:oid=748
Shiga,熊野神社,クマノ,滋賀県蒲生郡日野町熊野215,https://www.shiga-jinjacho.jp/ycBBS/Board.cgi/02_jinja_db/db/ycDB_02jinja-pc-detail.html?mode:view=1&view:oid=749
Shiga,日吉神社,ヒヨシ,滋賀県蒲生郡日野町鎌掛3885,https://www.shiga-jinjacho.jp/ycBBS/Board.cgi/02_jinja_db/db/ycDB_02jinja-pc-detail.html?mode:view=1&view:oid=750
Shiga,八坂神社,ヤサカ,滋賀県蒲生郡日野町鎌掛2108,https://www.shiga-jinjacho.jp/ycBBS/Board.cgi/02_jinja_db/db/ycDB_02jinja-pc-detail.html?mode:view=1&view:oid=751
Shiga,豊受神社,トヨウケ,滋賀県蒲生郡日野町上駒月1291,https://www.shiga-jinjacho.jp/ycBBS/Board.cgi/02_jinja_db/db/ycDB_02jinja-pc-detail.html?mode:view=1&view:oid=752
Shiga,日枝神社,ヒエ,滋賀県蒲生郡日野町下駒月1125,https://www.shiga-jinjacho.jp/ycBBS/Board.cgi/02_jinja_db/db/ycDB_02jinja-pc-detail.html?mode:view=1&view:oid=753
Shiga,大地神社,オオチ,滋賀県蒲生郡日野町深山口734,https://www.shiga-jinjacho.jp/ycBBS/Board.cgi/02_jinja_db/db/ycDB_02jinja-pc-detail.html?mode:view=1&view:oid=754
Shiga,迫神社,ハサマ,滋賀県蒲生郡日野町迫1,https://www.shiga-jinjacho.jp/ycBBS/Board.cgi/02_jinja_db/db/ycDB_02jinja-pc-detail.html?mode:view=1&view:oid=755
Shiga,久野神社,ヒサノ,滋賀県蒲生郡日野町清田790,https://www.shiga-jinjacho.jp/ycBBS/Board.cgi/02_jinja_db/db/ycDB_02jinja-pc-detail.html?mode:view=1&view:oid=756
Shiga,比都佐神社,ヒツサ,滋賀県蒲生郡日野町別所263,https://www.shiga-jinjacho.jp/ycBBS/Board.cgi/02_jinja_db/db/ycDB_02jinja-pc-detail.html?mode:view=1&view:oid=757
Shiga,八千鉾神社,ヤチホコ,滋賀県蒲生郡日野町三十坪813,https://www.shiga-jinjacho.jp/ycBBS/Board.cgi/02_jinja_db/db/ycDB_02jinja-pc-detail.html?mode:view=1&view:oid=758
Shiga,鈴休神社,スズヤミ,滋賀県蒲生郡日野町内池666,https://www.shiga-jinjacho.jp/ycBBS/Board.cgi/02_jinja_db/db/ycDB_02jinja-pc-detail.html?mode:view=1&view:oid=759
Shiga,比都佐神社,ヒツサ,滋賀県蒲生郡日野町十禅師410,https://www.shiga-jinjacho.jp/ycBBS/Board.cgi/02_jinja_db/db/ycDB_02jinja-pc-detail.html?mode:view=1&view:oid=760
Shiga,八幡神社,ハチマン,滋賀県蒲生郡日野町里口47,https://www.shiga-jinjacho.jp/ycBBS/Board.cgi/02_jinja_db/db/ycDB_02jinja-pc-detail.html?mode:view=1&view:oid=761
Shiga,八幡神社,ハチマン,滋賀県蒲生郡日野町山本167,https://www.shiga-jinjacho.jp/ycBBS/Board.cgi/02_jinja_db/db/ycDB_02jinja-pc-detail.html?mode:view=1&view:oid=762
Shiga,大寳神社,タイホウ,滋賀県蒲生郡日野町小御門143,https://www.shiga-jinjacho.jp/ycBBS/Board.cgi/02_jinja_db/db/ycDB_02jinja-pc-detail.html?mode:view=1&view:oid=763
Shiga,竹田神社,タケダ,滋賀県蒲生郡日野町小谷487,https://www.shiga-jinjacho.jp/ycBBS/Board.cgi/02_jinja_db/db/ycDB_02jinja-pc-detail.html?mode:view=1&view:oid=764
Shiga,稲荷神社,イナリ,滋賀県蒲生郡日野町豊田271,https://www.shiga-jinjacho.jp/ycBBS/Board.cgi/02_jinja_db/db/ycDB_02jinja-pc-detail.html?mode:view=1&view:oid=765
Shiga,熊野神社,クマノ,滋賀県蒲生郡日野町中山1941,https://www.shiga-jinjacho.jp/ycBBS/Board.cgi/02_jinja_db/db/ycDB_02jinja-pc-detail.html?mode:view=1&view:oid=766
Shiga,白鳥神社,シラトリ,滋賀県東近江市石谷町767,https://www.shiga-jinjacho.jp/ycBBS/Board.cgi/02_jinja_db/db/ycDB_02jinja-pc-detail.html?mode:view=1&view:oid=767
Shiga,八千戈神社,ヤチホコ,滋賀県東近江市新出町312,https://www.shiga-jinjacho.jp/ycBBS/Board.cgi/02_jinja_db/db/ycDB_02jinja-pc-detail.html?mode:view=1&view:oid=768
Shiga,白鳥神社,シラトリ,滋賀県東近江市市原野町2128,https://www.shiga-jinjacho.jp/ycBBS/Board.cgi/02_jinja_db/db/ycDB_02jinja-pc-detail.html?mode:view=1&view:oid=769
Shiga,白鳥神社,シラトリ,滋賀県東近江市高木町1392,https://www.shiga-jinjacho.jp/ycBBS/Board.cgi/02_jinja_db/db/ycDB_02jinja-pc-detail.html?mode:view=1&view:oid=770
Shiga,白鳥神社,シラトリ,滋賀県東近江市池之脇町429,https://www.shiga-jinjacho.jp/ycBBS/Board.cgi/02_jinja_db/db/ycDB_02jinja-pc-detail.html?mode:view=1&view:oid=771
Shiga,藤切神社,フジキリ,滋賀県東近江市甲津畑町214,https://www.shiga-jinjacho.jp/ycBBS/Board.cgi/02_jinja_db/db/ycDB_02jinja-pc-detail.html?mode:view=1&view:oid=772
Shiga,多度神社,タド,滋賀県東近江市和南町631,https://www.shiga-jinjacho.jp/ycBBS/Board.cgi/02_jinja_db/db/ycDB_02jinja-pc-detail.html?mode:view=1&view:oid=774
Shiga,熊原神社,クマハラ,滋賀県東近江市永源寺相谷町1199,https://www.shiga-jinjacho.jp/ycBBS/Board.cgi/02_jinja_db/db/ycDB_02jinja-pc-detail.html?mode:view=1&view:oid=776
Shiga,若宮八幡神社,ワカミヤハチマン,滋賀県東近江市佐目町976,https://www.shiga-jinjacho.jp/ycBBS/Board.cgi/02_jinja_db/db/ycDB_02jinja-pc-detail.html?mode:view=1&view:oid=777
Shiga,大瀧神社,オオタキ,滋賀県東近江市萱尾町192,https://www.shiga-jinjacho.jp/ycBBS/Board.cgi/02_jinja_db/db/ycDB_02jinja-pc-detail.html?mode:view=1&view:oid=778
Shiga,若宮八幡神社,ワカミヤハチマン,滋賀県東近江市蓼畑町382,https://www.shiga-jinjacho.jp/ycBBS/Board.cgi/02_jinja_db/db/ycDB_02jinja-pc-detail.html?mode:view=1&view:oid=779
Shiga,春日神社,カスガ,滋賀県東近江市杠葉尾町729,https://www.shiga-jinjacho.jp/ycBBS/Board.cgi/02_jinja_db/db/ycDB_02jinja-pc-detail.html?mode:view=1&view:oid=780
Shiga,日枝神社,ヒエ,滋賀県東近江市黄和田町975,https://www.shiga-jinjacho.jp/ycBBS/Board.cgi/02_jinja_db/db/ycDB_02jinja-pc-detail.html?mode:view=1&view:oid=781
Shiga,八幡神社,ハチマン,滋賀県東近江市政所町950,https://www.shiga-jinjacho.jp/ycBBS/Board.cgi/02_jinja_db/db/ycDB_02jinja-pc-detail.html?mode:view=1&view:oid=782
Shiga,八坂神社,ヤサカ,滋賀県東近江市箕川町134,https://www.shiga-jinjacho.jp/ycBBS/Board.cgi/02_jinja_db/db/ycDB_02jinja-pc-detail.html?mode:view=1&view:oid=783
Shiga,大皇器地祖神社,オオキミキヂソ,滋賀県東近江市君ケ畑町977,https://www.shiga-jinjacho.jp/ycBBS/Board.cgi/02_jinja_db/db/ycDB_02jinja-pc-detail.html?mode:view=1&view:oid=785
Shiga,天照神社,テンショウジンジャ,滋賀県神崎郡永源寺村茨川町151,https://www.shiga-jinjacho.jp/ycBBS/Board.cgi/02_jinja_db/db/ycDB_02jinja-pc-detail.html?mode:view=1&view:oid=786
Shiga,八幡神社,ハチマン,滋賀県東近江市池田町144-2,https://www.shiga-jinjacho.jp/ycBBS/Board.cgi/02_jinja_db/db/ycDB_02jinja-pc-detail.html?mode:view=1&view:oid=787
Shiga,貴船神社,キブネ,滋賀県東近江市五個荘山本町776,https://www.shiga-jinjacho.jp/ycBBS/Board.cgi/02_jinja_db/db/ycDB_02jinja-pc-detail.html?mode:view=1&view:oid=789
Shiga,若宮神社,ワカミヤ,滋賀県東近江市五個荘新堂町289,https://www.shiga-jinjacho.jp/ycBBS/Board.cgi/02_jinja_db/db/ycDB_02jinja-pc-detail.html?mode:view=1&view:oid=790
Shiga,苗村神社,ナムラ,滋賀県東近江市五個荘木流町489,https://www.shiga-jinjacho.jp/ycBBS/Board.cgi/02_jinja_db/db/ycDB_02jinja-pc-detail.html?mode:view=1&view:oid=791
Shiga,白山比め（口に羊）神社,シラヤマヒメ,滋賀県東近江市五個荘木流町548,https://www.shiga-jinjacho.jp/ycBBS/Board.cgi/02_jinja_db/db/ycDB_02jinja-pc-detail.html?mode:view=1&view:oid=792
Shiga,八幡神社,ハチマン,滋賀県神崎郡五個荘町平坂271,https://www.shiga-jinjacho.jp/ycBBS/Board.cgi/02_jinja_db/db/ycDB_02jinja-pc-detail.html?mode:view=1&view:oid=793
Shiga,建部神社,タテベ,滋賀県東近江市五個荘伊野部町457,https://www.shiga-jinjacho.jp/ycBBS/Board.cgi/02_jinja_db/db/ycDB_02jinja-pc-detail.html?mode:view=1&view:oid=794
Shiga,奥村神社,オクムラ,滋賀県東近江市五個荘奥町341,https://www.shiga-jinjacho.jp/ycBBS/Board.cgi/02_jinja_db/db/ycDB_02jinja-pc-detail.html?mode:view=1&view:oid=795
Shiga,三俣神社,ミツマタ,滋賀県東近江市五個荘三俣町187,https://www.shiga-jinjacho.jp/ycBBS/Board.cgi/02_jinja_db/db/ycDB_02jinja-pc-detail.html?mode:view=1&view:oid=796
Shiga,大郡神社,オオコウリ,滋賀県東近江市五個荘北町屋町263,https://www.shiga-jinjacho.jp/ycBBS/Board.cgi/02_jinja_db/db/ycDB_02jinja-pc-detail.html?mode:view=1&view:oid=797
Shiga,日枝神社,ヒエ,滋賀県東近江市五個荘清水鼻町285,https://www.shiga-jinjacho.jp/ycBBS/Board.cgi/02_jinja_db/db/ycDB_02jinja-pc-detail.html?mode:view=1&view:oid=799
Shiga,大城神社,オオギ,滋賀県東近江市五個荘金堂町66,https://www.shiga-jinjacho.jp/ycBBS/Board.cgi/02_jinja_db/db/ycDB_02jinja-pc-detail.html?mode:view=1&view:oid=800
Shiga,結神社,ムスビ,滋賀県東近江市五個荘川並町469,https://www.shiga-jinjacho.jp/ycBBS/Board.cgi/02_jinja_db/db/ycDB_02jinja-pc-detail.html?mode:view=1&view:oid=802
Shiga,六所神社,ロクショ,滋賀県東近江市五個荘石馬寺町832,https://www.shiga-jinjacho.jp/ycBBS/Board.cgi/02_jinja_db/db/ycDB_02jinja-pc-detail.html?mode:view=1&view:oid=803
Shiga,雨宮龍神社,アメミヤリュウ,滋賀県東近江市五個荘石馬寺町857,https://www.shiga-jinjacho.jp/ycBBS/Board.cgi/02_jinja_db/db/ycDB_02jinja-pc-detail.html?mode:view=1&view:oid=804
Shiga,五箇神社,ゴカ,滋賀県東近江市五個荘七里町243,https://www.shiga-jinjacho.jp/ycBBS/Board.cgi/02_jinja_db/db/ycDB_02jinja-pc-detail.html?mode:view=1&view:oid=805
Shiga,日吉神社,ヒヨシ,滋賀県東近江市五個荘日吉町948,https://www.shiga-jinjacho.jp/ycBBS/Board.cgi/02_jinja_db/db/ycDB_02jinja-pc-detail.html?mode:view=1&view:oid=806
Shiga,五箇神社,ゴカ,滋賀県東近江市宮荘町767,https://www.shiga-jinjacho.jp/ycBBS/Board.cgi/02_jinja_db/db/ycDB_02jinja-pc-detail.html?mode:view=1&view:oid=807
Shiga,龍田神社,タツタ,滋賀県東近江市五個荘竜田町307,https://www.shiga-jinjacho.jp/ycBBS/Board.cgi/02_jinja_db/db/ycDB_02jinja-pc-detail.html?mode:view=1&view:oid=808
Shiga,河曲神社,カマガリ,滋賀県東近江市五個荘河曲町255,https://www.shiga-jinjacho.jp/ycBBS/Board.cgi/02_jinja_db/db/ycDB_02jinja-pc-detail.html?mode:view=1&view:oid=811
Shiga,牛王神社,ギウオウ,滋賀県東近江市建部下野町454,https://www.shiga-jinjacho.jp/ycBBS/Board.cgi/02_jinja_db/db/ycDB_02jinja-pc-detail.html?mode:view=1&view:oid=812
Shiga,若宮神社,ワカミヤ,滋賀県東近江市建部下野町162,https://www.shiga-jinjacho.jp/ycBBS/Board.cgi/02_jinja_db/db/ycDB_02jinja-pc-detail.html?mode:view=1&view:oid=813
Shiga,天一神社,テンイチ,滋賀県東近江市建部下野町246,https://www.shiga-jinjacho.jp/ycBBS/Board.cgi/02_jinja_db/db/ycDB_02jinja-pc-detail.html?mode:view=1&view:oid=814
Shiga,樹下神社,ジュゲ,滋賀県東近江市建部下野町755,https://www.shiga-jinjacho.jp/ycBBS/Board.cgi/02_jinja_db/db/ycDB_02jinja-pc-detail.html?mode:view=1&view:oid=815
Shiga,乎加神社,オカ,滋賀県東近江市神郷町9,https://www.shiga-jinjacho.jp/ycBBS/Board.cgi/02_jinja_db/db/ycDB_02jinja-pc-detail.html?mode:view=1&view:oid=816
Shiga,天神社,テン,滋賀県東近江市佐野町799,https://www.shiga-jinjacho.jp/ycBBS/Board.cgi/02_jinja_db/db/ycDB_02jinja-pc-detail.html?mode:view=1&view:oid=817
Shiga,白鳥神社,シラトリ,滋賀県東近江市種町1074,https://www.shiga-jinjacho.jp/ycBBS/Board.cgi/02_jinja_db/db/ycDB_02jinja-pc-detail.html?mode:view=1&view:oid=818
Shiga,天満神社,テンマ,滋賀県東近江市今町41,https://www.shiga-jinjacho.jp/ycBBS/Board.cgi/02_jinja_db/db/ycDB_02jinja-pc-detail.html?mode:view=1&view:oid=819
Shiga,大中の湖神社,ダイナカノコ,滋賀県東近江市大中町60-1,https://www.shiga-jinjacho.jp/ycBBS/Board.cgi/02_jinja_db/db/ycDB_02jinja-pc-detail.html?mode:view=1&view:oid=820
Shiga,天神社,テン,滋賀県東近江市垣見町302-1,https://www.shiga-jinjacho.jp/ycBBS/Board.cgi/02_jinja_db/db/ycDB_02jinja-pc-detail.html?mode:view=1&view:oid=821
Shiga,能登川神社,ノトガワ,滋賀県東近江市垣見町798,https://www.shiga-jinjacho.jp/ycBBS/Board.cgi/02_jinja_db/db/ycDB_02jinja-pc-detail.html?mode:view=1&view:oid=822
Shiga,上山天満天神社,ウエヤマテンマンテン,滋賀県東近江市猪子町154,https://www.shiga-jinjacho.jp/ycBBS/Board.cgi/02_jinja_db/db/ycDB_02jinja-pc-detail.html?mode:view=1&view:oid=823
Shiga,天神社,テン,滋賀県東近江市林町232,https://www.shiga-jinjacho.jp/ycBBS/Board.cgi/02_jinja_db/db/ycDB_02jinja-pc-detail.html?mode:view=1&view:oid=824
Shiga,愛宕神社,アタゴ,滋賀県東近江市能登川町627,https://www.shiga-jinjacho.jp/ycBBS/Board.cgi/02_jinja_db/db/ycDB_02jinja-pc-detail.html?mode:view=1&view:oid=825
Shiga,守國神社,モリクニ,滋賀県東近江市北須田町701,https://www.shiga-jinjacho.jp/ycBBS/Board.cgi/02_jinja_db/db/ycDB_02jinja-pc-detail.html?mode:view=1&view:oid=826
Shiga,出雲神社,イヅモ,滋賀県東近江市南須田町832,https://www.shiga-jinjacho.jp/ycBBS/Board.cgi/02_jinja_db/db/ycDB_02jinja-pc-detail.html?mode:view=1&view:oid=828
Shiga,望湖古宮神社,ボウコフルミヤ,滋賀県東近江市伊庭町779,https://www.shiga-jinjacho.jp/ycBBS/Board.cgi/02_jinja_db/db/ycDB_02jinja-pc-detail.html?mode:view=1&view:oid=829
Shiga,金刀比羅神社,コトヒラ,滋賀県東近江市伊庭町1310,https://www.shiga-jinjacho.jp/ycBBS/Board.cgi/02_jinja_db/db/ycDB_02jinja-pc-detail.html?mode:view=1&view:oid=830
Shiga,繖峰三神社,サンポウサン,滋賀県東近江市伊庭町34,https://www.shiga-jinjacho.jp/ycBBS/Board.cgi/02_jinja_db/db/ycDB_02jinja-pc-detail.html?mode:view=1&view:oid=831
Shiga,望湖神社,ボウコ,滋賀県東近江市伊庭町34,https://www.shiga-jinjacho.jp/ycBBS/Board.cgi/02_jinja_db/db/ycDB_02jinja-pc-detail.html?mode:view=1&view:oid=832
Shiga,大浜神社,オオハマ,滋賀県東近江市伊庭町1890,https://www.shiga-jinjacho.jp/ycBBS/Board.cgi/02_jinja_db/db/ycDB_02jinja-pc-detail.html?mode:view=1&view:oid=833
Shiga,上山神社,コウヤマ,滋賀県東近江市山路町524,https://www.shiga-jinjacho.jp/ycBBS/Board.cgi/02_jinja_db/db/ycDB_02jinja-pc-detail.html?mode:view=1&view:oid=834
Shiga,西郡神社,ニシコウリ,滋賀県東近江市躰光寺町667-1,https://www.shiga-jinjacho.jp/ycBBS/Board.cgi/02_jinja_db/db/ycDB_02jinja-pc-detail.html?mode:view=1&view:oid=835
Shiga,八宮赤山神社,ハチノミヤアカヤマ,滋賀県東近江市小川町1410,https://www.shiga-jinjacho.jp/ycBBS/Board.cgi/02_jinja_db/db/ycDB_02jinja-pc-detail.html?mode:view=1&view:oid=836
Shiga,宇佐神社,ウサ,滋賀県東近江市川南町1125,https://www.shiga-jinjacho.jp/ycBBS/Board.cgi/02_jinja_db/db/ycDB_02jinja-pc-detail.html?mode:view=1&view:oid=837
Shiga,日吉神社,ヒヨシ,滋賀県東近江市阿弥陀堂町331,https://www.shiga-jinjacho.jp/ycBBS/Board.cgi/02_jinja_db/db/ycDB_02jinja-pc-detail.html?mode:view=1&view:oid=838
Shiga,王地神社,オウチ,滋賀県東近江市新宮町40,https://www.shiga-jinjacho.jp/ycBBS/Board.cgi/02_jinja_db/db/ycDB_02jinja-pc-detail.html?mode:view=1&view:oid=839
Shiga,栗見大宮天神社,クリミオオミヤテン,滋賀県東近江市新宮町1911,https://www.shiga-jinjacho.jp/ycBBS/Board.cgi/02_jinja_db/db/ycDB_02jinja-pc-detail.html?mode:view=1&view:oid=840
Shiga,濱之神社,ハマノ,滋賀県東近江市乙女浜町171,https://www.shiga-jinjacho.jp/ycBBS/Board.cgi/02_jinja_db/db/ycDB_02jinja-pc-detail.html?mode:view=1&view:oid=841
Shiga,野島崎神社,ノジマザキ,滋賀県東近江市福堂町279,https://www.shiga-jinjacho.jp/ycBBS/Board.cgi/02_jinja_db/db/ycDB_02jinja-pc-detail.html?mode:view=1&view:oid=842
Shiga,日枝神社,ヒエ,滋賀県東近江市栗見新田町480,https://www.shiga-jinjacho.jp/ycBBS/Board.cgi/02_jinja_db/db/ycDB_02jinja-pc-detail.html?mode:view=1&view:oid=843
Shiga,神明神社,シンメイ,滋賀県東近江市栗見出在家町783,https://www.shiga-jinjacho.jp/ycBBS/Board.cgi/02_jinja_db/db/ycDB_02jinja-pc-detail.html?mode:view=1&view:oid=844
Shiga,北野神社,キタノ,滋賀県東近江市平尾町617,https://www.shiga-jinjacho.jp/ycBBS/Board.cgi/02_jinja_db/db/ycDB_02jinja-pc-detail.html?mode:view=1&view:oid=846
Shiga,日吉神社,ヒヨシ,滋賀県東近江市園町1025,https://www.shiga-jinjacho.jp/ycBBS/Board.cgi/02_jinja_db/db/ycDB_02jinja-pc-detail.html?mode:view=1&view:oid=847
Shiga,八幡神社,ハチマン,滋賀県東近江市大覚寺町728,https://www.shiga-jinjacho.jp/ycBBS/Board.cgi/02_jinja_db/db/ycDB_02jinja-pc-detail.html?mode:view=1&view:oid=848
Shiga,稲荷神社,イナリ,滋賀県東近江市大林町3,https://www.shiga-jinjacho.jp/ycBBS/Board.cgi/02_jinja_db/db/ycDB_02jinja-pc-detail.html?mode:view=1&view:oid=849
Shiga,松號神社,マツゴウ,滋賀県東近江市市ケ原町3,https://www.shiga-jinjacho.jp/ycBBS/Board.cgi/02_jinja_db/db/ycDB_02jinja-pc-detail.html?mode:view=1&view:oid=850
Shiga,八幡社,ハチマンシャ,滋賀県東近江市上中野町694,https://www.shiga-jinjacho.jp/ycBBS/Board.cgi/02_jinja_db/db/ycDB_02jinja-pc-detail.html?mode:view=1&view:oid=851
Shiga,八幡神社,ハチマン,滋賀県東近江市下中野町674,https://www.shiga-jinjacho.jp/ycBBS/Board.cgi/02_jinja_db/db/ycDB_02jinja-pc-detail.html?mode:view=1&view:oid=852
Shiga,恵美須神社,エビス,滋賀県東近江市池之尻町1,https://www.shiga-jinjacho.jp/ycBBS/Board.cgi/02_jinja_db/db/ycDB_02jinja-pc-detail.html?mode:view=1&view:oid=853
Shiga,白鬚神社,シラヒゲ,滋賀県東近江市大萩町10,https://www.shiga-jinjacho.jp/ycBBS/Board.cgi/02_jinja_db/db/ycDB_02jinja-pc-detail.html?mode:view=1&view:oid=854
Shiga,日吉神社,ヒヨシ,滋賀県東近江市百済寺本町521-1,https://www.shiga-jinjacho.jp/ycBBS/Board.cgi/02_jinja_db/db/ycDB_02jinja-pc-detail.html?mode:view=1&view:oid=855
Shiga,岩神社,イワ,滋賀県東近江市百済寺町136,https://www.shiga-jinjacho.jp/ycBBS/Board.cgi/02_jinja_db/db/ycDB_02jinja-pc-detail.html?mode:view=1&view:oid=856
Shiga,坂本神社,サカモト,滋賀県東近江市北坂町280,https://www.shiga-jinjacho.jp/ycBBS/Board.cgi/02_jinja_db/db/ycDB_02jinja-pc-detail.html?mode:view=1&view:oid=857
Shiga,豊満神社,トヨミツ,滋賀県東近江市小倉町1361,https://www.shiga-jinjacho.jp/ycBBS/Board.cgi/02_jinja_db/db/ycDB_02jinja-pc-detail.html?mode:view=1&view:oid=859
Shiga,日吉神社,ヒヨシ,滋賀県東近江市青山町66,https://www.shiga-jinjacho.jp/ycBBS/Board.cgi/02_jinja_db/db/ycDB_02jinja-pc-detail.html?mode:view=1&view:oid=860
Shiga,春日神社,カスガ,滋賀県東近江市妹町591,https://www.shiga-jinjacho.jp/ycBBS/Board.cgi/02_jinja_db/db/ycDB_02jinja-pc-detail.html?mode:view=1&view:oid=861
Shiga,春日神社,カスガ,滋賀県東近江市上岸本町841,https://www.shiga-jinjacho.jp/ycBBS/Board.cgi/02_jinja_db/db/ycDB_02jinja-pc-detail.html?mode:view=1&view:oid=862
Shiga,愛賀神社,アガ,滋賀県東近江市梅林町78,https://www.shiga-jinjacho.jp/ycBBS/Board.cgi/02_jinja_db/db/ycDB_02jinja-pc-detail.html?mode:view=1&view:oid=863
Shiga,熊野神社,クマノ,滋賀県東近江市僧坊町17,https://www.shiga-jinjacho.jp/ycBBS/Board.cgi/02_jinja_db/db/ycDB_02jinja-pc-detail.html?mode:view=1&view:oid=864
Shiga,八幡社,ハチマンシャ,滋賀県東近江市平柳町1384,https://www.shiga-jinjacho.jp/ycBBS/Board.cgi/02_jinja_db/db/ycDB_02jinja-pc-detail.html?mode:view=1&view:oid=865
Shiga,八坂日吉神社,ヤサカヒヨシ,滋賀県東近江市祇園町15,https://www.shiga-jinjacho.jp/ycBBS/Board.cgi/02_jinja_db/db/ycDB_02jinja-pc-detail.html?mode:view=1&view:oid=866
Shiga,春日神社,カスガ,滋賀県東近江市小八木町763,https://www.shiga-jinjacho.jp/ycBBS/Board.cgi/02_jinja_db/db/ycDB_02jinja-pc-detail.html?mode:view=1&view:oid=867
Shiga,八幡神社,ハチマン,滋賀県東近江市南花沢町546,https://www.shiga-jinjacho.jp/ycBBS/Board.cgi/02_jinja_db/db/ycDB_02jinja-pc-detail.html?mode:view=1&view:oid=868
Shiga,古戸社,フルト,滋賀県東近江市中里町556,https://www.shiga-jinjacho.jp/ycBBS/Board.cgi/02_jinja_db/db/ycDB_02jinja-pc-detail.html?mode:view=1&view:oid=869
Shiga,押立神社,オシタテ,滋賀県東近江市北菩提寺町365,https://www.shiga-jinjacho.jp/ycBBS/Board.cgi/02_jinja_db/db/ycDB_02jinja-pc-detail.html?mode:view=1&view:oid=870
Shiga,八幡宮,ハチマングウ,滋賀県東近江市中岸本町434,https://www.shiga-jinjacho.jp/ycBBS/Board.cgi/02_jinja_db/db/ycDB_02jinja-pc-detail.html?mode:view=1&view:oid=871
Shiga,日枝神社,ヒエ,滋賀県東近江市下岸本町361,https://www.shiga-jinjacho.jp/ycBBS/Board.cgi/02_jinja_db/db/ycDB_02jinja-pc-detail.html?mode:view=1&view:oid=872
Shiga,八幡神社,ハチマン,滋賀県東近江市小田苅町954,https://www.shiga-jinjacho.jp/ycBBS/Board.cgi/02_jinja_db/db/ycDB_02jinja-pc-detail.html?mode:view=1&view:oid=873
Shiga,大山咋神社,オオヤマグイ,滋賀県東近江市大清水町225,https://www.shiga-jinjacho.jp/ycBBS/Board.cgi/02_jinja_db/db/ycDB_02jinja-pc-detail.html?mode:view=1&view:oid=874
Shiga,神明神社,シンメイ,滋賀県東近江市南清水町174,https://www.shiga-jinjacho.jp/ycBBS/Board.cgi/02_jinja_db/db/ycDB_02jinja-pc-detail.html?mode:view=1&view:oid=875
Shiga,日吉神社,ヒヨシ,滋賀県東近江市清水中町481,https://www.shiga-jinjacho.jp/ycBBS/Board.cgi/02_jinja_db/db/ycDB_02jinja-pc-detail.html?mode:view=1&view:oid=877
Shiga,長神社,オサ,滋賀県東近江市??240,https://www.shiga-jinjacho.jp/ycBBS/Board.cgi/02_jinja_db/db/ycDB_02jinja-pc-detail.html?mode:view=1&view:oid=878
Shiga,神明神社,シンメイ,滋賀県東近江市小池町33,https://www.shiga-jinjacho.jp/ycBBS/Board.cgi/02_jinja_db/db/ycDB_02jinja-pc-detail.html?mode:view=1&view:oid=879
Shiga,豊国神社,トヨクニ,滋賀県東近江市池庄町1518,https://www.shiga-jinjacho.jp/ycBBS/Board.cgi/02_jinja_db/db/ycDB_02jinja-pc-detail.html?mode:view=1&view:oid=880
Shiga,大行社,ダイギョウシャ,滋賀県愛知郡愛荘町松尾寺8,https://www.shiga-jinjacho.jp/ycBBS/Board.cgi/02_jinja_db/db/ycDB_02jinja-pc-detail.html?mode:view=1&view:oid=881
Shiga,八幡神社,ハチマン,滋賀県愛知郡秦荘町斧麿325,https://www.shiga-jinjacho.jp/ycBBS/Board.cgi/02_jinja_db/db/ycDB_02jinja-pc-detail.html?mode:view=1&view:oid=882
Shiga,軽野神社,カルノ,滋賀県愛知郡愛荘町岩倉123,https://www.shiga-jinjacho.jp/ycBBS/Board.cgi/02_jinja_db/db/ycDB_02jinja-pc-detail.html?mode:view=1&view:oid=883
Shiga,軽野神社,カルノ,滋賀県愛知郡愛荘町蚊野2268,https://www.shiga-jinjacho.jp/ycBBS/Board.cgi/02_jinja_db/db/ycDB_02jinja-pc-detail.html?mode:view=1&view:oid=884
Shiga,八坂神社,ヤサカ,滋賀県愛知郡愛荘町円城寺47,https://www.shiga-jinjacho.jp/ycBBS/Board.cgi/02_jinja_db/db/ycDB_02jinja-pc-detail.html?mode:view=1&view:oid=886
Shiga,日吉神社,ヒヨシ,滋賀県愛知郡愛荘町西出1,https://www.shiga-jinjacho.jp/ycBBS/Board.cgi/02_jinja_db/db/ycDB_02jinja-pc-detail.html?mode:view=1&view:oid=887
Shiga,春日神社,カスガ,滋賀県愛知郡愛荘町目加田1998-1,https://www.shiga-jinjacho.jp/ycBBS/Board.cgi/02_jinja_db/db/ycDB_02jinja-pc-detail.html?mode:view=1&view:oid=888
Shiga,御霊神社,ゴリョウ,滋賀県愛知郡愛荘町蚊野外41,https://www.shiga-jinjacho.jp/ycBBS/Board.cgi/02_jinja_db/db/ycDB_02jinja-pc-detail.html?mode:view=1&view:oid=889
Shiga,香之神社,コノ,滋賀県愛知郡愛荘町香之庄597,https://www.shiga-jinjacho.jp/ycBBS/Board.cgi/02_jinja_db/db/ycDB_02jinja-pc-detail.html?mode:view=1&view:oid=890
Shiga,八木神社,ヤギ,滋賀県愛知郡愛荘町宮後98,https://www.shiga-jinjacho.jp/ycBBS/Board.cgi/02_jinja_db/db/ycDB_02jinja-pc-detail.html?mode:view=1&view:oid=891
Shiga,下八木神社,シモヤギ,滋賀県愛知郡愛荘町下八木49,https://www.shiga-jinjacho.jp/ycBBS/Board.cgi/02_jinja_db/db/ycDB_02jinja-pc-detail.html?mode:view=1&view:oid=892
Shiga,島川神社,シマカワ,滋賀県愛知郡愛荘町島川1176,https://www.shiga-jinjacho.jp/ycBBS/Board.cgi/02_jinja_db/db/ycDB_02jinja-pc-detail.html?mode:view=1&view:oid=893
Shiga,八幡神社,ハチマン,滋賀県愛知郡愛荘町長塚222,https://www.shiga-jinjacho.jp/ycBBS/Board.cgi/02_jinja_db/db/ycDB_02jinja-pc-detail.html?mode:view=1&view:oid=894
Shiga,八幡神社,ハチマン,滋賀県愛知郡愛荘町栗田133,https://www.shiga-jinjacho.jp/ycBBS/Board.cgi/02_jinja_db/db/ycDB_02jinja-pc-detail.html?mode:view=1&view:oid=895
Shiga,八幡神社,ハチマン,滋賀県愛知郡愛荘町愛知川1573,https://www.shiga-jinjacho.jp/ycBBS/Board.cgi/02_jinja_db/db/ycDB_02jinja-pc-detail.html?mode:view=1&view:oid=896
Shiga,河脇神社,カワワキ,滋賀県愛知郡愛荘町中宿205,https://www.shiga-jinjacho.jp/ycBBS/Board.cgi/02_jinja_db/db/ycDB_02jinja-pc-detail.html?mode:view=1&view:oid=897
Shiga,石部神社,イソベ,滋賀県愛知郡愛荘町沓掛147,https://www.shiga-jinjacho.jp/ycBBS/Board.cgi/02_jinja_db/db/ycDB_02jinja-pc-detail.html?mode:view=1&view:oid=898
Shiga,井上神社,イノウエ,滋賀県愛知郡愛荘町沓掛655,https://www.shiga-jinjacho.jp/ycBBS/Board.cgi/02_jinja_db/db/ycDB_02jinja-pc-detail.html?mode:view=1&view:oid=899
Shiga,大隴神社,ダイロウ,滋賀県愛知郡愛荘町長野1170,https://www.shiga-jinjacho.jp/ycBBS/Board.cgi/02_jinja_db/db/ycDB_02jinja-pc-detail.html?mode:view=1&view:oid=900
Gifu,八幡神社,はちまんじんじゃ,岐阜県安八郡輪之内町海松新田字古川堤塘無番地,https://www.gifu-jinjacho.jp/syosai.php?shrno=69
Gifu,多度神社,たどじんじゃ,岐阜県安八郡輪之内町海松新田1404番地,https://www.gifu-jinjacho.jp/syosai.php?shrno=70
Gifu,稲荷神社,いなりじんじゃ,岐阜県安八郡輪之内町海松新田1112番地の2,https://www.gifu-jinjacho.jp/syosai.php?shrno=71
Gifu,八幡神社,はちまんじんじゃ,岐阜県安八郡輪之内町松内字村西1024番地の1,https://www.gifu-jinjacho.jp/syosai.php?shrno=72
Gifu,神明神社,しんめいじんじゃ,岐阜県安八郡輪之内町大吉新田730番地の1,https://www.gifu-jinjacho.jp/syosai.php?shrno=73
Gifu,八幡神社,はちまんじんじゃ,岐阜県安八郡輪之内町南波1089番地,https://www.gifu-jinjacho.jp/syosai.php?shrno=74
Gifu,吉野神社,よしのじんじゃ,岐阜県安八郡輪之内町本戸70番地,https://www.gifu-jinjacho.jp/syosai.php?shrno=75
Gifu,白髭神社,しらひげじんじゃ,岐阜県安八郡輪之内町中郷35番地,https://www.gifu-jinjacho.jp/syosai.php?shrno=76
Gifu,八幡神社,はちまんじんじゃ,岐阜県安八郡輪之内町里1157番地,https://www.gifu-jinjacho.jp/syosai.php?shrno=77
Gifu,白髭神社,しらひげじんじゃ,岐阜県安八郡輪之内町福束1648番地,https://www.gifu-jinjacho.jp/syosai.php?shrno=78
Gifu,白山神社,はくさんじんじゃ,岐阜県安八郡輪之内町塩喰2298番地の6,https://www.gifu-jinjacho.jp/syosai.php?shrno=79
Gifu,愛宕神社,あたごじんじゃ,岐阜県安八郡神戸町神戸字馬場585番地の1,https://www.gifu-jinjacho.jp/syosai.php?shrno=80
Gifu,唐崎神社,からさきじんじゃ,岐阜県安八郡神戸町神戸字馬場無番地,https://www.gifu-jinjacho.jp/syosai.php?shrno=81
Gifu,神明神社,しんめいじんじゃ,岐阜県安八郡神戸町神戸字福井2182.2183番地,https://www.gifu-jinjacho.jp/syosai.php?shrno=82
Gifu,諏訪神社,すわじんじゃ,岐阜県安八郡神戸町神戸字本町462番地の1,https://www.gifu-jinjacho.jp/syosai.php?shrno=83
Gifu,神明神社,しんめいじんじゃ,岐阜県安八郡神戸町神戸字本町476番地の1,https://www.gifu-jinjacho.jp/syosai.php?shrno=84
Gifu,秋葉神社,あきばじんじゃ,岐阜県安八郡神戸町神戸字三津屋町無番地,https://www.gifu-jinjacho.jp/syosai.php?shrno=85
Gifu,秋葉神社,あきばじんじゃ,岐阜県安八郡神戸町神戸字鍛治屋町無番地,https://www.gifu-jinjacho.jp/syosai.php?shrno=86
Gifu,白山神社,はくさんじんじゃ,岐阜県安八郡神戸町神戸福井字井田774番地の1,https://www.gifu-jinjacho.jp/syosai.php?shrno=87
Gifu,三輪神社,みわじんじゃ,岐阜県安八郡神戸町神戸福井字井田690番地の1,https://www.gifu-jinjacho.jp/syosai.php?shrno=88
Gifu,白鳥神社,しらとりじんじゃ,岐阜県安八郡神戸町横井字村前1043番地,https://www.gifu-jinjacho.jp/syosai.php?shrno=89
Gifu,白山神社,はくさんじんじゃ,岐阜県安八郡神戸町田字中島251番地,https://www.gifu-jinjacho.jp/syosai.php?shrno=90
Gifu,八幡神社,はちまんじんじゃ,岐阜県安八郡神戸町安次字畑田474番地の1,https://www.gifu-jinjacho.jp/syosai.php?shrno=91
Gifu,白鳥神社,しらとりじんじゃ,岐阜県安八郡神戸町丈六道字村中383番地の1,https://www.gifu-jinjacho.jp/syosai.php?shrno=92
Gifu,秋葉神社,あきばじんじゃ,岐阜県安八郡神戸町神戸字上新町365番地,https://www.gifu-jinjacho.jp/syosai.php?shrno=93
Shiga,御崎神社,ミサキ,滋賀県愛知郡愛荘町愛知川町川原1072,https://www.shiga-jinjacho.jp/ycBBS/Board.cgi/02_jinja_db/db/ycDB_02jinja-pc-detail.html?mode:view=1&view:oid=901
Shiga,豊満神社,トヨミツ,滋賀県愛知郡愛荘町豊満392,https://www.shiga-jinjacho.jp/ycBBS/Board.cgi/02_jinja_db/db/ycDB_02jinja-pc-detail.html?mode:view=1&view:oid=903
Shiga,勝鳥神社,カツトリ,滋賀県彦根市三津町236,https://www.shiga-jinjacho.jp/ycBBS/Board.cgi/02_jinja_db/db/ycDB_02jinja-pc-detail.html?mode:view=1&view:oid=904
Shiga,八坂神社,ヤサカ,滋賀県彦根市海瀬町1056-4,https://www.shiga-jinjacho.jp/ycBBS/Board.cgi/02_jinja_db/db/ycDB_02jinja-pc-detail.html?mode:view=1&view:oid=905
Shiga,彦留神社,ヒコドメ,滋賀県彦根市彦富町1764,https://www.shiga-jinjacho.jp/ycBBS/Board.cgi/02_jinja_db/db/ycDB_02jinja-pc-detail.html?mode:view=1&view:oid=906
Shiga,川桁神社,カワケタ,滋賀県彦根市出路町640,https://www.shiga-jinjacho.jp/ycBBS/Board.cgi/02_jinja_db/db/ycDB_02jinja-pc-detail.html?mode:view=1&view:oid=907
Shiga,稲村神社,イナムラ,滋賀県彦根市稲里町2617,https://www.shiga-jinjacho.jp/ycBBS/Board.cgi/02_jinja_db/db/ycDB_02jinja-pc-detail.html?mode:view=1&view:oid=908
Shiga,菅原神社,スガワラ,滋賀県彦根市薩摩町413,https://www.shiga-jinjacho.jp/ycBBS/Board.cgi/02_jinja_db/db/ycDB_02jinja-pc-detail.html?mode:view=1&view:oid=909
Shiga,大宮神社,オオミヤ,滋賀県彦根市柳川町156,https://www.shiga-jinjacho.jp/ycBBS/Board.cgi/02_jinja_db/db/ycDB_02jinja-pc-detail.html?mode:view=1&view:oid=910
Shiga,川桁神社,カワケタ,滋賀県彦根市甲崎町139,https://www.shiga-jinjacho.jp/ycBBS/Board.cgi/02_jinja_db/db/ycDB_02jinja-pc-detail.html?mode:view=1&view:oid=911
Shiga,日吉神社,ヒヨシ,滋賀県彦根市下西川町718,https://www.shiga-jinjacho.jp/ycBBS/Board.cgi/02_jinja_db/db/ycDB_02jinja-pc-detail.html?mode:view=1&view:oid=912
Shiga,日枝神社,ヒエ,滋賀県彦根市上西川町251-1,https://www.shiga-jinjacho.jp/ycBBS/Board.cgi/02_jinja_db/db/ycDB_02jinja-pc-detail.html?mode:view=1&view:oid=913
Shiga,日吉天満宮,ヒヨシテンマングウ,滋賀県彦根市田原町282,https://www.shiga-jinjacho.jp/ycBBS/Board.cgi/02_jinja_db/db/ycDB_02jinja-pc-detail.html?mode:view=1&view:oid=914
Shiga,三火光神社,ミホコ,滋賀県彦根市服部町202,https://www.shiga-jinjacho.jp/ycBBS/Board.cgi/02_jinja_db/db/ycDB_02jinja-pc-detail.html?mode:view=1&view:oid=915
Shiga,稲倉神社,イナクラ,滋賀県彦根市上稲葉町108,https://www.shiga-jinjacho.jp/ycBBS/Board.cgi/02_jinja_db/db/ycDB_02jinja-pc-detail.html?mode:view=1&view:oid=916
Shiga,稲葉神社,イナバ,滋賀県彦根市下稲葉町400,https://www.shiga-jinjacho.jp/ycBBS/Board.cgi/02_jinja_db/db/ycDB_02jinja-pc-detail.html?mode:view=1&view:oid=917
Shiga,久留美神社,クルミ,滋賀県彦根市本庄町2516,https://www.shiga-jinjacho.jp/ycBBS/Board.cgi/02_jinja_db/db/ycDB_02jinja-pc-detail.html?mode:view=1&view:oid=918
Shiga,廣浜神社,ヒロハマ,滋賀県彦根市普光寺町430,https://www.shiga-jinjacho.jp/ycBBS/Board.cgi/02_jinja_db/db/ycDB_02jinja-pc-detail.html?mode:view=1&view:oid=919
Shiga,豊田神社,トヨタ,滋賀県彦根市南三ツ谷町1918,https://www.shiga-jinjacho.jp/ycBBS/Board.cgi/02_jinja_db/db/ycDB_02jinja-pc-detail.html?mode:view=1&view:oid=920
Shiga,八幡神社,ハチマン,滋賀県彦根市田附町488,https://www.shiga-jinjacho.jp/ycBBS/Board.cgi/02_jinja_db/db/ycDB_02jinja-pc-detail.html?mode:view=1&view:oid=921
Shiga,春日神社,カスガ,滋賀県犬上郡豊郷町四十九院473,https://www.shiga-jinjacho.jp/ycBBS/Board.cgi/02_jinja_db/db/ycDB_02jinja-pc-detail.html?mode:view=1&view:oid=923
Shiga,阿自岐神社,アジキ,滋賀県犬上郡豊郷町安食西663,https://www.shiga-jinjacho.jp/ycBBS/Board.cgi/02_jinja_db/db/ycDB_02jinja-pc-detail.html?mode:view=1&view:oid=924
Shiga,天稚彦神社,アメワカヒコ,滋賀県犬上郡豊郷町高野瀬40,https://www.shiga-jinjacho.jp/ycBBS/Board.cgi/02_jinja_db/db/ycDB_02jinja-pc-detail.html?mode:view=1&view:oid=925
Shiga,天明神社,テンメイ,滋賀県犬上郡豊郷町雨降野116,https://www.shiga-jinjacho.jp/ycBBS/Board.cgi/02_jinja_db/db/ycDB_02jinja-pc-detail.html?mode:view=1&view:oid=927
Shiga,白山神社,ハクサン,滋賀県犬上郡豊郷町八町854-1,https://www.shiga-jinjacho.jp/ycBBS/Board.cgi/02_jinja_db/db/ycDB_02jinja-pc-detail.html?mode:view=1&view:oid=928
Shiga,犬上神社,イヌカミ,滋賀県犬上郡豊郷町八目41,https://www.shiga-jinjacho.jp/ycBBS/Board.cgi/02_jinja_db/db/ycDB_02jinja-pc-detail.html?mode:view=1&view:oid=929
Shiga,八幡神社,ハチマン,滋賀県犬上郡甲良町在士523,https://www.shiga-jinjacho.jp/ycBBS/Board.cgi/02_jinja_db/db/ycDB_02jinja-pc-detail.html?mode:view=1&view:oid=930
Shiga,甲良神社,コウラ,滋賀県犬上郡甲良町尼子1,https://www.shiga-jinjacho.jp/ycBBS/Board.cgi/02_jinja_db/db/ycDB_02jinja-pc-detail.html?mode:view=1&view:oid=932
Shiga,小川原神社,コガハラ,滋賀県犬上郡甲良町小川原499,https://www.shiga-jinjacho.jp/ycBBS/Board.cgi/02_jinja_db/db/ycDB_02jinja-pc-detail.html?mode:view=1&view:oid=934
Shiga,日吉神社,ヒヨシ,滋賀県犬上郡甲良町北落441,https://www.shiga-jinjacho.jp/ycBBS/Board.cgi/02_jinja_db/db/ycDB_02jinja-pc-detail.html?mode:view=1&view:oid=935
Shiga,金山神社,カナヤマ,滋賀県犬上郡甲良町金屋802,https://www.shiga-jinjacho.jp/ycBBS/Board.cgi/02_jinja_db/db/ycDB_02jinja-pc-detail.html?mode:view=1&view:oid=936
Shiga,山王大宮神社,サンノウオオミヤ,滋賀県犬上郡甲良町池寺37,https://www.shiga-jinjacho.jp/ycBBS/Board.cgi/02_jinja_db/db/ycDB_02jinja-pc-detail.html?mode:view=1&view:oid=937
Shiga,甲良神社,コウラ,滋賀県犬上郡甲良町法養寺43,https://www.shiga-jinjacho.jp/ycBBS/Board.cgi/02_jinja_db/db/ycDB_02jinja-pc-detail.html?mode:view=1&view:oid=938
Shiga,八幡神社,ハチマン,滋賀県犬上郡甲良町横関368,https://www.shiga-jinjacho.jp/ycBBS/Board.cgi/02_jinja_db/db/ycDB_02jinja-pc-detail.html?mode:view=1&view:oid=939
Shiga,日吉神社,ヒヨシ,滋賀県犬上郡甲良町横関720,https://www.shiga-jinjacho.jp/ycBBS/Board.cgi/02_jinja_db/db/ycDB_02jinja-pc-detail.html?mode:view=1&view:oid=940
Shiga,雨也神社,アメナリ,滋賀県犬上郡甲良町長寺712,https://www.shiga-jinjacho.jp/ycBBS/Board.cgi/02_jinja_db/db/ycDB_02jinja-pc-detail.html?mode:view=1&view:oid=941
Shiga,多賀大社,タガタイシャ,滋賀県犬上郡多賀町多賀604,https://www.shiga-jinjacho.jp/ycBBS/Board.cgi/02_jinja_db/db/ycDB_02jinja-pc-detail.html?mode:view=1&view:oid=942
Shiga,八幡神社,ハチマン,滋賀県犬上郡多賀町河内159,https://www.shiga-jinjacho.jp/ycBBS/Board.cgi/02_jinja_db/db/ycDB_02jinja-pc-detail.html?mode:view=1&view:oid=943
Shiga,調宮神社,トトノミヤ,滋賀県犬上郡多賀町栗栖242,https://www.shiga-jinjacho.jp/ycBBS/Board.cgi/02_jinja_db/db/ycDB_02jinja-pc-detail.html?mode:view=1&view:oid=944
Shiga,橿原神社,カシハラ,滋賀県犬上郡多賀町一円223,https://www.shiga-jinjacho.jp/ycBBS/Board.cgi/02_jinja_db/db/ycDB_02jinja-pc-detail.html?mode:view=1&view:oid=945
Shiga,曾我神社,ソガ,滋賀県犬上郡多賀町木曽426,https://www.shiga-jinjacho.jp/ycBBS/Board.cgi/02_jinja_db/db/ycDB_02jinja-pc-detail.html?mode:view=1&view:oid=946
Shiga,胡宮神社,コノミヤ,滋賀県犬上郡多賀町敏満寺49,https://www.shiga-jinjacho.jp/ycBBS/Board.cgi/02_jinja_db/db/ycDB_02jinja-pc-detail.html?mode:view=1&view:oid=947
Shiga,猿木神社,サルギ,滋賀県犬上郡多賀町猿木178,https://www.shiga-jinjacho.jp/ycBBS/Board.cgi/02_jinja_db/db/ycDB_02jinja-pc-detail.html?mode:view=1&view:oid=948
Shiga,大瀧神社,オオタキ,滋賀県犬上郡多賀町富之尾1585,https://www.shiga-jinjacho.jp/ycBBS/Board.cgi/02_jinja_db/db/ycDB_02jinja-pc-detail.html?mode:view=1&view:oid=949
Shiga,春日神社,カスガ,滋賀県米原市長久寺244,https://www.shiga-jinjacho.jp/ycBBS/Board.cgi/02_jinja_db/db/ycDB_02jinja-pc-detail.html?mode:view=1&view:oid=950
Shiga,八幡神社,ハチマン,滋賀県米原市柏原921,https://www.shiga-jinjacho.jp/ycBBS/Board.cgi/02_jinja_db/db/ycDB_02jinja-pc-detail.html?mode:view=1&view:oid=951
Shiga,恵比須神社,エビス,滋賀県米原市柏原1653,https://www.shiga-jinjacho.jp/ycBBS/Board.cgi/02_jinja_db/db/ycDB_02jinja-pc-detail.html?mode:view=1&view:oid=952
Shiga,日枝神社,ヒエ,滋賀県米原市柏原1705,https://www.shiga-jinjacho.jp/ycBBS/Board.cgi/02_jinja_db/db/ycDB_02jinja-pc-detail.html?mode:view=1&view:oid=953
Shiga,日枝神社,ヒエ,滋賀県米原市柏原2106,https://www.shiga-jinjacho.jp/ycBBS/Board.cgi/02_jinja_db/db/ycDB_02jinja-pc-detail.html?mode:view=1&view:oid=954
Shiga,津島神社,ツシマ,滋賀県米原市柏原2941,https://www.shiga-jinjacho.jp/ycBBS/Board.cgi/02_jinja_db/db/ycDB_02jinja-pc-detail.html?mode:view=1&view:oid=955
Shiga,王子神社,オオジ,滋賀県米原市柏原3300,https://www.shiga-jinjacho.jp/ycBBS/Board.cgi/02_jinja_db/db/ycDB_02jinja-pc-detail.html?mode:view=1&view:oid=956
Shiga,白山神社,ハクサン,滋賀県米原市柏原4271,https://www.shiga-jinjacho.jp/ycBBS/Board.cgi/02_jinja_db/db/ycDB_02jinja-pc-detail.html?mode:view=1&view:oid=957
Shiga,八相宮,ハツソウグウ,滋賀県米原市大野木1085,https://www.shiga-jinjacho.jp/ycBBS/Board.cgi/02_jinja_db/db/ycDB_02jinja-pc-detail.html?mode:view=1&view:oid=958
Shiga,伊弉冊神社,イザナミ,滋賀県米原市須川225,https://www.shiga-jinjacho.jp/ycBBS/Board.cgi/02_jinja_db/db/ycDB_02jinja-pc-detail.html?mode:view=1&view:oid=959
Shiga,清滝神社,キヨタキ,滋賀県米原市清滝312,https://www.shiga-jinjacho.jp/ycBBS/Board.cgi/02_jinja_db/db/ycDB_02jinja-pc-detail.html?mode:view=1&view:oid=960
Shiga,八幡神社,ハチマン,滋賀県米原市梓河内237,https://www.shiga-jinjacho.jp/ycBBS/Board.cgi/02_jinja_db/db/ycDB_02jinja-pc-detail.html?mode:view=1&view:oid=961
Shiga,志賀神社,シガ,滋賀県米原市志賀谷329,https://www.shiga-jinjacho.jp/ycBBS/Board.cgi/02_jinja_db/db/ycDB_02jinja-pc-detail.html?mode:view=1&view:oid=962
Shiga,金刀比羅神社,コトヒラ,滋賀県米原市志賀谷339,https://www.shiga-jinjacho.jp/ycBBS/Board.cgi/02_jinja_db/db/ycDB_02jinja-pc-detail.html?mode:view=1&view:oid=963
Shiga,蛭子神社,エビス,滋賀県米原市加勢野412,https://www.shiga-jinjacho.jp/ycBBS/Board.cgi/02_jinja_db/db/ycDB_02jinja-pc-detail.html?mode:view=1&view:oid=964
Shiga,春日神社,カスガ,滋賀県米原市北方1306,https://www.shiga-jinjacho.jp/ycBBS/Board.cgi/02_jinja_db/db/ycDB_02jinja-pc-detail.html?mode:view=1&view:oid=965
Shiga,伊弉諾神社,イザナギ,滋賀県米原市菅江430,https://www.shiga-jinjacho.jp/ycBBS/Board.cgi/02_jinja_db/db/ycDB_02jinja-pc-detail.html?mode:view=1&view:oid=966
Shiga,八坂神社,ヤサカ,滋賀県米原市山室805,https://www.shiga-jinjacho.jp/ycBBS/Board.cgi/02_jinja_db/db/ycDB_02jinja-pc-detail.html?mode:view=1&view:oid=967
Shiga,久志神社,クシ,滋賀県米原市大鹿1208,https://www.shiga-jinjacho.jp/ycBBS/Board.cgi/02_jinja_db/db/ycDB_02jinja-pc-detail.html?mode:view=1&view:oid=968
Shiga,久志神社,クシ,滋賀県米原市堂谷849,https://www.shiga-jinjacho.jp/ycBBS/Board.cgi/02_jinja_db/db/ycDB_02jinja-pc-detail.html?mode:view=1&view:oid=969
Shiga,加茂神社,カモ,滋賀県米原市本郷3,https://www.shiga-jinjacho.jp/ycBBS/Board.cgi/02_jinja_db/db/ycDB_02jinja-pc-detail.html?mode:view=1&view:oid=970
Shiga,荒尾神社,アラオ,滋賀県米原市本郷275,https://www.shiga-jinjacho.jp/ycBBS/Board.cgi/02_jinja_db/db/ycDB_02jinja-pc-detail.html?mode:view=1&view:oid=971
Shiga,田中神社,タナカ,滋賀県米原市長岡1252,https://www.shiga-jinjacho.jp/ycBBS/Board.cgi/02_jinja_db/db/ycDB_02jinja-pc-detail.html?mode:view=1&view:oid=972
Shiga,長岡神社,ナガオカ,滋賀県米原市長岡1573,https://www.shiga-jinjacho.jp/ycBBS/Board.cgi/02_jinja_db/db/ycDB_02jinja-pc-detail.html?mode:view=1&view:oid=973
Shiga,愛宕神社,アタゴ,滋賀県米原市長岡3021,https://www.shiga-jinjacho.jp/ycBBS/Board.cgi/02_jinja_db/db/ycDB_02jinja-pc-detail.html?mode:view=1&view:oid=974
Shiga,稲荷神社,イナリ,滋賀県米原市長岡3074,https://www.shiga-jinjacho.jp/ycBBS/Board.cgi/02_jinja_db/db/ycDB_02jinja-pc-detail.html?mode:view=1&view:oid=975
Shiga,加茂神社,カモ,滋賀県坂田郡山東町満願寺1,https://www.shiga-jinjacho.jp/ycBBS/Board.cgi/02_jinja_db/db/ycDB_02jinja-pc-detail.html?mode:view=1&view:oid=976
Shiga,八幡神社,ハチマン,滋賀県米原市西山611,https://www.shiga-jinjacho.jp/ycBBS/Board.cgi/02_jinja_db/db/ycDB_02jinja-pc-detail.html?mode:view=1&view:oid=977
Shiga,若宮八幡神社,ワカミヤハチマン,滋賀県米原市市場72,https://www.shiga-jinjacho.jp/ycBBS/Board.cgi/02_jinja_db/db/ycDB_02jinja-pc-detail.html?mode:view=1&view:oid=978
Shiga,愛宕神社,アタゴ,滋賀県米原市市場345,https://www.shiga-jinjacho.jp/ycBBS/Board.cgi/02_jinja_db/db/ycDB_02jinja-pc-detail.html?mode:view=1&view:oid=979
Shiga,春日神社,カスガ,滋賀県米原市夫馬1093,https://www.shiga-jinjacho.jp/ycBBS/Board.cgi/02_jinja_db/db/ycDB_02jinja-pc-detail.html?mode:view=1&view:oid=980
Shiga,八幡神社,ハチマン,滋賀県米原市朝日1472,https://www.shiga-jinjacho.jp/ycBBS/Board.cgi/02_jinja_db/db/ycDB_02jinja-pc-detail.html?mode:view=1&view:oid=981
Shiga,神明神社,シンメイ,滋賀県坂田郡山東町鳥脇260,https://www.shiga-jinjacho.jp/ycBBS/Board.cgi/02_jinja_db/db/ycDB_02jinja-pc-detail.html?mode:view=1&view:oid=982
Shiga,八幡神社,ハチマン,滋賀県米原市村居田146,https://www.shiga-jinjacho.jp/ycBBS/Board.cgi/02_jinja_db/db/ycDB_02jinja-pc-detail.html?mode:view=1&view:oid=983
Shiga,若宮八幡神社,ワカミヤハチマン,滋賀県米原市井之口56,https://www.shiga-jinjacho.jp/ycBBS/Board.cgi/02_jinja_db/db/ycDB_02jinja-pc-detail.html?mode:view=1&view:oid=984
Shiga,八幡神社,ハチマン,滋賀県米原市野一色256,https://www.shiga-jinjacho.jp/ycBBS/Board.cgi/02_jinja_db/db/ycDB_02jinja-pc-detail.html?mode:view=1&view:oid=985
Shiga,八幡神社,ハチマン,滋賀県米原市小田664,https://www.shiga-jinjacho.jp/ycBBS/Board.cgi/02_jinja_db/db/ycDB_02jinja-pc-detail.html?mode:view=1&view:oid=986
Shiga,岡神社,オカ,滋賀県米原市間田96,https://www.shiga-jinjacho.jp/ycBBS/Board.cgi/02_jinja_db/db/ycDB_02jinja-pc-detail.html?mode:view=1&view:oid=987
Shiga,天満神社,テンマ,滋賀県米原市天満172,https://www.shiga-jinjacho.jp/ycBBS/Board.cgi/02_jinja_db/db/ycDB_02jinja-pc-detail.html?mode:view=1&view:oid=988
Shiga,五十鈴神社,イスズ,滋賀県米原市本市場78,https://www.shiga-jinjacho.jp/ycBBS/Board.cgi/02_jinja_db/db/ycDB_02jinja-pc-detail.html?mode:view=1&view:oid=989
Shiga,三嶋神社,ミシマ,滋賀県米原市池下820,https://www.shiga-jinjacho.jp/ycBBS/Board.cgi/02_jinja_db/db/ycDB_02jinja-pc-detail.html?mode:view=1&view:oid=990
Shiga,都久夫須麻神社,ツクブスマ,滋賀県米原市池下844,https://www.shiga-jinjacho.jp/ycBBS/Board.cgi/02_jinja_db/db/ycDB_02jinja-pc-detail.html?mode:view=1&view:oid=991
Shiga,天満神社,テンマン,滋賀県米原市甲津原377,https://www.shiga-jinjacho.jp/ycBBS/Board.cgi/02_jinja_db/db/ycDB_02jinja-pc-detail.html?mode:view=1&view:oid=992
Shiga,白山神社,ハクサン,滋賀県米原市曲谷206,https://www.shiga-jinjacho.jp/ycBBS/Board.cgi/02_jinja_db/db/ycDB_02jinja-pc-detail.html?mode:view=1&view:oid=993
Shiga,白山神社,ハクサン,滋賀県米原市甲賀630,https://www.shiga-jinjacho.jp/ycBBS/Board.cgi/02_jinja_db/db/ycDB_02jinja-pc-detail.html?mode:view=1&view:oid=994
Shiga,吉野神社,ヨシノ,滋賀県米原市吉槻1414,https://www.shiga-jinjacho.jp/ycBBS/Board.cgi/02_jinja_db/db/ycDB_02jinja-pc-detail.html?mode:view=1&view:oid=995
Shiga,春日神社,カスガ,滋賀県米原市上板並10,https://www.shiga-jinjacho.jp/ycBBS/Board.cgi/02_jinja_db/db/ycDB_02jinja-pc-detail.html?mode:view=1&view:oid=996
Shiga,八坂神社,ヤサカ,滋賀県米原市下板並681,https://www.shiga-jinjacho.jp/ycBBS/Board.cgi/02_jinja_db/db/ycDB_02jinja-pc-detail.html?mode:view=1&view:oid=997
Shiga,若宮八幡神社,ワカミヤハチマン,滋賀県米原市大久保397,https://www.shiga-jinjacho.jp/ycBBS/Board.cgi/02_jinja_db/db/ycDB_02jinja-pc-detail.html?mode:view=1&view:oid=998
Shiga,谷王神社,ヤオ,滋賀県米原市小泉406,https://www.shiga-jinjacho.jp/ycBBS/Board.cgi/02_jinja_db/db/ycDB_02jinja-pc-detail.html?mode:view=1&view:oid=999
Shiga,伊夫岐神社,イフキ,滋賀県米原市伊吹603,https://www.shiga-jinjacho.jp/ycBBS/Board.cgi/02_jinja_db/db/ycDB_02jinja-pc-detail.html?mode:view=1&view:oid=1000
Shiga,三之宮神社,サンノミヤ,滋賀県米原市上野1101,https://www.shiga-jinjacho.jp/ycBBS/Board.cgi/02_jinja_db/db/ycDB_02jinja-pc-detail.html?mode:view=1&view:oid=1001
Shiga,八幡神社,ハチマン,滋賀県米原市春照1421,https://www.shiga-jinjacho.jp/ycBBS/Board.cgi/02_jinja_db/db/ycDB_02jinja-pc-detail.html?mode:view=1&view:oid=1002
Shiga,平野神社,ヒラノ,滋賀県米原市弥高552,https://www.shiga-jinjacho.jp/ycBBS/Board.cgi/02_jinja_db/db/ycDB_02jinja-pc-detail.html?mode:view=1&view:oid=1003
Shiga,千福神社,センプク,滋賀県米原市高番124,https://www.shiga-jinjacho.jp/ycBBS/Board.cgi/02_jinja_db/db/ycDB_02jinja-pc-detail.html?mode:view=1&view:oid=1004
Shiga,勝居神社,カツイ,滋賀県米原市杉沢428,https://www.shiga-jinjacho.jp/ycBBS/Board.cgi/02_jinja_db/db/ycDB_02jinja-pc-detail.html?mode:view=1&view:oid=1005
Shiga,琴岡神社,コトオカ,滋賀県米原市村木1090,https://www.shiga-jinjacho.jp/ycBBS/Board.cgi/02_jinja_db/db/ycDB_02jinja-pc-detail.html?mode:view=1&view:oid=1006
Shiga,八坂神社,ヤサカ,滋賀県米原市藤川402,https://www.shiga-jinjacho.jp/ycBBS/Board.cgi/02_jinja_db/db/ycDB_02jinja-pc-detail.html?mode:view=1&view:oid=1007
Shiga,白山神社,ハクサン,滋賀県米原市藤川1384,https://www.shiga-jinjacho.jp/ycBBS/Board.cgi/02_jinja_db/db/ycDB_02jinja-pc-detail.html?mode:view=1&view:oid=1008
Shiga,泉神社,イズミ,滋賀県米原市大清水1166,https://www.shiga-jinjacho.jp/ycBBS/Board.cgi/02_jinja_db/db/ycDB_02jinja-pc-detail.html?mode:view=1&view:oid=1009
Shiga,伊吹神社,イブキ,滋賀県米原市上平寺286,https://www.shiga-jinjacho.jp/ycBBS/Board.cgi/02_jinja_db/db/ycDB_02jinja-pc-detail.html?mode:view=1&view:oid=1010
Shiga,六所神社,ロクシヨ,滋賀県米原市梅ケ原111,https://www.shiga-jinjacho.jp/ycBBS/Board.cgi/02_jinja_db/db/ycDB_02jinja-pc-detail.html?mode:view=1&view:oid=1011
Shiga,湯谷神社,ユタニ,滋賀県米原市米原771,https://www.shiga-jinjacho.jp/ycBBS/Board.cgi/02_jinja_db/db/ycDB_02jinja-pc-detail.html?mode:view=1&view:oid=1012
Shiga,下多良神社,シモタラ,滋賀県米原市下多良131-5,https://www.shiga-jinjacho.jp/ycBBS/Board.cgi/02_jinja_db/db/ycDB_02jinja-pc-detail.html?mode:view=1&view:oid=1013
Shiga,中多良神社,ナカタラ,滋賀県米原市中多良375,https://www.shiga-jinjacho.jp/ycBBS/Board.cgi/02_jinja_db/db/ycDB_02jinja-pc-detail.html?mode:view=1&view:oid=1014
Shiga,上多良神社,カミタラ,滋賀県米原市上多良241,https://www.shiga-jinjacho.jp/ycBBS/Board.cgi/02_jinja_db/db/ycDB_02jinja-pc-detail.html?mode:view=1&view:oid=1015
Shiga,朝妻神社,アサヅマ,滋賀県米原市朝妻筑摩1293,https://www.shiga-jinjacho.jp/ycBBS/Board.cgi/02_jinja_db/db/ycDB_02jinja-pc-detail.html?mode:view=1&view:oid=1016
Shiga,中島神社,ナカジマ,滋賀県米原市朝妻筑摩1466,https://www.shiga-jinjacho.jp/ycBBS/Board.cgi/02_jinja_db/db/ycDB_02jinja-pc-detail.html?mode:view=1&view:oid=1017
Shiga,筑摩神社,チクマ,滋賀県米原市朝妻筑摩1987,https://www.shiga-jinjacho.jp/ycBBS/Board.cgi/02_jinja_db/db/ycDB_02jinja-pc-detail.html?mode:view=1&view:oid=1018
Shiga,礒崎神社,イソザキ,滋賀県米原市磯2484,https://www.shiga-jinjacho.jp/ycBBS/Board.cgi/02_jinja_db/db/ycDB_02jinja-pc-detail.html?mode:view=1&view:oid=1019
Shiga,入江神社,イリエ,滋賀県米原市入江1502-4,https://www.shiga-jinjacho.jp/ycBBS/Board.cgi/02_jinja_db/db/ycDB_02jinja-pc-detail.html?mode:view=1&view:oid=1020
Shiga,西羅神社,ニシラ,滋賀県米原市樋口211,https://www.shiga-jinjacho.jp/ycBBS/Board.cgi/02_jinja_db/db/ycDB_02jinja-pc-detail.html?mode:view=1&view:oid=1021
Shiga,八坂神社,ヤサカ,滋賀県米原市三吉180,https://www.shiga-jinjacho.jp/ycBBS/Board.cgi/02_jinja_db/db/ycDB_02jinja-pc-detail.html?mode:view=1&view:oid=1022
Shiga,八幡神社,ハチマン,滋賀県米原市三吉672,https://www.shiga-jinjacho.jp/ycBBS/Board.cgi/02_jinja_db/db/ycDB_02jinja-pc-detail.html?mode:view=1&view:oid=1023
Shiga,日吉神社,ヒヨシ,滋賀県米原市三吉944,https://www.shiga-jinjacho.jp/ycBBS/Board.cgi/02_jinja_db/db/ycDB_02jinja-pc-detail.html?mode:view=1&view:oid=1024
Shiga,八幡神社,ハチマン,滋賀県米原市三吉1150-1,https://www.shiga-jinjacho.jp/ycBBS/Board.cgi/02_jinja_db/db/ycDB_02jinja-pc-detail.html?mode:view=1&view:oid=1025
Shiga,稲荷神社,イナリ,滋賀県米原市西坂117,https://www.shiga-jinjacho.jp/ycBBS/Board.cgi/02_jinja_db/db/ycDB_02jinja-pc-detail.html?mode:view=1&view:oid=1026
Shiga,直孝神社,ナオタカ,滋賀県米原市番場2112,https://www.shiga-jinjacho.jp/ycBBS/Board.cgi/02_jinja_db/db/ycDB_02jinja-pc-detail.html?mode:view=1&view:oid=1027
Shiga,北野神社,キタノ,滋賀県米原市番場2146,https://www.shiga-jinjacho.jp/ycBBS/Board.cgi/02_jinja_db/db/ycDB_02jinja-pc-detail.html?mode:view=1&view:oid=1028
Shiga,八幡神社,ハチマン,滋賀県米原市一色137,https://www.shiga-jinjacho.jp/ycBBS/Board.cgi/02_jinja_db/db/ycDB_02jinja-pc-detail.html?mode:view=1&view:oid=1029
Shiga,加茂神社,カモ,滋賀県米原市米原町醒井58,https://www.shiga-jinjacho.jp/ycBBS/Board.cgi/02_jinja_db/db/ycDB_02jinja-pc-detail.html?mode:view=1&view:oid=1030
Shiga,八幡神社,ハチマン,滋賀県米原市枝折566,https://www.shiga-jinjacho.jp/ycBBS/Board.cgi/02_jinja_db/db/ycDB_02jinja-pc-detail.html?mode:view=1&view:oid=1031
Shiga,平林神社,ヒラバヤシ,滋賀県米原市下丹生444,https://www.shiga-jinjacho.jp/ycBBS/Board.cgi/02_jinja_db/db/ycDB_02jinja-pc-detail.html?mode:view=1&view:oid=1032
Shiga,神明神社,シンメイ,滋賀県米原市上丹生1322,https://www.shiga-jinjacho.jp/ycBBS/Board.cgi/02_jinja_db/db/ycDB_02jinja-pc-detail.html?mode:view=1&view:oid=1033
Shiga,八坂神社,ヤサカ,滋賀県米原市米原町榑ヶ畑233,https://www.shiga-jinjacho.jp/ycBBS/Board.cgi/02_jinja_db/db/ycDB_02jinja-pc-detail.html?mode:view=1&view:oid=1034
Shiga,八坂神社,ヤサカ,滋賀県米原市河南277,https://www.shiga-jinjacho.jp/ycBBS/Board.cgi/02_jinja_db/db/ycDB_02jinja-pc-detail.html?mode:view=1&view:oid=1035
Shiga,蛭子神社,ヒルコ,滋賀県米原市世継842,https://www.shiga-jinjacho.jp/ycBBS/Board.cgi/02_jinja_db/db/ycDB_02jinja-pc-detail.html?mode:view=1&view:oid=1036
Shiga,春日神社,カスガ,滋賀県米原市世継1066,https://www.shiga-jinjacho.jp/ycBBS/Board.cgi/02_jinja_db/db/ycDB_02jinja-pc-detail.html?mode:view=1&view:oid=1037
Shiga,坂田神明宮,サカタシンメイグウ,滋賀県米原市宇賀野835-2,https://www.shiga-jinjacho.jp/ycBBS/Board.cgi/02_jinja_db/db/ycDB_02jinja-pc-detail.html?mode:view=1&view:oid=1038
Shiga,八幡神社,ハチマン,滋賀県米原市飯467,https://www.shiga-jinjacho.jp/ycBBS/Board.cgi/02_jinja_db/db/ycDB_02jinja-pc-detail.html?mode:view=1&view:oid=1039
Shiga,春日神社,カスガ,滋賀県米原市飯602,https://www.shiga-jinjacho.jp/ycBBS/Board.cgi/02_jinja_db/db/ycDB_02jinja-pc-detail.html?mode:view=1&view:oid=1040
Shiga,熊野神社,クマノ,滋賀県米原市長沢1051,https://www.shiga-jinjacho.jp/ycBBS/Board.cgi/02_jinja_db/db/ycDB_02jinja-pc-detail.html?mode:view=1&view:oid=1041
Shiga,位山神社,イヤマ,滋賀県米原市舟崎244,https://www.shiga-jinjacho.jp/ycBBS/Board.cgi/02_jinja_db/db/ycDB_02jinja-pc-detail.html?mode:view=1&view:oid=1042
Shiga,湯坪神社,ユツボ,滋賀県米原市高溝75,https://www.shiga-jinjacho.jp/ycBBS/Board.cgi/02_jinja_db/db/ycDB_02jinja-pc-detail.html?mode:view=1&view:oid=1043
Shiga,日撫神社,ヒナデ,滋賀県米原市顔戸77,https://www.shiga-jinjacho.jp/ycBBS/Board.cgi/02_jinja_db/db/ycDB_02jinja-pc-detail.html?mode:view=1&view:oid=1044
Shiga,稲荷神社,イナリ,滋賀県米原市岩脇41,https://www.shiga-jinjacho.jp/ycBBS/Board.cgi/02_jinja_db/db/ycDB_02jinja-pc-detail.html?mode:view=1&view:oid=1045
Shiga,八幡神社,ハチマン,滋賀県米原市西円寺586,https://www.shiga-jinjacho.jp/ycBBS/Board.cgi/02_jinja_db/db/ycDB_02jinja-pc-detail.html?mode:view=1&view:oid=1046
Shiga,槻倉神社,キソウ,滋賀県米原市寺倉334,https://www.shiga-jinjacho.jp/ycBBS/Board.cgi/02_jinja_db/db/ycDB_02jinja-pc-detail.html?mode:view=1&view:oid=1047
Shiga,北野神社,キタノ,滋賀県米原市日光寺259,https://www.shiga-jinjacho.jp/ycBBS/Board.cgi/02_jinja_db/db/ycDB_02jinja-pc-detail.html?mode:view=1&view:oid=1048
Shiga,巌神社,イワオ,滋賀県米原市新庄353,https://www.shiga-jinjacho.jp/ycBBS/Board.cgi/02_jinja_db/db/ycDB_02jinja-pc-detail.html?mode:view=1&view:oid=1049
Shiga,山津照神社,ヤマツテル,滋賀県米原市能登瀬390,https://www.shiga-jinjacho.jp/ycBBS/Board.cgi/02_jinja_db/db/ycDB_02jinja-pc-detail.html?mode:view=1&view:oid=1050
Shiga,大寳神社,タイホウ,滋賀県米原市多和田1557,https://www.shiga-jinjacho.jp/ycBBS/Board.cgi/02_jinja_db/db/ycDB_02jinja-pc-detail.html?mode:view=1&view:oid=1051
Shiga,八幡神社,ハチマン,滋賀県米原市箕浦139,https://www.shiga-jinjacho.jp/ycBBS/Board.cgi/02_jinja_db/db/ycDB_02jinja-pc-detail.html?mode:view=1&view:oid=1052
Shiga,八幡神社,ハチマン,滋賀県長浜市内保町1266,https://www.shiga-jinjacho.jp/ycBBS/Board.cgi/02_jinja_db/db/ycDB_02jinja-pc-detail.html?mode:view=1&view:oid=1053
Shiga,湯次神社,ユツギ,滋賀県長浜市大路町785,https://www.shiga-jinjacho.jp/ycBBS/Board.cgi/02_jinja_db/db/ycDB_02jinja-pc-detail.html?mode:view=1&view:oid=1054
Shiga,天満神社,テンマン,滋賀県長浜市三田町1136,https://www.shiga-jinjacho.jp/ycBBS/Board.cgi/02_jinja_db/db/ycDB_02jinja-pc-detail.html?mode:view=1&view:oid=1055
Shiga,八幡神社,ハチマン,滋賀県長浜市大依町248,https://www.shiga-jinjacho.jp/ycBBS/Board.cgi/02_jinja_db/db/ycDB_02jinja-pc-detail.html?mode:view=1&view:oid=1056
Shiga,八幡神社,ハチマン,滋賀県長浜市八島町519,https://www.shiga-jinjacho.jp/ycBBS/Board.cgi/02_jinja_db/db/ycDB_02jinja-pc-detail.html?mode:view=1&view:oid=1057
Shiga,天神社,テン,滋賀県長浜市平塚町104,https://www.shiga-jinjacho.jp/ycBBS/Board.cgi/02_jinja_db/db/ycDB_02jinja-pc-detail.html?mode:view=1&view:oid=1058
Shiga,平野神社,ヒラノ,滋賀県長浜市尊勝寺町668,https://www.shiga-jinjacho.jp/ycBBS/Board.cgi/02_jinja_db/db/ycDB_02jinja-pc-detail.html?mode:view=1&view:oid=1059
Shiga,天神社,テン,滋賀県長浜市山ノ前町269,https://www.shiga-jinjacho.jp/ycBBS/Board.cgi/02_jinja_db/db/ycDB_02jinja-pc-detail.html?mode:view=1&view:oid=1060
Shiga,八幡神社,ハチマン,滋賀県長浜市西野町349,https://www.shiga-jinjacho.jp/ycBBS/Board.cgi/02_jinja_db/db/ycDB_02jinja-pc-detail.html?mode:view=1&view:oid=1061
Shiga,日吉神社,ヒヨシ,滋賀県長浜市尊野町140,https://www.shiga-jinjacho.jp/ycBBS/Board.cgi/02_jinja_db/db/ycDB_02jinja-pc-detail.html?mode:view=1&view:oid=1062
Shiga,湯次神社,ユスキ,滋賀県長浜市湯次町16,https://www.shiga-jinjacho.jp/ycBBS/Board.cgi/02_jinja_db/db/ycDB_02jinja-pc-detail.html?mode:view=1&view:oid=1063
Shiga,若宮八幡神社,ワカミヤハチマン,滋賀県長浜市高畑町23,https://www.shiga-jinjacho.jp/ycBBS/Board.cgi/02_jinja_db/db/ycDB_02jinja-pc-detail.html?mode:view=1&view:oid=1064
Shiga,波久奴神社,ハクヌ,滋賀県長浜市高畑町296,https://www.shiga-jinjacho.jp/ycBBS/Board.cgi/02_jinja_db/db/ycDB_02jinja-pc-detail.html?mode:view=1&view:oid=1065
Shiga,観地神社,カンチ,滋賀県長浜市力丸町84,https://www.shiga-jinjacho.jp/ycBBS/Board.cgi/02_jinja_db/db/ycDB_02jinja-pc-detail.html?mode:view=1&view:oid=1066
Shiga,野田神社,ノダ,滋賀県長浜市野田町325,https://www.shiga-jinjacho.jp/ycBBS/Board.cgi/02_jinja_db/db/ycDB_02jinja-pc-detail.html?mode:view=1&view:oid=1067
Shiga,若一神社,ニャクイチ,滋賀県長浜市木尾町521,https://www.shiga-jinjacho.jp/ycBBS/Board.cgi/02_jinja_db/db/ycDB_02jinja-pc-detail.html?mode:view=1&view:oid=1068
Shiga,素盞烏命神社,スサノオノミコト,滋賀県長浜市上野町190,https://www.shiga-jinjacho.jp/ycBBS/Board.cgi/02_jinja_db/db/ycDB_02jinja-pc-detail.html?mode:view=1&view:oid=1069
Shiga,日吉神社,ヒヨシ,滋賀県長浜市小室町675,https://www.shiga-jinjacho.jp/ycBBS/Board.cgi/02_jinja_db/db/ycDB_02jinja-pc-detail.html?mode:view=1&view:oid=1070
Shiga,大己貴神社,オオナムチ,滋賀県長浜市黒部町174,https://www.shiga-jinjacho.jp/ycBBS/Board.cgi/02_jinja_db/db/ycDB_02jinja-pc-detail.html?mode:view=1&view:oid=1071
Shiga,八幡神社,ハチマン,滋賀県長浜市竜安寺町276,https://www.shiga-jinjacho.jp/ycBBS/Board.cgi/02_jinja_db/db/ycDB_02jinja-pc-detail.html?mode:view=1&view:oid=1072
Shiga,三輪神社,ミワ,滋賀県長浜市谷口町360,https://www.shiga-jinjacho.jp/ycBBS/Board.cgi/02_jinja_db/db/ycDB_02jinja-pc-detail.html?mode:view=1&view:oid=1073
Shiga,北野神社,キタノ,滋賀県長浜市北野町108,https://www.shiga-jinjacho.jp/ycBBS/Board.cgi/02_jinja_db/db/ycDB_02jinja-pc-detail.html?mode:view=1&view:oid=1074
Shiga,住吉神社,スミヨシ,滋賀県長浜市池奥町217,https://www.shiga-jinjacho.jp/ycBBS/Board.cgi/02_jinja_db/db/ycDB_02jinja-pc-detail.html?mode:view=1&view:oid=1075
Shiga,神明神社,シンメイ,滋賀県長浜市須賀谷町37,https://www.shiga-jinjacho.jp/ycBBS/Board.cgi/02_jinja_db/db/ycDB_02jinja-pc-detail.html?mode:view=1&view:oid=1076
Shiga,岡高神社,オカダカ,滋賀県長浜市北ノ郷町292,https://www.shiga-jinjacho.jp/ycBBS/Board.cgi/02_jinja_db/db/ycDB_02jinja-pc-detail.html?mode:view=1&view:oid=1077
Shiga,愛宕神社,アタゴ,滋賀県長浜市東野町13,https://www.shiga-jinjacho.jp/ycBBS/Board.cgi/02_jinja_db/db/ycDB_02jinja-pc-detail.html?mode:view=1&view:oid=1078
Shiga,神明神社,シンメイ,滋賀県長浜市小野寺町231,https://www.shiga-jinjacho.jp/ycBBS/Board.cgi/02_jinja_db/db/ycDB_02jinja-pc-detail.html?mode:view=1&view:oid=1079
Shiga,日吉神社,ヒヨシ,滋賀県長浜市瓜生町603,https://www.shiga-jinjacho.jp/ycBBS/Board.cgi/02_jinja_db/db/ycDB_02jinja-pc-detail.html?mode:view=1&view:oid=1080
Shiga,日吉神社,ヒヨシ,滋賀県長浜市醍醐町260,https://www.shiga-jinjacho.jp/ycBBS/Board.cgi/02_jinja_db/db/ycDB_02jinja-pc-detail.html?mode:view=1&view:oid=1081
Shiga,徳山神社,トクヤマ,滋賀県長浜市徳山町289,https://www.shiga-jinjacho.jp/ycBBS/Board.cgi/02_jinja_db/db/ycDB_02jinja-pc-detail.html?mode:view=1&view:oid=1082
Shiga,五社神社,ゴシャ,滋賀県長浜市飯山町120-1,https://www.shiga-jinjacho.jp/ycBBS/Board.cgi/02_jinja_db/db/ycDB_02jinja-pc-detail.html?mode:view=1&view:oid=1083
Shiga,貴船神社,キブネ,滋賀県長浜市飯山町107,https://www.shiga-jinjacho.jp/ycBBS/Board.cgi/02_jinja_db/db/ycDB_02jinja-pc-detail.html?mode:view=1&view:oid=1084
Shiga,八幡神社,ハチマン,滋賀県長浜市当目町538-2,https://www.shiga-jinjacho.jp/ycBBS/Board.cgi/02_jinja_db/db/ycDB_02jinja-pc-detail.html?mode:view=1&view:oid=1085
Shiga,日高神社,ヒダカ,滋賀県長浜市当目町551,https://www.shiga-jinjacho.jp/ycBBS/Board.cgi/02_jinja_db/db/ycDB_02jinja-pc-detail.html?mode:view=1&view:oid=1086
Shiga,若宮神社,ワカミヤ,滋賀県長浜市大門町15,https://www.shiga-jinjacho.jp/ycBBS/Board.cgi/02_jinja_db/db/ycDB_02jinja-pc-detail.html?mode:view=1&view:oid=1087
Shiga,貴船神社,キブネ,滋賀県長浜市大門町107,https://www.shiga-jinjacho.jp/ycBBS/Board.cgi/02_jinja_db/db/ycDB_02jinja-pc-detail.html?mode:view=1&view:oid=1088
Shiga,大国主神社,オオクニヌシ,滋賀県長浜市乗倉町258,https://www.shiga-jinjacho.jp/ycBBS/Board.cgi/02_jinja_db/db/ycDB_02jinja-pc-detail.html?mode:view=1&view:oid=1089
Shiga,春日神社,カスガ,滋賀県長浜市西主計町330,https://www.shiga-jinjacho.jp/ycBBS/Board.cgi/02_jinja_db/db/ycDB_02jinja-pc-detail.html?mode:view=1&view:oid=1090
Shiga,秋葉神社,アキバ,滋賀県長浜市西主計町973,https://www.shiga-jinjacho.jp/ycBBS/Board.cgi/02_jinja_db/db/ycDB_02jinja-pc-detail.html?mode:view=1&view:oid=1091
Shiga,八幡神社,ハチマン,滋賀県長浜市東主計町190,https://www.shiga-jinjacho.jp/ycBBS/Board.cgi/02_jinja_db/db/ycDB_02jinja-pc-detail.html?mode:view=1&view:oid=1092
Shiga,八坂神社,ヤサカ,滋賀県長浜市南郷町249,https://www.shiga-jinjacho.jp/ycBBS/Board.cgi/02_jinja_db/db/ycDB_02jinja-pc-detail.html?mode:view=1&view:oid=1093
Shiga,春日神社,カスガ,滋賀県長浜市相撲庭町661,https://www.shiga-jinjacho.jp/ycBBS/Board.cgi/02_jinja_db/db/ycDB_02jinja-pc-detail.html?mode:view=1&view:oid=1094
Shiga,天津神社,アマツ,滋賀県長浜市今荘町900-1,https://www.shiga-jinjacho.jp/ycBBS/Board.cgi/02_jinja_db/db/ycDB_02jinja-pc-detail.html?mode:view=1&view:oid=1095
Shiga,轟神社,トドロキ,滋賀県長浜市佐野町180,https://www.shiga-jinjacho.jp/ycBBS/Board.cgi/02_jinja_db/db/ycDB_02jinja-pc-detail.html?mode:view=1&view:oid=1096
Shiga,八幡神社,ハチマン,滋賀県長浜市南池町57,https://www.shiga-jinjacho.jp/ycBBS/Board.cgi/02_jinja_db/db/ycDB_02jinja-pc-detail.html?mode:view=1&view:oid=1097
Shiga,池元神社,イケモト,滋賀県長浜市北池町142,https://www.shiga-jinjacho.jp/ycBBS/Board.cgi/02_jinja_db/db/ycDB_02jinja-pc-detail.html?mode:view=1&view:oid=1098
Shiga,八幡神社,ハチマン,滋賀県長浜市法楽寺町252,https://www.shiga-jinjacho.jp/ycBBS/Board.cgi/02_jinja_db/db/ycDB_02jinja-pc-detail.html?mode:view=1&view:oid=1099
Shiga,北野神社,キタノ,滋賀県長浜市野村町421,https://www.shiga-jinjacho.jp/ycBBS/Board.cgi/02_jinja_db/db/ycDB_02jinja-pc-detail.html?mode:view=1&view:oid=1100
Shiga,日吉神社,ヒヨシ,滋賀県長浜市野瀬町416,https://www.shiga-jinjacho.jp/ycBBS/Board.cgi/02_jinja_db/db/ycDB_02jinja-pc-detail.html?mode:view=1&view:oid=1101
Shiga,皇大神宮神社,コウタイジングウ,滋賀県長浜市野瀬町982,https://www.shiga-jinjacho.jp/ycBBS/Board.cgi/02_jinja_db/db/ycDB_02jinja-pc-detail.html?mode:view=1&view:oid=1102
Shiga,八幡神社,ハチマン,滋賀県長浜市草野町52,https://www.shiga-jinjacho.jp/ycBBS/Board.cgi/02_jinja_db/db/ycDB_02jinja-pc-detail.html?mode:view=1&view:oid=1103
Shiga,上許曾神社,カミコソ,滋賀県長浜市高山町2,https://www.shiga-jinjacho.jp/ycBBS/Board.cgi/02_jinja_db/db/ycDB_02jinja-pc-detail.html?mode:view=1&view:oid=1104
Shiga,白龍神社,ハクリュウ,滋賀県長浜市高山町143,https://www.shiga-jinjacho.jp/ycBBS/Board.cgi/02_jinja_db/db/ycDB_02jinja-pc-detail.html?mode:view=1&view:oid=1105
Shiga,高山神社,タカヤマ,滋賀県長浜市高山町248,https://www.shiga-jinjacho.jp/ycBBS/Board.cgi/02_jinja_db/db/ycDB_02jinja-pc-detail.html?mode:view=1&view:oid=1106
Shiga,三嶋神社,ミシマ,滋賀県長浜市寺師町95,https://www.shiga-jinjacho.jp/ycBBS/Board.cgi/02_jinja_db/db/ycDB_02jinja-pc-detail.html?mode:view=1&view:oid=1107
Shiga,天満宮神社,テンマングウ,滋賀県長浜市???82,https://www.shiga-jinjacho.jp/ycBBS/Board.cgi/02_jinja_db/db/ycDB_02jinja-pc-detail.html?mode:view=1&view:oid=1108
Shiga,中山神社,ナカヤマ,滋賀県長浜市太田町138-1,https://www.shiga-jinjacho.jp/ycBBS/Board.cgi/02_jinja_db/db/ycDB_02jinja-pc-detail.html?mode:view=1&view:oid=1109
Shiga,栢堂神社,カヤドウ,滋賀県長浜市郷野町30,https://www.shiga-jinjacho.jp/ycBBS/Board.cgi/02_jinja_db/db/ycDB_02jinja-pc-detail.html?mode:view=1&view:oid=1110
Shiga,天満神社,テンマン,滋賀県長浜市郷野町343,https://www.shiga-jinjacho.jp/ycBBS/Board.cgi/02_jinja_db/db/ycDB_02jinja-pc-detail.html?mode:view=1&view:oid=1111
Shiga,大寶天皇神社,タイホウテンノウジンジャ,滋賀県長浜市鍛冶屋町411,https://www.shiga-jinjacho.jp/ycBBS/Board.cgi/02_jinja_db/db/ycDB_02jinja-pc-detail.html?mode:view=1&view:oid=1112
Shiga,蛭子神社,ヒルコ,滋賀県長浜市鍛冶屋町463,https://www.shiga-jinjacho.jp/ycBBS/Board.cgi/02_jinja_db/db/ycDB_02jinja-pc-detail.html?mode:view=1&view:oid=1113
Shiga,草野神社,クサノ,滋賀県長浜市鍛冶屋町871-2,https://www.shiga-jinjacho.jp/ycBBS/Board.cgi/02_jinja_db/db/ycDB_02jinja-pc-detail.html?mode:view=1&view:oid=1114
Shiga,春日神社,カスガ,滋賀県長浜市岡谷町10,https://www.shiga-jinjacho.jp/ycBBS/Board.cgi/02_jinja_db/db/ycDB_02jinja-pc-detail.html?mode:view=1&view:oid=1115
Shiga,日前神社,ヒサキ,滋賀県長浜市五村328,https://www.shiga-jinjacho.jp/ycBBS/Board.cgi/02_jinja_db/db/ycDB_02jinja-pc-detail.html?mode:view=1&view:oid=1116
Shiga,大日孁貴神社,オオヒルメムチ,滋賀県長浜市大井町960,https://www.shiga-jinjacho.jp/ycBBS/Board.cgi/02_jinja_db/db/ycDB_02jinja-pc-detail.html?mode:view=1&view:oid=1117
Shiga,大井神社,オオイ,滋賀県長浜市大井町1187,https://www.shiga-jinjacho.jp/ycBBS/Board.cgi/02_jinja_db/db/ycDB_02jinja-pc-detail.html?mode:view=1&view:oid=1118
Shiga,宮部神社,ミヤベ,滋賀県長浜市宮部町852,https://www.shiga-jinjacho.jp/ycBBS/Board.cgi/02_jinja_db/db/ycDB_02jinja-pc-detail.html?mode:view=1&view:oid=1119
Shiga,八幡神社,ハチマン,滋賀県長浜市三川町1084,https://www.shiga-jinjacho.jp/ycBBS/Board.cgi/02_jinja_db/db/ycDB_02jinja-pc-detail.html?mode:view=1&view:oid=1120
Shiga,矢合神社,ヤワイ,滋賀県長浜市中野町1427,https://www.shiga-jinjacho.jp/ycBBS/Board.cgi/02_jinja_db/db/ycDB_02jinja-pc-detail.html?mode:view=1&view:oid=1121
Shiga,榎神社,エノキ,滋賀県長浜市大寺町604,https://www.shiga-jinjacho.jp/ycBBS/Board.cgi/02_jinja_db/db/ycDB_02jinja-pc-detail.html?mode:view=1&view:oid=1122
Shiga,大木本神社,オオキモト,滋賀県長浜市大寺町991,https://www.shiga-jinjacho.jp/ycBBS/Board.cgi/02_jinja_db/db/ycDB_02jinja-pc-detail.html?mode:view=1&view:oid=1123
Shiga,月ヶ瀬神社,ツキガセ,滋賀県長浜市月ヶ瀬町177,https://www.shiga-jinjacho.jp/ycBBS/Board.cgi/02_jinja_db/db/ycDB_02jinja-pc-detail.html?mode:view=1&view:oid=1124
Shiga,水引神社,ミズヒキ,滋賀県長浜市唐国町388,https://www.shiga-jinjacho.jp/ycBBS/Board.cgi/02_jinja_db/db/ycDB_02jinja-pc-detail.html?mode:view=1&view:oid=1125
Shiga,稲荷神社,イナリ,滋賀県長浜市唐国町836,https://www.shiga-jinjacho.jp/ycBBS/Board.cgi/02_jinja_db/db/ycDB_02jinja-pc-detail.html?mode:view=1&view:oid=1126
Shiga,大将軍神社,タイショウグン,滋賀県長浜市田町176,https://www.shiga-jinjacho.jp/ycBBS/Board.cgi/02_jinja_db/db/ycDB_02jinja-pc-detail.html?mode:view=1&view:oid=1127
Shiga,大羽神社,オオハ,滋賀県長浜市酢110,https://www.shiga-jinjacho.jp/ycBBS/Board.cgi/02_jinja_db/db/ycDB_02jinja-pc-detail.html?mode:view=1&view:oid=1128
Shiga,尾崎神社,オザキ,滋賀県長浜市小谷郡上町511,https://www.shiga-jinjacho.jp/ycBBS/Board.cgi/02_jinja_db/db/ycDB_02jinja-pc-detail.html?mode:view=1&view:oid=1129
Shiga,美濃山神社,ミノヤマ,滋賀県長浜市小谷美濃山町11,https://www.shiga-jinjacho.jp/ycBBS/Board.cgi/02_jinja_db/db/ycDB_02jinja-pc-detail.html?mode:view=1&view:oid=1130
Gifu,日吉神社,ひよしじんじゃ,岐阜県安八郡神戸町神戸字上ﾉ宮1番地の1,https://www.gifu-jinjacho.jp/syosai.php?shrno=94
Gifu,宇波刀神社,うわとじんじゃ,岐阜県安八郡神戸町神戸字八幡965番地,https://www.gifu-jinjacho.jp/syosai.php?shrno=95
Gifu,白鳥神社,しらとりじんじゃ,岐阜県安八郡神戸町北一色字北島781番地の1,https://www.gifu-jinjacho.jp/syosai.php?shrno=96
Gifu,天満神社,てんまんじんじゃ,岐阜県安八郡神戸町北一色字峯ﾉ井305番地,https://www.gifu-jinjacho.jp/syosai.php?shrno=97
Gifu,八幡神社,はちまんじんじゃ,岐阜県安八郡神戸町川西字町526番地,https://www.gifu-jinjacho.jp/syosai.php?shrno=98
Gifu,日吉神社,ひよしじんじゃ,岐阜県安八郡神戸町下宮村中1842番地の1,https://www.gifu-jinjacho.jp/syosai.php?shrno=99
Gifu,神明神社,しんめいじんじゃ,岐阜県安八郡神戸町新屋敷字宮元の248番地の1,https://www.gifu-jinjacho.jp/syosai.php?shrno=100
Gifu,津島神社,つしまじんじゃ,岐阜県安八郡神戸町落合字東瀬古787番地,https://www.gifu-jinjacho.jp/syosai.php?shrno=101
Gifu,神明神社,しんめいじんじゃ,岐阜県安八郡神戸町落合字神明郭1270番地,https://www.gifu-jinjacho.jp/syosai.php?shrno=102
Gifu,神明神社,しんめいじんじゃ,岐阜県安八郡神戸町付寄字北大嶋232番地,https://www.gifu-jinjacho.jp/syosai.php?shrno=103
Gifu,黄昏神社,おぐれじんじゃ,岐阜県安八郡神戸町斉田字村間360番地の1,https://www.gifu-jinjacho.jp/syosai.php?shrno=104
Gifu,神明神社,しんめいじんじゃ,岐阜県安八郡神戸町斉田字中道341.342.343番地,https://www.gifu-jinjacho.jp/syosai.php?shrno=105
Gifu,春日神社,かすがじんじゃ,岐阜県安八郡神戸町斉田字村間181番地,https://www.gifu-jinjacho.jp/syosai.php?shrno=106
Gifu,勅使神社,ちょくしじんじゃ,岐阜県安八郡神戸町柳瀬字釈迦堂515番地の1,https://www.gifu-jinjacho.jp/syosai.php?shrno=107
Gifu,藻葛神社,もくずじんじゃ,岐阜県安八郡神戸町柳瀬字本郷1052番地の1,https://www.gifu-jinjacho.jp/syosai.php?shrno=108
Gifu,神明神社,しんめいじんじゃ,岐阜県安八郡神戸町柳瀬字下畑2008番地,https://www.gifu-jinjacho.jp/syosai.php?shrno=109
Gifu,住吉神社,すみよしじんじゃ,岐阜県安八郡神戸町瀬古字神明堂1718番地,https://www.gifu-jinjacho.jp/syosai.php?shrno=110
Gifu,春日神社,かすがじんじゃ,岐阜県安八郡神戸町瀬古字高道235番地,https://www.gifu-jinjacho.jp/syosai.php?shrno=111
Gifu,八幡神社,はちまんじんじゃ,岐阜県安八郡神戸町前田字村添81の1,https://www.gifu-jinjacho.jp/syosai.php?shrno=112
Gifu,諏訪神社,すわじんじゃ,岐阜県安八郡神戸町加納字馬渡185番地の1,https://www.gifu-jinjacho.jp/syosai.php?shrno=113
Gifu,勝手神社,かってじんじゃ,岐阜県安八郡神戸町末守字中山島484番地の4,https://www.gifu-jinjacho.jp/syosai.php?shrno=114
Gifu,勝手神社,かってじんじゃ,岐阜県安八郡神戸町更屋敷字村浦211番地,https://www.gifu-jinjacho.jp/syosai.php?shrno=115
Gifu,西宮神社,にしみやじんじゃ,岐阜県安八郡神戸町西保字城跡589番地,https://www.gifu-jinjacho.jp/syosai.php?shrno=116
Gifu,神明神社,しんめいじんじゃ,岐阜県安八郡神戸町西保字東方860番地,https://www.gifu-jinjacho.jp/syosai.php?shrno=117
Gifu,天満神社,てんまんじんじゃ,岐阜県安八郡神戸町八条字上石田660の1.662の2,https://www.gifu-jinjacho.jp/syosai.php?shrno=118
Shiga,和泉神社,イヅミ,滋賀県長浜市小谷上山田町924,https://www.shiga-jinjacho.jp/ycBBS/Board.cgi/02_jinja_db/db/ycDB_02jinja-pc-detail.html?mode:view=1&view:oid=1131
Shiga,日吉神社,ヒヨシ,滋賀県長浜市下山田1927,https://www.shiga-jinjacho.jp/ycBBS/Board.cgi/02_jinja_db/db/ycDB_02jinja-pc-detail.html?mode:view=1&view:oid=1132
Shiga,日吉神社,ヒヨシ,滋賀県長浜市湖北町二俣192,https://www.shiga-jinjacho.jp/ycBBS/Board.cgi/02_jinja_db/db/ycDB_02jinja-pc-detail.html?mode:view=1&view:oid=1133
Shiga,岡本神社,オカモト,滋賀県長浜市小谷丁野町810,https://www.shiga-jinjacho.jp/ycBBS/Board.cgi/02_jinja_db/db/ycDB_02jinja-pc-detail.html?mode:view=1&view:oid=1134
Shiga,谷田神社,タニダ,滋賀県長浜市湖北町山脇1081,https://www.shiga-jinjacho.jp/ycBBS/Board.cgi/02_jinja_db/db/ycDB_02jinja-pc-detail.html?mode:view=1&view:oid=1135
Shiga,日吉神社,ヒヨシ,滋賀県長浜市湖北町河毛1271,https://www.shiga-jinjacho.jp/ycBBS/Board.cgi/02_jinja_db/db/ycDB_02jinja-pc-detail.html?mode:view=1&view:oid=1136
Shiga,虎御前神社,トラゴゼン,滋賀県長浜市湖北町別所247,https://www.shiga-jinjacho.jp/ycBBS/Board.cgi/02_jinja_db/db/ycDB_02jinja-pc-detail.html?mode:view=1&view:oid=1137
Shiga,古矢真神社,コヤマ,滋賀県長浜市湖北町伊部44,https://www.shiga-jinjacho.jp/ycBBS/Board.cgi/02_jinja_db/db/ycDB_02jinja-pc-detail.html?mode:view=1&view:oid=1139
Shiga,小谷神社,オダニ,滋賀県長浜市湖北町伊部329,https://www.shiga-jinjacho.jp/ycBBS/Board.cgi/02_jinja_db/db/ycDB_02jinja-pc-detail.html?mode:view=1&view:oid=1140
Shiga,日吉神社,ヒヨシ,滋賀県長浜市湖北町小今77,https://www.shiga-jinjacho.jp/ycBBS/Board.cgi/02_jinja_db/db/ycDB_02jinja-pc-detail.html?mode:view=1&view:oid=1141
Shiga,春日神社,カスガ,滋賀県長浜市湖北町賀463,https://www.shiga-jinjacho.jp/ycBBS/Board.cgi/02_jinja_db/db/ycDB_02jinja-pc-detail.html?mode:view=1&view:oid=1142
Shiga,地主神社,チシュ,滋賀県長浜市湖北町馬渡350,https://www.shiga-jinjacho.jp/ycBBS/Board.cgi/02_jinja_db/db/ycDB_02jinja-pc-detail.html?mode:view=1&view:oid=1143
Shiga,大安神社,オオヤス,滋賀県長浜市湖北町大安寺141,https://www.shiga-jinjacho.jp/ycBBS/Board.cgi/02_jinja_db/db/ycDB_02jinja-pc-detail.html?mode:view=1&view:oid=1144
Shiga,熊野神社,クマノ,滋賀県長浜市湖北町南速水170,https://www.shiga-jinjacho.jp/ycBBS/Board.cgi/02_jinja_db/db/ycDB_02jinja-pc-detail.html?mode:view=1&view:oid=1145
Shiga,小倉神社,オグラ,滋賀県長浜市湖北町小倉583,https://www.shiga-jinjacho.jp/ycBBS/Board.cgi/02_jinja_db/db/ycDB_02jinja-pc-detail.html?mode:view=1&view:oid=1146
Shiga,兵主神社,ヒョウヅ,滋賀県長浜市湖北高田町203,https://www.shiga-jinjacho.jp/ycBBS/Board.cgi/02_jinja_db/db/ycDB_02jinja-pc-detail.html?mode:view=1&view:oid=1147
Shiga,金刀比羅神社,コトヒラ,滋賀県長浜市湖北高田町230,https://www.shiga-jinjacho.jp/ycBBS/Board.cgi/02_jinja_db/db/ycDB_02jinja-pc-detail.html?mode:view=1&view:oid=1148
Shiga,加茂神社,カモ,滋賀県長浜市湖北高田町412,https://www.shiga-jinjacho.jp/ycBBS/Board.cgi/02_jinja_db/db/ycDB_02jinja-pc-detail.html?mode:view=1&view:oid=1149
Shiga,伊豆神社,イヅ,滋賀県長浜市湖北町速水1098,https://www.shiga-jinjacho.jp/ycBBS/Board.cgi/02_jinja_db/db/ycDB_02jinja-pc-detail.html?mode:view=1&view:oid=1150
Shiga,大町神社,オオマチ,滋賀県長浜市湖北町八日市540,https://www.shiga-jinjacho.jp/ycBBS/Board.cgi/02_jinja_db/db/ycDB_02jinja-pc-detail.html?mode:view=1&view:oid=1151
Shiga,春日神社,カスガ,滋賀県長浜市湖北町青名248,https://www.shiga-jinjacho.jp/ycBBS/Board.cgi/02_jinja_db/db/ycDB_02jinja-pc-detail.html?mode:view=1&view:oid=1152
Shiga,三島神社,ミシマ,滋賀県長浜市湖北町猫口242,https://www.shiga-jinjacho.jp/ycBBS/Board.cgi/02_jinja_db/db/ycDB_02jinja-pc-detail.html?mode:view=1&view:oid=1153
Shiga,日吉神社,ヒヨシ,滋賀県長浜市湖北町沢98,https://www.shiga-jinjacho.jp/ycBBS/Board.cgi/02_jinja_db/db/ycDB_02jinja-pc-detail.html?mode:view=1&view:oid=1154
Shiga,今村神社,イマムラ,滋賀県長浜市湖北今町209,https://www.shiga-jinjacho.jp/ycBBS/Board.cgi/02_jinja_db/db/ycDB_02jinja-pc-detail.html?mode:view=1&view:oid=1155
Shiga,朝日山神社,アサヒヤマ,滋賀県長浜市湖北町山本1089,https://www.shiga-jinjacho.jp/ycBBS/Board.cgi/02_jinja_db/db/ycDB_02jinja-pc-detail.html?mode:view=1&view:oid=1156
Shiga,八幡神社,ハチマン,滋賀県長浜市湖北町五坪901,https://www.shiga-jinjacho.jp/ycBBS/Board.cgi/02_jinja_db/db/ycDB_02jinja-pc-detail.html?mode:view=1&view:oid=1157
Shiga,春日神社,カスガ,滋賀県長浜市大光寺町114,https://www.shiga-jinjacho.jp/ycBBS/Board.cgi/02_jinja_db/db/ycDB_02jinja-pc-detail.html?mode:view=1&view:oid=1158
Shiga,田中神社,タナカ,滋賀県長浜市湖北町田中107,https://www.shiga-jinjacho.jp/ycBBS/Board.cgi/02_jinja_db/db/ycDB_02jinja-pc-detail.html?mode:view=1&view:oid=1159
Shiga,小江神社,オオエ,滋賀県長浜市湖北町海老江249,https://www.shiga-jinjacho.jp/ycBBS/Board.cgi/02_jinja_db/db/ycDB_02jinja-pc-detail.html?mode:view=1&view:oid=1160
Shiga,飯開神社,イビラキ,滋賀県長浜市湖北町延勝寺1471-1,https://www.shiga-jinjacho.jp/ycBBS/Board.cgi/02_jinja_db/db/ycDB_02jinja-pc-detail.html?mode:view=1&view:oid=1161
Shiga,白髭神社,シラヒゲ,滋賀県長浜市湖北町今西457,https://www.shiga-jinjacho.jp/ycBBS/Board.cgi/02_jinja_db/db/ycDB_02jinja-pc-detail.html?mode:view=1&view:oid=1162
Shiga,稲荷神社,イナリ,滋賀県長浜市湖北町今西548,https://www.shiga-jinjacho.jp/ycBBS/Board.cgi/02_jinja_db/db/ycDB_02jinja-pc-detail.html?mode:view=1&view:oid=1163
Shiga,比伎多理神社,ヒサタリ,滋賀県長浜市湖北町今西586,https://www.shiga-jinjacho.jp/ycBBS/Board.cgi/02_jinja_db/db/ycDB_02jinja-pc-detail.html?mode:view=1&view:oid=1164
Shiga,宇賀神社,ウガ,滋賀県長浜市湖北町津里305,https://www.shiga-jinjacho.jp/ycBBS/Board.cgi/02_jinja_db/db/ycDB_02jinja-pc-detail.html?mode:view=1&view:oid=1165
Shiga,石川神社,イシカワ,滋賀県長浜市湖北町石川169,https://www.shiga-jinjacho.jp/ycBBS/Board.cgi/02_jinja_db/db/ycDB_02jinja-pc-detail.html?mode:view=1&view:oid=1166
Shiga,小江神社,オオエ,滋賀県長浜市湖北東尾上町207-2,https://www.shiga-jinjacho.jp/ycBBS/Board.cgi/02_jinja_db/db/ycDB_02jinja-pc-detail.html?mode:view=1&view:oid=1167
Shiga,細江神社,ホソエ,滋賀県長浜市細江町418,https://www.shiga-jinjacho.jp/ycBBS/Board.cgi/02_jinja_db/db/ycDB_02jinja-pc-detail.html?mode:view=1&view:oid=1169
Shiga,天満神社,テンマン,滋賀県長浜市曽根町442,https://www.shiga-jinjacho.jp/ycBBS/Board.cgi/02_jinja_db/db/ycDB_02jinja-pc-detail.html?mode:view=1&view:oid=1170
Shiga,八幡神社,ハチマン,滋賀県長浜市曽根町465,https://www.shiga-jinjacho.jp/ycBBS/Board.cgi/02_jinja_db/db/ycDB_02jinja-pc-detail.html?mode:view=1&view:oid=1171
Shiga,八幡神社,ハチマン,滋賀県長浜市曽根町557,https://www.shiga-jinjacho.jp/ycBBS/Board.cgi/02_jinja_db/db/ycDB_02jinja-pc-detail.html?mode:view=1&view:oid=1172
Shiga,産土神社,ウブスナ,滋賀県長浜市曽根町718,https://www.shiga-jinjacho.jp/ycBBS/Board.cgi/02_jinja_db/db/ycDB_02jinja-pc-detail.html?mode:view=1&view:oid=1173
Shiga,天満神社,テンマン,滋賀県長浜市曽根町1040,https://www.shiga-jinjacho.jp/ycBBS/Board.cgi/02_jinja_db/db/ycDB_02jinja-pc-detail.html?mode:view=1&view:oid=1174
Shiga,日吉神社,ヒヨシ,滋賀県長浜市曽根町1097,https://www.shiga-jinjacho.jp/ycBBS/Board.cgi/02_jinja_db/db/ycDB_02jinja-pc-detail.html?mode:view=1&view:oid=1175
Shiga,天満神社,テンマン,滋賀県長浜市曽根町1566,https://www.shiga-jinjacho.jp/ycBBS/Board.cgi/02_jinja_db/db/ycDB_02jinja-pc-detail.html?mode:view=1&view:oid=1176
Shiga,稲荷神社,イナリ,滋賀県長浜市曽根町1588,https://www.shiga-jinjacho.jp/ycBBS/Board.cgi/02_jinja_db/db/ycDB_02jinja-pc-detail.html?mode:view=1&view:oid=1177
Shiga,錦織神社,ニシコウリ,滋賀県長浜市錦織町243,https://www.shiga-jinjacho.jp/ycBBS/Board.cgi/02_jinja_db/db/ycDB_02jinja-pc-detail.html?mode:view=1&view:oid=1178
Shiga,大守神社,オオモリ,滋賀県長浜市落合町403,https://www.shiga-jinjacho.jp/ycBBS/Board.cgi/02_jinja_db/db/ycDB_02jinja-pc-detail.html?mode:view=1&view:oid=1179
Shiga,新居神社,ニノイ,滋賀県長浜市新居町43,https://www.shiga-jinjacho.jp/ycBBS/Board.cgi/02_jinja_db/db/ycDB_02jinja-pc-detail.html?mode:view=1&view:oid=1181
Shiga,西宮神社,ニシノミヤ,滋賀県長浜市野寺町19,https://www.shiga-jinjacho.jp/ycBBS/Board.cgi/02_jinja_db/db/ycDB_02jinja-pc-detail.html?mode:view=1&view:oid=1182
Shiga,八木浜神社,ヤギハマ,滋賀県長浜市八木浜町789,https://www.shiga-jinjacho.jp/ycBBS/Board.cgi/02_jinja_db/db/ycDB_02jinja-pc-detail.html?mode:view=1&view:oid=1183
Shiga,日吉神社,ヒヨシ,滋賀県長浜市大浜町289,https://www.shiga-jinjacho.jp/ycBBS/Board.cgi/02_jinja_db/db/ycDB_02jinja-pc-detail.html?mode:view=1&view:oid=1184
Shiga,八幡神社,ハチマン,滋賀県長浜市南浜町502,https://www.shiga-jinjacho.jp/ycBBS/Board.cgi/02_jinja_db/db/ycDB_02jinja-pc-detail.html?mode:view=1&view:oid=1185
Shiga,南浜神社,ミナミハマ,滋賀県長浜市南浜町1160,https://www.shiga-jinjacho.jp/ycBBS/Board.cgi/02_jinja_db/db/ycDB_02jinja-pc-detail.html?mode:view=1&view:oid=1186
Shiga,川道神社,カワミチ,滋賀県長浜市川道町458,https://www.shiga-jinjacho.jp/ycBBS/Board.cgi/02_jinja_db/db/ycDB_02jinja-pc-detail.html?mode:view=1&view:oid=1187
Shiga,産土神社,ウブスナ,滋賀県長浜市小観音寺町8,https://www.shiga-jinjacho.jp/ycBBS/Board.cgi/02_jinja_db/db/ycDB_02jinja-pc-detail.html?mode:view=1&view:oid=1188
Shiga,住吉神社,スミヨシ,滋賀県長浜市稲葉町286,https://www.shiga-jinjacho.jp/ycBBS/Board.cgi/02_jinja_db/db/ycDB_02jinja-pc-detail.html?mode:view=1&view:oid=1189
Shiga,弓削神社,ユウゲ,滋賀県長浜市弓削町168,https://www.shiga-jinjacho.jp/ycBBS/Board.cgi/02_jinja_db/db/ycDB_02jinja-pc-detail.html?mode:view=1&view:oid=1190
Shiga,春日神社,カスガ,滋賀県長浜市弓削町182,https://www.shiga-jinjacho.jp/ycBBS/Board.cgi/02_jinja_db/db/ycDB_02jinja-pc-detail.html?mode:view=1&view:oid=1191
Shiga,日吉神社,ヒヨシ,滋賀県長浜市香花寺町463,https://www.shiga-jinjacho.jp/ycBBS/Board.cgi/02_jinja_db/db/ycDB_02jinja-pc-detail.html?mode:view=1&view:oid=1192
Shiga,八幡神社,ハチマン,滋賀県長浜市富田町383,https://www.shiga-jinjacho.jp/ycBBS/Board.cgi/02_jinja_db/db/ycDB_02jinja-pc-detail.html?mode:view=1&view:oid=1193
Shiga,稲荷神社,イナリ,滋賀県長浜市富田町946,https://www.shiga-jinjacho.jp/ycBBS/Board.cgi/02_jinja_db/db/ycDB_02jinja-pc-detail.html?mode:view=1&view:oid=1194
Shiga,日吉神社,ヒヨシ,滋賀県長浜市十九町107,https://www.shiga-jinjacho.jp/ycBBS/Board.cgi/02_jinja_db/db/ycDB_02jinja-pc-detail.html?mode:view=1&view:oid=1195
Shiga,上八木神社,カミヤギ,滋賀県長浜市上八木町62,https://www.shiga-jinjacho.jp/ycBBS/Board.cgi/02_jinja_db/db/ycDB_02jinja-pc-detail.html?mode:view=1&view:oid=1196
Shiga,日吉神社,ヒヨシ,滋賀県長浜市下八木町451,https://www.shiga-jinjacho.jp/ycBBS/Board.cgi/02_jinja_db/db/ycDB_02jinja-pc-detail.html?mode:view=1&view:oid=1197
Shiga,五社神社,ゴシャ,滋賀県長浜市早崎町865,https://www.shiga-jinjacho.jp/ycBBS/Board.cgi/02_jinja_db/db/ycDB_02jinja-pc-detail.html?mode:view=1&view:oid=1198
Shiga,都久夫須麻神社,ツクブスマ,滋賀県長浜市早崎町1665,https://www.shiga-jinjacho.jp/ycBBS/Board.cgi/02_jinja_db/db/ycDB_02jinja-pc-detail.html?mode:view=1&view:oid=1199
Shiga,麻蘇多神社,マソダ,滋賀県長浜市益田町794,https://www.shiga-jinjacho.jp/ycBBS/Board.cgi/02_jinja_db/db/ycDB_02jinja-pc-detail.html?mode:view=1&view:oid=1200
Shiga,天満宮神社,テンマングウ,滋賀県長浜市益田町1254,https://www.shiga-jinjacho.jp/ycBBS/Board.cgi/02_jinja_db/db/ycDB_02jinja-pc-detail.html?mode:view=1&view:oid=1201
Shiga,大安養神社,オオヤソカイ,滋賀県長浜市安養寺町442,https://www.shiga-jinjacho.jp/ycBBS/Board.cgi/02_jinja_db/db/ycDB_02jinja-pc-detail.html?mode:view=1&view:oid=1202
Shiga,日吉神社,ヒヨシ,滋賀県長浜市高月町井口122,https://www.shiga-jinjacho.jp/ycBBS/Board.cgi/02_jinja_db/db/ycDB_02jinja-pc-detail.html?mode:view=1&view:oid=1203
Shiga,白山神社,ハクサン,滋賀県長浜市高月町持寺126,https://www.shiga-jinjacho.jp/ycBBS/Board.cgi/02_jinja_db/db/ycDB_02jinja-pc-detail.html?mode:view=1&view:oid=1204
Shiga,日吉神社,ヒヨシ,滋賀県長浜市高月町洞戸102,https://www.shiga-jinjacho.jp/ycBBS/Board.cgi/02_jinja_db/db/ycDB_02jinja-pc-detail.html?mode:view=1&view:oid=1205
Shiga,白山神社,ハクサン,滋賀県長浜市高月町尾山183,https://www.shiga-jinjacho.jp/ycBBS/Board.cgi/02_jinja_db/db/ycDB_02jinja-pc-detail.html?mode:view=1&view:oid=1206
Shiga,白山神社,ハクサン,滋賀県長浜市高月町保延寺282,https://www.shiga-jinjacho.jp/ycBBS/Board.cgi/02_jinja_db/db/ycDB_02jinja-pc-detail.html?mode:view=1&view:oid=1207
Shiga,芳州神社,ホウシュウ,滋賀県長浜市高月町雨森1166,https://www.shiga-jinjacho.jp/ycBBS/Board.cgi/02_jinja_db/db/ycDB_02jinja-pc-detail.html?mode:view=1&view:oid=1208
Shiga,高野神社,タカノ,滋賀県長浜市高月町高野297,https://www.shiga-jinjacho.jp/ycBBS/Board.cgi/02_jinja_db/db/ycDB_02jinja-pc-detail.html?mode:view=1&view:oid=1210
Shiga,佐味神社,サミ,滋賀県長浜市高月町柏原47,https://www.shiga-jinjacho.jp/ycBBS/Board.cgi/02_jinja_db/db/ycDB_02jinja-pc-detail.html?mode:view=1&view:oid=1211
Shiga,八幡神社,ハチマン,滋賀県長浜市高月町柏原739,https://www.shiga-jinjacho.jp/ycBBS/Board.cgi/02_jinja_db/db/ycDB_02jinja-pc-detail.html?mode:view=1&view:oid=1212
Shiga,伊香具坂神社,イカグザカ,滋賀県長浜市高月町柏原774,https://www.shiga-jinjacho.jp/ycBBS/Board.cgi/02_jinja_db/db/ycDB_02jinja-pc-detail.html?mode:view=1&view:oid=1213
Shiga,天神社,テン,滋賀県長浜市高月町渡岸寺50,https://www.shiga-jinjacho.jp/ycBBS/Board.cgi/02_jinja_db/db/ycDB_02jinja-pc-detail.html?mode:view=1&view:oid=1214
Shiga,日吉神社,ヒヨシ,滋賀県長浜市高月町落川306,https://www.shiga-jinjacho.jp/ycBBS/Board.cgi/02_jinja_db/db/ycDB_02jinja-pc-detail.html?mode:view=1&view:oid=1215
Shiga,井宮神社,イミヤ,滋賀県長浜市高月町落川469,https://www.shiga-jinjacho.jp/ycBBS/Board.cgi/02_jinja_db/db/ycDB_02jinja-pc-detail.html?mode:view=1&view:oid=1216
Shiga,走落神社,ハシリオチ,滋賀県長浜市高月町馬上1181,https://www.shiga-jinjacho.jp/ycBBS/Board.cgi/02_jinja_db/db/ycDB_02jinja-pc-detail.html?mode:view=1&view:oid=1217
Shiga,森本神社,モリモト,滋賀県長浜市高月町森本83,https://www.shiga-jinjacho.jp/ycBBS/Board.cgi/02_jinja_db/db/ycDB_02jinja-pc-detail.html?mode:view=1&view:oid=1218
Shiga,神高槻神社,カミタカツキ,滋賀県長浜市高月町高月1,https://www.shiga-jinjacho.jp/ycBBS/Board.cgi/02_jinja_db/db/ycDB_02jinja-pc-detail.html?mode:view=1&view:oid=1219
Shiga,春日神社,カスガ,滋賀県長浜市高月町宇根425,https://www.shiga-jinjacho.jp/ycBBS/Board.cgi/02_jinja_db/db/ycDB_02jinja-pc-detail.html?mode:view=1&view:oid=1220
Shiga,乃伎多神社,ノギタ,滋賀県長浜市高月町東阿閉1094,https://www.shiga-jinjacho.jp/ycBBS/Board.cgi/02_jinja_db/db/ycDB_02jinja-pc-detail.html?mode:view=1&view:oid=1221
Shiga,賣比多神社,メヒタ,滋賀県長浜市高月町東柳野1191,https://www.shiga-jinjacho.jp/ycBBS/Board.cgi/02_jinja_db/db/ycDB_02jinja-pc-detail.html?mode:view=1&view:oid=1222
Shiga,大表神社,オオモテ,滋賀県長浜市高月町柳野中48,https://www.shiga-jinjacho.jp/ycBBS/Board.cgi/02_jinja_db/db/ycDB_02jinja-pc-detail.html?mode:view=1&view:oid=1223
Shiga,八幡神社,ハチマン,滋賀県長浜市高月町西柳野473,https://www.shiga-jinjacho.jp/ycBBS/Board.cgi/02_jinja_db/db/ycDB_02jinja-pc-detail.html?mode:view=1&view:oid=1224
Shiga,大浴神社,オオアミ,滋賀県長浜市高月町重則118,https://www.shiga-jinjacho.jp/ycBBS/Board.cgi/02_jinja_db/db/ycDB_02jinja-pc-detail.html?mode:view=1&view:oid=1225
Shiga,大森神社,オオモリ,滋賀県長浜市高月町松尾318-2,https://www.shiga-jinjacho.jp/ycBBS/Board.cgi/02_jinja_db/db/ycDB_02jinja-pc-detail.html?mode:view=1&view:oid=1226
Shiga,日枝神社,ヒエイ,滋賀県長浜市高月町西野2025-1,https://www.shiga-jinjacho.jp/ycBBS/Board.cgi/02_jinja_db/db/ycDB_02jinja-pc-detail.html?mode:view=1&view:oid=1227
Shiga,天八百列神社,アメヤオツラ,滋賀県長浜市高月町熊野822,https://www.shiga-jinjacho.jp/ycBBS/Board.cgi/02_jinja_db/db/ycDB_02jinja-pc-detail.html?mode:view=1&view:oid=1228
Shiga,片山神社,カタヤマ,滋賀県長浜市高月町片山103,https://www.shiga-jinjacho.jp/ycBBS/Board.cgi/02_jinja_db/db/ycDB_02jinja-pc-detail.html?mode:view=1&view:oid=1229
Shiga,意波閇神社,オワイ,滋賀県長浜市高月町西阿閉278,https://www.shiga-jinjacho.jp/ycBBS/Board.cgi/02_jinja_db/db/ycDB_02jinja-pc-detail.html?mode:view=1&view:oid=1230
Shiga,甘檪前神社,イチイザキ,滋賀県長浜市高月町西阿閉1829,https://www.shiga-jinjacho.jp/ycBBS/Board.cgi/02_jinja_db/db/ycDB_02jinja-pc-detail.html?mode:view=1&view:oid=1231
Shiga,櫻椅神社,サクラハシ,滋賀県長浜市高月町東高田363-1,https://www.shiga-jinjacho.jp/ycBBS/Board.cgi/02_jinja_db/db/ycDB_02jinja-pc-detail.html?mode:view=1&view:oid=1232
Shiga,八幡神社,ハチマン,滋賀県長浜市高月町布施250,https://www.shiga-jinjacho.jp/ycBBS/Board.cgi/02_jinja_db/db/ycDB_02jinja-pc-detail.html?mode:view=1&view:oid=1233
Shiga,日吉神社,ヒヨシ,滋賀県長浜市高月町唐川1055,https://www.shiga-jinjacho.jp/ycBBS/Board.cgi/02_jinja_db/db/ycDB_02jinja-pc-detail.html?mode:view=1&view:oid=1234
Shiga,横山神社,ヨコヤマ,滋賀県長浜市高月町横山297-1,https://www.shiga-jinjacho.jp/ycBBS/Board.cgi/02_jinja_db/db/ycDB_02jinja-pc-detail.html?mode:view=1&view:oid=1235
Shiga,乃伎多神社,ノギタ,滋賀県長浜市高月町東物部850,https://www.shiga-jinjacho.jp/ycBBS/Board.cgi/02_jinja_db/db/ycDB_02jinja-pc-detail.html?mode:view=1&view:oid=1236
Shiga,八幡神社,ハチマン,滋賀県長浜市高月町西物部425,https://www.shiga-jinjacho.jp/ycBBS/Board.cgi/02_jinja_db/db/ycDB_02jinja-pc-detail.html?mode:view=1&view:oid=1237
Shiga,赤見神社,アカミ,滋賀県長浜市高月町磯野530,https://www.shiga-jinjacho.jp/ycBBS/Board.cgi/02_jinja_db/db/ycDB_02jinja-pc-detail.html?mode:view=1&view:oid=1238
Shiga,八幡神社,ハチマン,滋賀県長浜市木之本町金居原1319,https://www.shiga-jinjacho.jp/ycBBS/Board.cgi/02_jinja_db/db/ycDB_02jinja-pc-detail.html?mode:view=1&view:oid=1239
Shiga,横山神社,ヨコヤマ,滋賀県長浜市木之本町杉野413,https://www.shiga-jinjacho.jp/ycBBS/Board.cgi/02_jinja_db/db/ycDB_02jinja-pc-detail.html?mode:view=1&view:oid=1240
Shiga,六所神社,ロクショ,滋賀県長浜市木之本町杉本607,https://www.shiga-jinjacho.jp/ycBBS/Board.cgi/02_jinja_db/db/ycDB_02jinja-pc-detail.html?mode:view=1&view:oid=1241
Shiga,八幡神社,ハチマン,滋賀県長浜市木之本町音羽274,https://www.shiga-jinjacho.jp/ycBBS/Board.cgi/02_jinja_db/db/ycDB_02jinja-pc-detail.html?mode:view=1&view:oid=1242
Shiga,大見神社,オオミ,滋賀県長浜市木之本町大見753,https://www.shiga-jinjacho.jp/ycBBS/Board.cgi/02_jinja_db/db/ycDB_02jinja-pc-detail.html?mode:view=1&view:oid=1243
Shiga,水分神社,ミズワケ,滋賀県長浜市木之本町川合1238,https://www.shiga-jinjacho.jp/ycBBS/Board.cgi/02_jinja_db/db/ycDB_02jinja-pc-detail.html?mode:view=1&view:oid=1244
Shiga,佐波加刀神社,サワカト,滋賀県長浜市木之本町川合1277,https://www.shiga-jinjacho.jp/ycBBS/Board.cgi/02_jinja_db/db/ycDB_02jinja-pc-detail.html?mode:view=1&view:oid=1245
Shiga,伊波太岐神社,イワタキ,滋賀県長浜市木之本町古橋2,https://www.shiga-jinjacho.jp/ycBBS/Board.cgi/02_jinja_db/db/ycDB_02jinja-pc-detail.html?mode:view=1&view:oid=1246
Shiga,與志漏神社,ヨシロウ,滋賀県長浜市木之本町古橋1102,https://www.shiga-jinjacho.jp/ycBBS/Board.cgi/02_jinja_db/db/ycDB_02jinja-pc-detail.html?mode:view=1&view:oid=1247
Shiga,神前神社,カミサキ,滋賀県長浜市木之本町石道984,https://www.shiga-jinjacho.jp/ycBBS/Board.cgi/02_jinja_db/db/ycDB_02jinja-pc-detail.html?mode:view=1&view:oid=1248
Shiga,八幡神社,ヤワタ,滋賀県長浜市木之本町小山62,https://www.shiga-jinjacho.jp/ycBBS/Board.cgi/02_jinja_db/db/ycDB_02jinja-pc-detail.html?mode:view=1&view:oid=1249
Shiga,意冨布良神社,オオフラ,滋賀県長浜市木之本町木之本488,https://www.shiga-jinjacho.jp/ycBBS/Board.cgi/02_jinja_db/db/ycDB_02jinja-pc-detail.html?mode:view=1&view:oid=1250
Shiga,黒田神社,クロダ,滋賀県長浜市木之本町黒田1697,https://www.shiga-jinjacho.jp/ycBBS/Board.cgi/02_jinja_db/db/ycDB_02jinja-pc-detail.html?mode:view=1&view:oid=1251
Shiga,大澤神社,オオサワ,滋賀県長浜市木之本町黒田1783,https://www.shiga-jinjacho.jp/ycBBS/Board.cgi/02_jinja_db/db/ycDB_02jinja-pc-detail.html?mode:view=1&view:oid=1252
Shiga,石作神社・玉作神社,イシツクリタマツクリ,滋賀県長浜市木之本町千田793,https://www.shiga-jinjacho.jp/ycBBS/Board.cgi/02_jinja_db/db/ycDB_02jinja-pc-detail.html?mode:view=1&view:oid=1253
Shiga,等波神社,シバ,滋賀県長浜市木之本町田部6-1,https://www.shiga-jinjacho.jp/ycBBS/Board.cgi/02_jinja_db/db/ycDB_02jinja-pc-detail.html?mode:view=1&view:oid=1254
Shiga,日吉神社,ヒヨシ,滋賀県長浜市木之本町廣瀬192,https://www.shiga-jinjacho.jp/ycBBS/Board.cgi/02_jinja_db/db/ycDB_02jinja-pc-detail.html?mode:view=1&view:oid=1255
Shiga,伊香具神社,イカグ,滋賀県長浜市木之本町大音688,https://www.shiga-jinjacho.jp/ycBBS/Board.cgi/02_jinja_db/db/ycDB_02jinja-pc-detail.html?mode:view=1&view:oid=1256
Shiga,八幡神社,ヤワタ,滋賀県長浜市木之本町飯浦511,https://www.shiga-jinjacho.jp/ycBBS/Board.cgi/02_jinja_db/db/ycDB_02jinja-pc-detail.html?mode:view=1&view:oid=1257
Shiga,有漏神社,ウロウ,滋賀県長浜市木之本町山梨子1,https://www.shiga-jinjacho.jp/ycBBS/Board.cgi/02_jinja_db/db/ycDB_02jinja-pc-detail.html?mode:view=1&view:oid=1258
Shiga,八幡神社,ヤワタ,滋賀県長浜市木之本町西山873,https://www.shiga-jinjacho.jp/ycBBS/Board.cgi/02_jinja_db/db/ycDB_02jinja-pc-detail.html?mode:view=1&view:oid=1259
Shiga,八幡神社,ヤワタ,滋賀県長浜市木之本町田居254,https://www.shiga-jinjacho.jp/ycBBS/Board.cgi/02_jinja_db/db/ycDB_02jinja-pc-detail.html?mode:view=1&view:oid=1260
Shiga,若宮八幡神社,ワカミヤハチマン,滋賀県長浜市木之本町北布施199,https://www.shiga-jinjacho.jp/ycBBS/Board.cgi/02_jinja_db/db/ycDB_02jinja-pc-detail.html?mode:view=1&view:oid=1261
Shiga,伊香具坂神社,イカグザカ,滋賀県長浜市木之本町北布施316,https://www.shiga-jinjacho.jp/ycBBS/Board.cgi/02_jinja_db/db/ycDB_02jinja-pc-detail.html?mode:view=1&view:oid=1262
Shiga,阿加穂神社,アカホ,滋賀県長浜市木之本町赤尾603,https://www.shiga-jinjacho.jp/ycBBS/Board.cgi/02_jinja_db/db/ycDB_02jinja-pc-detail.html?mode:view=1&view:oid=1263
Shiga,布勢立石神社,フセタテイシ,滋賀県長浜市木之本町赤尾793,https://www.shiga-jinjacho.jp/ycBBS/Board.cgi/02_jinja_db/db/ycDB_02jinja-pc-detail.html?mode:view=1&view:oid=1264
Shiga,意波閇神社,オハヘ,滋賀県長浜市余呉町坂口290,https://www.shiga-jinjacho.jp/ycBBS/Board.cgi/02_jinja_db/db/ycDB_02jinja-pc-detail.html?mode:view=1&view:oid=1265
Shiga,菅原神社,スガハラ,滋賀県長浜市余呉町坂口672,https://www.shiga-jinjacho.jp/ycBBS/Board.cgi/02_jinja_db/db/ycDB_02jinja-pc-detail.html?mode:view=1&view:oid=1266
Shiga,鉛練比古神社,エレヒコ,滋賀県長浜市余呉町中之郷108,https://www.shiga-jinjacho.jp/ycBBS/Board.cgi/02_jinja_db/db/ycDB_02jinja-pc-detail.html?mode:view=1&view:oid=1268
Shiga,八幡神社,ヤワタ,滋賀県長浜市余呉町八戸331,https://www.shiga-jinjacho.jp/ycBBS/Board.cgi/02_jinja_db/db/ycDB_02jinja-pc-detail.html?mode:view=1&view:oid=1269
Shiga,北野神社,キタノ,滋賀県長浜市余呉町川並930,https://www.shiga-jinjacho.jp/ycBBS/Board.cgi/02_jinja_db/db/ycDB_02jinja-pc-detail.html?mode:view=1&view:oid=1270
Shiga,八幡神社,ハチマン,滋賀県長浜市余呉町今市563,https://www.shiga-jinjacho.jp/ycBBS/Board.cgi/02_jinja_db/db/ycDB_02jinja-pc-detail.html?mode:view=1&view:oid=1271
Shiga,丹生神社,ニュウ,滋賀県長浜市余呉町下丹生1087,https://www.shiga-jinjacho.jp/ycBBS/Board.cgi/02_jinja_db/db/ycDB_02jinja-pc-detail.html?mode:view=1&view:oid=1272
Shiga,水上神社,ミナカミ,滋賀県長浜市余呉町摺墨648,https://www.shiga-jinjacho.jp/ycBBS/Board.cgi/02_jinja_db/db/ycDB_02jinja-pc-detail.html?mode:view=1&view:oid=1274
Shiga,六所神社,ロクショ,滋賀県長浜市余呉町菅並458,https://www.shiga-jinjacho.jp/ycBBS/Board.cgi/02_jinja_db/db/ycDB_02jinja-pc-detail.html?mode:view=1&view:oid=1275
Shiga,北野神社,キタノ,滋賀県長浜市余呉町文室1091,https://www.shiga-jinjacho.jp/ycBBS/Board.cgi/02_jinja_db/db/ycDB_02jinja-pc-detail.html?mode:view=1&view:oid=1279
Shiga,草岡神社,クサオカ,滋賀県長浜市余呉町国安52,https://www.shiga-jinjacho.jp/ycBBS/Board.cgi/02_jinja_db/db/ycDB_02jinja-pc-detail.html?mode:view=1&view:oid=1280
Shiga,八幡神社,ハチマン,滋賀県長浜市余呉町東野57,https://www.shiga-jinjacho.jp/ycBBS/Board.cgi/02_jinja_db/db/ycDB_02jinja-pc-detail.html?mode:view=1&view:oid=1281
Shiga,佐味神社,サミ,滋賀県長浜市余呉町今市339,https://www.shiga-jinjacho.jp/ycBBS/Board.cgi/02_jinja_db/db/ycDB_02jinja-pc-detail.html?mode:view=1&view:oid=1282
Shiga,大水別神社,オオミズワケ,滋賀県長浜市余呉町池原603,https://www.shiga-jinjacho.jp/ycBBS/Board.cgi/02_jinja_db/db/ycDB_02jinja-pc-detail.html?mode:view=1&view:oid=1283
Shiga,樹本神社,キモト,滋賀県長浜市余呉町池原1253,https://www.shiga-jinjacho.jp/ycBBS/Board.cgi/02_jinja_db/db/ycDB_02jinja-pc-detail.html?mode:view=1&view:oid=1284
Shiga,八幡神社,ハチマン,滋賀県長浜市余呉町小谷158,https://www.shiga-jinjacho.jp/ycBBS/Board.cgi/02_jinja_db/db/ycDB_02jinja-pc-detail.html?mode:view=1&view:oid=1285
Shiga,八幡神社,ハチマン,滋賀県長浜市余呉町柳ケ瀬267,https://www.shiga-jinjacho.jp/ycBBS/Board.cgi/02_jinja_db/db/ycDB_02jinja-pc-detail.html?mode:view=1&view:oid=1286
Shiga,八幡神社,ハチマン,滋賀県長浜市余呉町椿坂132-1,https://www.shiga-jinjacho.jp/ycBBS/Board.cgi/02_jinja_db/db/ycDB_02jinja-pc-detail.html?mode:view=1&view:oid=1287
Shiga,廣峯神社,ヒロミネ,滋賀県長浜市余呉町中河内718,https://www.shiga-jinjacho.jp/ycBBS/Board.cgi/02_jinja_db/db/ycDB_02jinja-pc-detail.html?mode:view=1&view:oid=1288
Shiga,塩津神社,シオツ,滋賀県長浜市西浅井町塩津浜547,https://www.shiga-jinjacho.jp/ycBBS/Board.cgi/02_jinja_db/db/ycDB_02jinja-pc-detail.html?mode:view=1&view:oid=1289
Shiga,香取五神社,カトリゴ,滋賀県長浜市西浅井町祝山288,https://www.shiga-jinjacho.jp/ycBBS/Board.cgi/02_jinja_db/db/ycDB_02jinja-pc-detail.html?mode:view=1&view:oid=1290
Shiga,八幡神社,ハチマン,滋賀県長浜市西浅井町野坂193,https://www.shiga-jinjacho.jp/ycBBS/Board.cgi/02_jinja_db/db/ycDB_02jinja-pc-detail.html?mode:view=1&view:oid=1291
Shiga,香取神社,カトリ,滋賀県長浜市西浅井町塩津中332,https://www.shiga-jinjacho.jp/ycBBS/Board.cgi/02_jinja_db/db/ycDB_02jinja-pc-detail.html?mode:view=1&view:oid=1292
Shiga,大川神社,オカワ,滋賀県長浜市西浅井町余1146,https://www.shiga-jinjacho.jp/ycBBS/Board.cgi/02_jinja_db/db/ycDB_02jinja-pc-detail.html?mode:view=1&view:oid=1293
Shiga,下塩津神社,シモシオツ,滋賀県長浜市西浅井町集福寺455,https://www.shiga-jinjacho.jp/ycBBS/Board.cgi/02_jinja_db/db/ycDB_02jinja-pc-detail.html?mode:view=1&view:oid=1294
Shiga,八幡神社,ハチマン,滋賀県長浜市西浅井町沓掛1635,https://www.shiga-jinjacho.jp/ycBBS/Board.cgi/02_jinja_db/db/ycDB_02jinja-pc-detail.html?mode:view=1&view:oid=1295
Shiga,矢合神社,ヤアイ,滋賀県長浜市西浅井町岩熊733,https://www.shiga-jinjacho.jp/ycBBS/Board.cgi/02_jinja_db/db/ycDB_02jinja-pc-detail.html?mode:view=1&view:oid=1296
Shiga,日吉神社,ヒヨシ,滋賀県長浜市西浅井町横波471,https://www.shiga-jinjacho.jp/ycBBS/Board.cgi/02_jinja_db/db/ycDB_02jinja-pc-detail.html?mode:view=1&view:oid=1297
Shiga,八幡神社,ハチマン,滋賀県長浜市西浅井町大浦614,https://www.shiga-jinjacho.jp/ycBBS/Board.cgi/02_jinja_db/db/ycDB_02jinja-pc-detail.html?mode:view=1&view:oid=1298
Shiga,須賀神社,スガ,滋賀県長浜市西浅井町菅浦439,https://www.shiga-jinjacho.jp/ycBBS/Board.cgi/02_jinja_db/db/ycDB_02jinja-pc-detail.html?mode:view=1&view:oid=1299
Shiga,日吉神社,ヒヨシ,滋賀県長浜市西浅井町月出303,https://www.shiga-jinjacho.jp/ycBBS/Board.cgi/02_jinja_db/db/ycDB_02jinja-pc-detail.html?mode:view=1&view:oid=1300
Shiga,白山神社,ハクサン,滋賀県長浜市西浅井町山田47,https://www.shiga-jinjacho.jp/ycBBS/Board.cgi/02_jinja_db/db/ycDB_02jinja-pc-detail.html?mode:view=1&view:oid=1301
Shiga,八幡神社,ハチマン,滋賀県長浜市西浅井町小山312,https://www.shiga-jinjacho.jp/ycBBS/Board.cgi/02_jinja_db/db/ycDB_02jinja-pc-detail.html?mode:view=1&view:oid=1302
Shiga,五社神社,ゴシャ,滋賀県長浜市西浅井町八田部619,https://www.shiga-jinjacho.jp/ycBBS/Board.cgi/02_jinja_db/db/ycDB_02jinja-pc-detail.html?mode:view=1&view:oid=1303
Shiga,神明神社,シンメイ,滋賀県長浜市西浅井町山門1065,https://www.shiga-jinjacho.jp/ycBBS/Board.cgi/02_jinja_db/db/ycDB_02jinja-pc-detail.html?mode:view=1&view:oid=1304
Shiga,日吉神社,ヒヨシ,滋賀県長浜市西浅井町庄1319,https://www.shiga-jinjacho.jp/ycBBS/Board.cgi/02_jinja_db/db/ycDB_02jinja-pc-detail.html?mode:view=1&view:oid=1305
Shiga,稲荷神社,イナリ,滋賀県長浜市西浅井町黒山333,https://www.shiga-jinjacho.jp/ycBBS/Board.cgi/02_jinja_db/db/ycDB_02jinja-pc-detail.html?mode:view=1&view:oid=1306
Shiga,海津天神社,カイヅテン,滋賀県高島市マキノ町海津1253-2,https://www.shiga-jinjacho.jp/ycBBS/Board.cgi/02_jinja_db/db/ycDB_02jinja-pc-detail.html?mode:view=1&view:oid=1307
Shiga,日吉神社,ヒヨシ,滋賀県高島市マキノ町野口214,https://www.shiga-jinjacho.jp/ycBBS/Board.cgi/02_jinja_db/db/ycDB_02jinja-pc-detail.html?mode:view=1&view:oid=1308
Shiga,日吉神社,ヒヨシ,滋賀県高島市マキノ町在原637,https://www.shiga-jinjacho.jp/ycBBS/Board.cgi/02_jinja_db/db/ycDB_02jinja-pc-detail.html?mode:view=1&view:oid=1309
Shiga,津島神社,ツシマ,滋賀県高島市マキノ町下78,https://www.shiga-jinjacho.jp/ycBBS/Board.cgi/02_jinja_db/db/ycDB_02jinja-pc-detail.html?mode:view=1&view:oid=1310
Shiga,大荒比古神社・鞆結神社,オオアラヒコトモユイ,滋賀県高島市マキノ町浦627,https://www.shiga-jinjacho.jp/ycBBS/Board.cgi/02_jinja_db/db/ycDB_02jinja-pc-detail.html?mode:view=1&view:oid=1311
Shiga,天神社,テン,滋賀県高島市マキノ町寺久保697,https://www.shiga-jinjacho.jp/ycBBS/Board.cgi/02_jinja_db/db/ycDB_02jinja-pc-detail.html?mode:view=1&view:oid=1312
Shiga,日枝神社,ヒエ,滋賀県高島市マキノ町蛭口1487-1,https://www.shiga-jinjacho.jp/ycBBS/Board.cgi/02_jinja_db/db/ycDB_02jinja-pc-detail.html?mode:view=1&view:oid=1313
Shiga,八幡神社,ハチマン,滋賀県高島市マキノ町石庭577,https://www.shiga-jinjacho.jp/ycBBS/Board.cgi/02_jinja_db/db/ycDB_02jinja-pc-detail.html?mode:view=1&view:oid=1314
Shiga,山神社,サン,滋賀県高島市マキノ町牧野625,https://www.shiga-jinjacho.jp/ycBBS/Board.cgi/02_jinja_db/db/ycDB_02jinja-pc-detail.html?mode:view=1&view:oid=1315
Shiga,国狭槌神社,クニサツチ,滋賀県高島市マキノ町白谷64,https://www.shiga-jinjacho.jp/ycBBS/Board.cgi/02_jinja_db/db/ycDB_02jinja-pc-detail.html?mode:view=1&view:oid=1316
Shiga,坂本神社,サカモト,滋賀県高島市マキノ町上開田609-2,https://www.shiga-jinjacho.jp/ycBBS/Board.cgi/02_jinja_db/db/ycDB_02jinja-pc-detail.html?mode:view=1&view:oid=1317
Shiga,春日神社,カスガ,滋賀県高島市マキノ町辻198,https://www.shiga-jinjacho.jp/ycBBS/Board.cgi/02_jinja_db/db/ycDB_02jinja-pc-detail.html?mode:view=1&view:oid=1318
Shiga,大處神社,オオトコロ,滋賀県高島市マキノ町森西175,https://www.shiga-jinjacho.jp/ycBBS/Board.cgi/02_jinja_db/db/ycDB_02jinja-pc-detail.html?mode:view=1&view:oid=1319
Shiga,唐崎神社,カラサキ,滋賀県高島市マキノ町知内924,https://www.shiga-jinjacho.jp/ycBBS/Board.cgi/02_jinja_db/db/ycDB_02jinja-pc-detail.html?mode:view=1&view:oid=1320
Shiga,天満宮,テンマングウ,滋賀県高島市マキノ町新保900,https://www.shiga-jinjacho.jp/ycBBS/Board.cgi/02_jinja_db/db/ycDB_02jinja-pc-detail.html?mode:view=1&view:oid=1321
Shiga,日枝神社,ヒエ,滋賀県高島市マキノ町中庄431,https://www.shiga-jinjacho.jp/ycBBS/Board.cgi/02_jinja_db/db/ycDB_02jinja-pc-detail.html?mode:view=1&view:oid=1322
Shiga,日吉神社,ヒヨシ,滋賀県高島市マキノ町大沼178,https://www.shiga-jinjacho.jp/ycBBS/Board.cgi/02_jinja_db/db/ycDB_02jinja-pc-detail.html?mode:view=1&view:oid=1323
Shiga,住吉神社,スミヨシ,滋賀県高島市今津町今津289-2,https://www.shiga-jinjacho.jp/ycBBS/Board.cgi/02_jinja_db/db/ycDB_02jinja-pc-detail.html?mode:view=1&view:oid=1324
Shiga,日枝神社・大水別神社,ヒエオオミクマリ,滋賀県高島市今津町今津14-2,https://www.shiga-jinjacho.jp/ycBBS/Board.cgi/02_jinja_db/db/ycDB_02jinja-pc-detail.html?mode:view=1&view:oid=1325
Shiga,小海神社,コウミ,滋賀県高島市今津町南新保362,https://www.shiga-jinjacho.jp/ycBBS/Board.cgi/02_jinja_db/db/ycDB_02jinja-pc-detail.html?mode:view=1&view:oid=1326
Shiga,八雲神社,ヤグモ,滋賀県高島市今津町大供269,https://www.shiga-jinjacho.jp/ycBBS/Board.cgi/02_jinja_db/db/ycDB_02jinja-pc-detail.html?mode:view=1&view:oid=1327
Shiga,阿志都彌神社・行過天満宮,アシヅミユキスギ,滋賀県高島市今津町弘川1707-1,https://www.shiga-jinjacho.jp/ycBBS/Board.cgi/02_jinja_db/db/ycDB_02jinja-pc-detail.html?mode:view=1&view:oid=1328
Shiga,白山神社,シラヤマ,滋賀県高島市今津町上弘部118,https://www.shiga-jinjacho.jp/ycBBS/Board.cgi/02_jinja_db/db/ycDB_02jinja-pc-detail.html?mode:view=1&view:oid=1329
Shiga,日吉神社,ヒヨシ,滋賀県高島市今津町下弘部947,https://www.shiga-jinjacho.jp/ycBBS/Board.cgi/02_jinja_db/db/ycDB_02jinja-pc-detail.html?mode:view=1&view:oid=1330
Shiga,岸脇神社,キシワキ,滋賀県高島市今津町岸脇589,https://www.shiga-jinjacho.jp/ycBBS/Board.cgi/02_jinja_db/db/ycDB_02jinja-pc-detail.html?mode:view=1&view:oid=1331
Shiga,熊野神社,クマノ,滋賀県高島市今津町藺生742,https://www.shiga-jinjacho.jp/ycBBS/Board.cgi/02_jinja_db/db/ycDB_02jinja-pc-detail.html?mode:view=1&view:oid=1332
Shiga,弓削神社,ユゲ,滋賀県高島市今津町梅原1054,https://www.shiga-jinjacho.jp/ycBBS/Board.cgi/02_jinja_db/db/ycDB_02jinja-pc-detail.html?mode:view=1&view:oid=1333
Shiga,日吉神社,ヒヨシ,滋賀県高島市今津町梅原557,https://www.shiga-jinjacho.jp/ycBBS/Board.cgi/02_jinja_db/db/ycDB_02jinja-pc-detail.html?mode:view=1&view:oid=1334
Shiga,大将軍神社,ダイショウグン,滋賀県高島市今津町梅原144,https://www.shiga-jinjacho.jp/ycBBS/Board.cgi/02_jinja_db/db/ycDB_02jinja-pc-detail.html?mode:view=1&view:oid=1335
Shiga,日吉神社,ヒヨシ,滋賀県高島市今津町深清水944,https://www.shiga-jinjacho.jp/ycBBS/Board.cgi/02_jinja_db/db/ycDB_02jinja-pc-detail.html?mode:view=1&view:oid=1336
Shiga,檪原神社,イチハラ,滋賀県高島市今津町桂626,https://www.shiga-jinjacho.jp/ycBBS/Board.cgi/02_jinja_db/db/ycDB_02jinja-pc-detail.html?mode:view=1&view:oid=1337
Shiga,日置神社,ヒオキ,滋賀県高島市今津町酒波855,https://www.shiga-jinjacho.jp/ycBBS/Board.cgi/02_jinja_db/db/ycDB_02jinja-pc-detail.html?mode:view=1&view:oid=1338
Shiga,津野神社,ツノウ,滋賀県高島市今津町北仰316-1,https://www.shiga-jinjacho.jp/ycBBS/Board.cgi/02_jinja_db/db/ycDB_02jinja-pc-detail.html?mode:view=1&view:oid=1339
Shiga,八幡神社,ハチマン,滋賀県高島市今津町日置前3572,https://www.shiga-jinjacho.jp/ycBBS/Board.cgi/02_jinja_db/db/ycDB_02jinja-pc-detail.html?mode:view=1&view:oid=1340
Shiga,山神社,サン,滋賀県高島市今津町日置前1552,https://www.shiga-jinjacho.jp/ycBBS/Board.cgi/02_jinja_db/db/ycDB_02jinja-pc-detail.html?mode:view=1&view:oid=1341
Shiga,井ノ口神社,イノクチ,滋賀県高島市今津町福岡467,https://www.shiga-jinjacho.jp/ycBBS/Board.cgi/02_jinja_db/db/ycDB_02jinja-pc-detail.html?mode:view=1&view:oid=1342
Shiga,五社神社,ゴシャ,滋賀県高島市今津町福岡147,https://www.shiga-jinjacho.jp/ycBBS/Board.cgi/02_jinja_db/db/ycDB_02jinja-pc-detail.html?mode:view=1&view:oid=1343
Shiga,日枝神社,ヒエ,滋賀県高島市今津町福岡1137,https://www.shiga-jinjacho.jp/ycBBS/Board.cgi/02_jinja_db/db/ycDB_02jinja-pc-detail.html?mode:view=1&view:oid=1344
Shiga,秋葉神社,アキバ,滋賀県高島市今津町浜分1343,https://www.shiga-jinjacho.jp/ycBBS/Board.cgi/02_jinja_db/db/ycDB_02jinja-pc-detail.html?mode:view=1&view:oid=1345
Shiga,神明神社,シンメイ,滋賀県高島市今津町浜分1054,https://www.shiga-jinjacho.jp/ycBBS/Board.cgi/02_jinja_db/db/ycDB_02jinja-pc-detail.html?mode:view=1&view:oid=1346
Shiga,安閑神社,アンカン,滋賀県高島市今津町浜分650,https://www.shiga-jinjacho.jp/ycBBS/Board.cgi/02_jinja_db/db/ycDB_02jinja-pc-detail.html?mode:view=1&view:oid=1347
Shiga,金刀比羅神社,コトヒラ,滋賀県高島市今津町浜分247,https://www.shiga-jinjacho.jp/ycBBS/Board.cgi/02_jinja_db/db/ycDB_02jinja-pc-detail.html?mode:view=1&view:oid=1348
Shiga,八幡神社,ハチマン,滋賀県高島市今津町浜分351,https://www.shiga-jinjacho.jp/ycBBS/Board.cgi/02_jinja_db/db/ycDB_02jinja-pc-detail.html?mode:view=1&view:oid=1349
Shiga,日吉神社,ヒヨシ,滋賀県高島市今津町浜分313-2,https://www.shiga-jinjacho.jp/ycBBS/Board.cgi/02_jinja_db/db/ycDB_02jinja-pc-detail.html?mode:view=1&view:oid=1350
Shiga,山神社,サン,滋賀県高島市今津町酒波855,https://www.shiga-jinjacho.jp/ycBBS/Board.cgi/02_jinja_db/db/ycDB_02jinja-pc-detail.html?mode:view=1&view:oid=1351
Shiga,津野神社,ツノウ,滋賀県高島市今津町角川95,https://www.shiga-jinjacho.jp/ycBBS/Board.cgi/02_jinja_db/db/ycDB_02jinja-pc-detail.html?mode:view=1&view:oid=1352
Shiga,山神社,サン,滋賀県高島市今津町保坂167,https://www.shiga-jinjacho.jp/ycBBS/Board.cgi/02_jinja_db/db/ycDB_02jinja-pc-detail.html?mode:view=1&view:oid=1353
Shiga,勝手神社,カツテ,滋賀県高島市今津町杉山508,https://www.shiga-jinjacho.jp/ycBBS/Board.cgi/02_jinja_db/db/ycDB_02jinja-pc-detail.html?mode:view=1&view:oid=1354
Shiga,八幡神社,ハチマン,滋賀県高島市今津町杉山128,https://www.shiga-jinjacho.jp/ycBBS/Board.cgi/02_jinja_db/db/ycDB_02jinja-pc-detail.html?mode:view=1&view:oid=1355
Shiga,八幡神社,ハチマン,滋賀県高島市今津町天増川616,https://www.shiga-jinjacho.jp/ycBBS/Board.cgi/02_jinja_db/db/ycDB_02jinja-pc-detail.html?mode:view=1&view:oid=1356
Shiga,山神社,ヤマ,滋賀県高島市今津町椋川617,https://www.shiga-jinjacho.jp/ycBBS/Board.cgi/02_jinja_db/db/ycDB_02jinja-pc-detail.html?mode:view=1&view:oid=1357
Shiga,日吉神社,ヒヨシ,滋賀県高島市今津町椋川708,https://www.shiga-jinjacho.jp/ycBBS/Board.cgi/02_jinja_db/db/ycDB_02jinja-pc-detail.html?mode:view=1&view:oid=1358
Shiga,八坂神社,ヤサカ,滋賀県高島市今津町途中谷65,https://www.shiga-jinjacho.jp/ycBBS/Board.cgi/02_jinja_db/db/ycDB_02jinja-pc-detail.html?mode:view=1&view:oid=1359
Shiga,山神神社,サンジン,滋賀県高島市朽木野尻451-1,https://www.shiga-jinjacho.jp/ycBBS/Board.cgi/02_jinja_db/db/ycDB_02jinja-pc-detail.html?mode:view=1&view:oid=1360
Shiga,伊吹神社,イブキ,滋賀県高島市朽木荒川594-1,https://www.shiga-jinjacho.jp/ycBBS/Board.cgi/02_jinja_db/db/ycDB_02jinja-pc-detail.html?mode:view=1&view:oid=1361
Shiga,若宮神社,ワカミヤ,滋賀県高島市朽木麻生643,https://www.shiga-jinjacho.jp/ycBBS/Board.cgi/02_jinja_db/db/ycDB_02jinja-pc-detail.html?mode:view=1&view:oid=1362
Shiga,日吉神社,ヒヨシ,滋賀県高島市朽木地子原567,https://www.shiga-jinjacho.jp/ycBBS/Board.cgi/02_jinja_db/db/ycDB_02jinja-pc-detail.html?mode:view=1&view:oid=1363
Shiga,日吉神社,ヒヨシ,滋賀県高島市朽木雲洞谷902,https://www.shiga-jinjacho.jp/ycBBS/Board.cgi/02_jinja_db/db/ycDB_02jinja-pc-detail.html?mode:view=1&view:oid=1364
Shiga,山神神社,サンジン,滋賀県高島市朽木能家372,https://www.shiga-jinjacho.jp/ycBBS/Board.cgi/02_jinja_db/db/ycDB_02jinja-pc-detail.html?mode:view=1&view:oid=1365
Shiga,大宮神社,オオミヤ,滋賀県高島市朽木中牧473,https://www.shiga-jinjacho.jp/ycBBS/Board.cgi/02_jinja_db/db/ycDB_02jinja-pc-detail.html?mode:view=1&view:oid=1366
Shiga,夷神社,エビス,滋賀県高島市朽木桑原185,https://www.shiga-jinjacho.jp/ycBBS/Board.cgi/02_jinja_db/db/ycDB_02jinja-pc-detail.html?mode:view=1&view:oid=1367
Shiga,思子淵神社,シコブチ,滋賀県高島市朽木平良197,https://www.shiga-jinjacho.jp/ycBBS/Board.cgi/02_jinja_db/db/ycDB_02jinja-pc-detail.html?mode:view=1&view:oid=1368
Shiga,思子淵神社,シコブチ,滋賀県高島市朽木小川566,https://www.shiga-jinjacho.jp/ycBBS/Board.cgi/02_jinja_db/db/ycDB_02jinja-pc-detail.html?mode:view=1&view:oid=1369
Shiga,八皇子神社,ハチオウジ,滋賀県高島市朽木栃生1226,https://www.shiga-jinjacho.jp/ycBBS/Board.cgi/02_jinja_db/db/ycDB_02jinja-pc-detail.html?mode:view=1&view:oid=1370
Shiga,八幡神社,ハチマン,滋賀県高島市朽木村井947,https://www.shiga-jinjacho.jp/ycBBS/Board.cgi/02_jinja_db/db/ycDB_02jinja-pc-detail.html?mode:view=1&view:oid=1371
Shiga,市杵島神社,イチキジマ,滋賀県高島市朽木大野161,https://www.shiga-jinjacho.jp/ycBBS/Board.cgi/02_jinja_db/db/ycDB_02jinja-pc-detail.html?mode:view=1&view:oid=1372
Shiga,廣田神社,ヒロタ,滋賀県高島市朽木古川545,https://www.shiga-jinjacho.jp/ycBBS/Board.cgi/02_jinja_db/db/ycDB_02jinja-pc-detail.html?mode:view=1&view:oid=1373
Shiga,志子淵神社,シコブチ,滋賀県高島市朽木岩瀬213,https://www.shiga-jinjacho.jp/ycBBS/Board.cgi/02_jinja_db/db/ycDB_02jinja-pc-detail.html?mode:view=1&view:oid=1374
Shiga,邇々杵神社,ニニギ,滋賀県高島市朽木宮前坊289,https://www.shiga-jinjacho.jp/ycBBS/Board.cgi/02_jinja_db/db/ycDB_02jinja-pc-detail.html?mode:view=1&view:oid=1375
Shiga,八幡神社,ハチマン,滋賀県高島市安曇川町上古賀704-1,https://www.shiga-jinjacho.jp/ycBBS/Board.cgi/02_jinja_db/db/ycDB_02jinja-pc-detail.html?mode:view=1&view:oid=1376
Shiga,熊野神社,クマノ,滋賀県高島市安曇川町上古賀1391,https://www.shiga-jinjacho.jp/ycBBS/Board.cgi/02_jinja_db/db/ycDB_02jinja-pc-detail.html?mode:view=1&view:oid=1377
Shiga,八幡神社,ハチマン,滋賀県高島市安曇川町下古賀1538,https://www.shiga-jinjacho.jp/ycBBS/Board.cgi/02_jinja_db/db/ycDB_02jinja-pc-detail.html?mode:view=1&view:oid=1378
Shiga,若宮神社,ワカミヤ,滋賀県高島市安曇川町長尾1049,https://www.shiga-jinjacho.jp/ycBBS/Board.cgi/02_jinja_db/db/ycDB_02jinja-pc-detail.html?mode:view=1&view:oid=1379
Shiga,思子淵神社,シコブチ,滋賀県高島市安曇川町中野564,https://www.shiga-jinjacho.jp/ycBBS/Board.cgi/02_jinja_db/db/ycDB_02jinja-pc-detail.html?mode:view=1&view:oid=1380
Shiga,御霊神社,ゴリョウ,滋賀県高島市安曇川町南古賀823,https://www.shiga-jinjacho.jp/ycBBS/Board.cgi/02_jinja_db/db/ycDB_02jinja-pc-detail.html?mode:view=1&view:oid=1382
Shiga,田中神社,タナカ,滋賀県高島市安曇川町田中1882-1,https://www.shiga-jinjacho.jp/ycBBS/Board.cgi/02_jinja_db/db/ycDB_02jinja-pc-detail.html?mode:view=1&view:oid=1383
Shiga,惣社神社,ソウシャ,滋賀県高島市安曇川町田中206,https://www.shiga-jinjacho.jp/ycBBS/Board.cgi/02_jinja_db/db/ycDB_02jinja-pc-detail.html?mode:view=1&view:oid=1384
Shiga,天満宮,テンマングウ,滋賀県高島市安曇川町五番領233,https://www.shiga-jinjacho.jp/ycBBS/Board.cgi/02_jinja_db/db/ycDB_02jinja-pc-detail.html?mode:view=1&view:oid=1386
Shiga,三重生神社,ミオウ,滋賀県高島市安曇川町常磐木1239,https://www.shiga-jinjacho.jp/ycBBS/Board.cgi/02_jinja_db/db/ycDB_02jinja-pc-detail.html?mode:view=1&view:oid=1387
Shiga,箕島神社,ミシマ,滋賀県高島市安曇川町三尾里558,https://www.shiga-jinjacho.jp/ycBBS/Board.cgi/02_jinja_db/db/ycDB_02jinja-pc-detail.html?mode:view=1&view:oid=1388
Shiga,日吉神社,ヒヨシ,滋賀県高島市安曇川町西万木783,https://www.shiga-jinjacho.jp/ycBBS/Board.cgi/02_jinja_db/db/ycDB_02jinja-pc-detail.html?mode:view=1&view:oid=1389
Shiga,日吉神社,ヒヨシ,滋賀県高島市安曇川町青柳944,https://www.shiga-jinjacho.jp/ycBBS/Board.cgi/02_jinja_db/db/ycDB_02jinja-pc-detail.html?mode:view=1&view:oid=1390
Shiga,日吉神社,ヒヨシ,滋賀県高島市安曇川町上小川179,https://www.shiga-jinjacho.jp/ycBBS/Board.cgi/02_jinja_db/db/ycDB_02jinja-pc-detail.html?mode:view=1&view:oid=1391
Gifu,八幡神社,はちまんじんじゃ,岐阜県安八郡神戸町中沢字村中595番地の1,https://www.gifu-jinjacho.jp/syosai.php?shrno=119
Gifu,日吉神社,ひよしじんじゃ,岐阜県安八郡神戸町和泉字橋爪1070番地の1,https://www.gifu-jinjacho.jp/syosai.php?shrno=120
Gifu,諏訪神社,すわじんじゃ,岐阜県安八郡神戸町南方字屋敷227番地,https://www.gifu-jinjacho.jp/syosai.php?shrno=121
Gifu,六社神社,ろくしゃじんじゃ,岐阜県安八郡神戸町西座倉324番地,https://www.gifu-jinjacho.jp/syosai.php?shrno=122
Gifu,御鍬神社,みくわじんじゃ,岐阜県羽島郡岐南町上印食4-91,https://www.gifu-jinjacho.jp/syosai.php?shrno=123
Gifu,生嶋神社,いくしまじんじゃ,岐阜県羽島郡岐南町上印食4-46,https://www.gifu-jinjacho.jp/syosai.php?shrno=124
Gifu,石作神社,いしづくりじんじゃ,岐阜県羽島郡岐南町三宅9-120,https://www.gifu-jinjacho.jp/syosai.php?shrno=125
Gifu,八幡神社,はちまんじんじゃ,岐阜県羽島郡岐南町三宅字亀ﾉ宮1121番地,https://www.gifu-jinjacho.jp/syosai.php?shrno=126
Gifu,北野神社,きたのじんじゃ,岐阜県羽島郡岐南町三宅字流703番地,https://www.gifu-jinjacho.jp/syosai.php?shrno=127
Gifu,物見神社,ものみじんじゃ,岐阜県羽島郡岐南町平島4-84,https://www.gifu-jinjacho.jp/syosai.php?shrno=128
Gifu,八幡神社,はちまんじんじゃ,岐阜県羽島郡岐南町野中3-138,https://www.gifu-jinjacho.jp/syosai.php?shrno=129
Gifu,白山神社,はくさんじんじゃ,岐阜県羽島郡岐南町若宮地338番地の1･3,https://www.gifu-jinjacho.jp/syosai.php?shrno=130
Gifu,白山神社,はくさんじんじゃ,岐阜県羽島郡岐南町伏屋4-199,https://www.gifu-jinjacho.jp/syosai.php?shrno=131
Gifu,貴船神社,きふねじんじゃ,岐阜県羽島郡岐南町伏屋3-272,https://www.gifu-jinjacho.jp/syosai.php?shrno=132
Gifu,八幡神社,はちまんじんじゃ,岐阜県羽島郡岐南町伏屋5-93,https://www.gifu-jinjacho.jp/syosai.php?shrno=133
Gifu,諏訪神社,すわじんじゃ,岐阜県羽島郡岐南町伏屋3-35,https://www.gifu-jinjacho.jp/syosai.php?shrno=134
Gifu,秋葉神社,あきばじんじゃ,岐阜県羽島郡岐南町伏屋4-196,https://www.gifu-jinjacho.jp/syosai.php?shrno=135
Gifu,諏訪神社,すわじんじゃ,岐阜県羽島郡岐南町八剣3-46,https://www.gifu-jinjacho.jp/syosai.php?shrno=136
Gifu,鞍掛神社,くらかけじんじゃ,岐阜県羽島郡岐南町薬師寺5-20,https://www.gifu-jinjacho.jp/syosai.php?shrno=137
Gifu,九所神社,くしょじんじゃ,岐阜県羽島郡岐南町徳田6-127,https://www.gifu-jinjacho.jp/syosai.php?shrno=138
Gifu,神明神社,しんめいじんじゃ,岐阜県羽島郡岐南町徳田8-138,https://www.gifu-jinjacho.jp/syosai.php?shrno=139
Gifu,北野神社,きたのじんじゃ,岐阜県羽島郡岐南町徳田8-180,https://www.gifu-jinjacho.jp/syosai.php?shrno=140
Gifu,八剣神社,やつるぎじんじゃ,岐阜県羽島郡岐南町みやまち4-120,https://www.gifu-jinjacho.jp/syosai.php?shrno=141
Gifu,白鬚神社,しろひげじんじゃ,岐阜県各務原市川島笠田町字村中146番地,https://www.gifu-jinjacho.jp/syosai.php?shrno=142
Gifu,神明神社,しんめいじんじゃ,岐阜県各務原市川島松倉町字大印前1029番地,https://www.gifu-jinjacho.jp/syosai.php?shrno=143
Shiga,藤樹神社,トウジュ,滋賀県高島市安曇川町上小川69,https://www.shiga-jinjacho.jp/ycBBS/Board.cgi/02_jinja_db/db/ycDB_02jinja-pc-detail.html?mode:view=1&view:oid=1392
Shiga,國狭槌神社,クニサヅチ,滋賀県高島市安曇川町下小川439-1,https://www.shiga-jinjacho.jp/ycBBS/Board.cgi/02_jinja_db/db/ycDB_02jinja-pc-detail.html?mode:view=1&view:oid=1393
Shiga,布留神社,フル,滋賀県高島市安曇川町横江413,https://www.shiga-jinjacho.jp/ycBBS/Board.cgi/02_jinja_db/db/ycDB_02jinja-pc-detail.html?mode:view=1&view:oid=1394
Shiga,若宮神社,ワカミヤ,滋賀県高島市安曇川町北船木2203,https://www.shiga-jinjacho.jp/ycBBS/Board.cgi/02_jinja_db/db/ycDB_02jinja-pc-detail.html?mode:view=1&view:oid=1395
Shiga,諏訪神社,スワ,滋賀県高島市安曇川町北船木1996,https://www.shiga-jinjacho.jp/ycBBS/Board.cgi/02_jinja_db/db/ycDB_02jinja-pc-detail.html?mode:view=1&view:oid=1396
Shiga,日枝神社,ヒエ,滋賀県高島市安曇川町南船木283,https://www.shiga-jinjacho.jp/ycBBS/Board.cgi/02_jinja_db/db/ycDB_02jinja-pc-detail.html?mode:view=1&view:oid=1397
Shiga,日枝神社,ヒエ,滋賀県高島市安曇川町南船木210-1,https://www.shiga-jinjacho.jp/ycBBS/Board.cgi/02_jinja_db/db/ycDB_02jinja-pc-detail.html?mode:view=1&view:oid=1398
Shiga,阿志都弥神社,アシズミ,滋賀県高島市安曇川町川島615-1,https://www.shiga-jinjacho.jp/ycBBS/Board.cgi/02_jinja_db/db/ycDB_02jinja-pc-detail.html?mode:view=1&view:oid=1399
Shiga,加茂神社,カモ,滋賀県高島市安曇川町四津川541,https://www.shiga-jinjacho.jp/ycBBS/Board.cgi/02_jinja_db/db/ycDB_02jinja-pc-detail.html?mode:view=1&view:oid=1400
Shiga,貴布禰神社,キフネ,滋賀県高島市安曇川町四津川846,https://www.shiga-jinjacho.jp/ycBBS/Board.cgi/02_jinja_db/db/ycDB_02jinja-pc-detail.html?mode:view=1&view:oid=1401
Shiga,蛭子神社,エビス,滋賀県高島市安曇川町横江浜55,https://www.shiga-jinjacho.jp/ycBBS/Board.cgi/02_jinja_db/db/ycDB_02jinja-pc-detail.html?mode:view=1&view:oid=1402
Shiga,綾神社,アヤ,滋賀県高島市安曇川町横江浜141,https://www.shiga-jinjacho.jp/ycBBS/Board.cgi/02_jinja_db/db/ycDB_02jinja-pc-detail.html?mode:view=1&view:oid=1403
Shiga,白鬚神社,シラヒゲ,滋賀県高島市鵜川215,https://www.shiga-jinjacho.jp/ycBBS/Board.cgi/02_jinja_db/db/ycDB_02jinja-pc-detail.html?mode:view=1&view:oid=1404
Shiga,日吉神社,ヒヨシ,滋賀県高島市勝野2763,https://www.shiga-jinjacho.jp/ycBBS/Board.cgi/02_jinja_db/db/ycDB_02jinja-pc-detail.html?mode:view=1&view:oid=1405
Shiga,日吉神社,ヒヨシ,滋賀県高島市勝野2166,https://www.shiga-jinjacho.jp/ycBBS/Board.cgi/02_jinja_db/db/ycDB_02jinja-pc-detail.html?mode:view=1&view:oid=1406
Shiga,分部神社,ワケベ,滋賀県高島市勝野1669,https://www.shiga-jinjacho.jp/ycBBS/Board.cgi/02_jinja_db/db/ycDB_02jinja-pc-detail.html?mode:view=1&view:oid=1407
Shiga,長田神社,ナガタ,滋賀県高島市永田1203,https://www.shiga-jinjacho.jp/ycBBS/Board.cgi/02_jinja_db/db/ycDB_02jinja-pc-detail.html?mode:view=1&view:oid=1408
Shiga,大炊神社,オオイ,滋賀県高島市音羽465,https://www.shiga-jinjacho.jp/ycBBS/Board.cgi/02_jinja_db/db/ycDB_02jinja-pc-detail.html?mode:view=1&view:oid=1409
Shiga,日吉神社,ヒヨシ,滋賀県高島市鴨2395,https://www.shiga-jinjacho.jp/ycBBS/Board.cgi/02_jinja_db/db/ycDB_02jinja-pc-detail.html?mode:view=1&view:oid=1410
Shiga,志呂志神社,シロシ,滋賀県高島市鴨2276,https://www.shiga-jinjacho.jp/ycBBS/Board.cgi/02_jinja_db/db/ycDB_02jinja-pc-detail.html?mode:view=1&view:oid=1411
Shiga,貴布禰神社,キフネ,滋賀県高島市鴨2107,https://www.shiga-jinjacho.jp/ycBBS/Board.cgi/02_jinja_db/db/ycDB_02jinja-pc-detail.html?mode:view=1&view:oid=1412
Shiga,白山神社,ハクサン,滋賀県高島市宮野362,https://www.shiga-jinjacho.jp/ycBBS/Board.cgi/02_jinja_db/db/ycDB_02jinja-pc-detail.html?mode:view=1&view:oid=1413
Shiga,宇伎多神社,ウキタ,滋賀県高島市野田501,https://www.shiga-jinjacho.jp/ycBBS/Board.cgi/02_jinja_db/db/ycDB_02jinja-pc-detail.html?mode:view=1&view:oid=1414
Shiga,八幡神社,ハチマン,滋賀県高島市野田1140,https://www.shiga-jinjacho.jp/ycBBS/Board.cgi/02_jinja_db/db/ycDB_02jinja-pc-detail.html?mode:view=1&view:oid=1415
Shiga,日吉神社,ヒヨシ,滋賀県高島市武曽横山2074,https://www.shiga-jinjacho.jp/ycBBS/Board.cgi/02_jinja_db/db/ycDB_02jinja-pc-detail.html?mode:view=1&view:oid=1416
Shiga,若宮神社,ワカミヤ,滋賀県高島市武曽横山1043,https://www.shiga-jinjacho.jp/ycBBS/Board.cgi/02_jinja_db/db/ycDB_02jinja-pc-detail.html?mode:view=1&view:oid=1417
Shiga,日吉神社,ヒヨシ,滋賀県高島市高島647,https://www.shiga-jinjacho.jp/ycBBS/Board.cgi/02_jinja_db/db/ycDB_02jinja-pc-detail.html?mode:view=1&view:oid=1418
Shiga,玉津島神社,タマツシマ,滋賀県高島市高島1706,https://www.shiga-jinjacho.jp/ycBBS/Board.cgi/02_jinja_db/db/ycDB_02jinja-pc-detail.html?mode:view=1&view:oid=1419
Shiga,水尾神社,ミオ,滋賀県高島市拝戸716,https://www.shiga-jinjacho.jp/ycBBS/Board.cgi/02_jinja_db/db/ycDB_02jinja-pc-detail.html?mode:view=1&view:oid=1420
Shiga,松尾神社,マツオ,滋賀県高島市黒谷384,https://www.shiga-jinjacho.jp/ycBBS/Board.cgi/02_jinja_db/db/ycDB_02jinja-pc-detail.html?mode:view=1&view:oid=1421
Shiga,八幡神社,ハチマン,滋賀県高島市畑591,https://www.shiga-jinjacho.jp/ycBBS/Board.cgi/02_jinja_db/db/ycDB_02jinja-pc-detail.html?mode:view=1&view:oid=1422
Shiga,加茂神社,カモ,滋賀県高島市新旭町新庄488,https://www.shiga-jinjacho.jp/ycBBS/Board.cgi/02_jinja_db/db/ycDB_02jinja-pc-detail.html?mode:view=1&view:oid=1423
Shiga,大荒比古神社,オオアラヒコ,滋賀県高島市新旭町安井川844,https://www.shiga-jinjacho.jp/ycBBS/Board.cgi/02_jinja_db/db/ycDB_02jinja-pc-detail.html?mode:view=1&view:oid=1424
Shiga,大将軍神社,タイショウグンジンシャ,滋賀県高島市新旭町安井川314,https://www.shiga-jinjacho.jp/ycBBS/Board.cgi/02_jinja_db/db/ycDB_02jinja-pc-detail.html?mode:view=1&view:oid=1425
Shiga,日枝神社,ヒエ,滋賀県高島市新旭町安井川686,https://www.shiga-jinjacho.jp/ycBBS/Board.cgi/02_jinja_db/db/ycDB_02jinja-pc-detail.html?mode:view=1&view:oid=1426
Shiga,大神宮神社,ダイジングウ,滋賀県高島市新旭町北畑494,https://www.shiga-jinjacho.jp/ycBBS/Board.cgi/02_jinja_db/db/ycDB_02jinja-pc-detail.html?mode:view=1&view:oid=1427
Shiga,藁園神社,ワラソノ,滋賀県高島市新旭町藁園2056,https://www.shiga-jinjacho.jp/ycBBS/Board.cgi/02_jinja_db/db/ycDB_02jinja-pc-detail.html?mode:view=1&view:oid=1428
Shiga,大田神社,オオタ,滋賀県高島市新旭町太田1468,https://www.shiga-jinjacho.jp/ycBBS/Board.cgi/02_jinja_db/db/ycDB_02jinja-pc-detail.html?mode:view=1&view:oid=1429
Shiga,大國主神社,オオクニヌシ,滋賀県高島市新旭町饗庭619,https://www.shiga-jinjacho.jp/ycBBS/Board.cgi/02_jinja_db/db/ycDB_02jinja-pc-detail.html?mode:view=1&view:oid=1430
Shiga,若宮八幡神社,ワカミヤハチマンシャ,滋賀県高島市新旭町饗庭2929,https://www.shiga-jinjacho.jp/ycBBS/Board.cgi/02_jinja_db/db/ycDB_02jinja-pc-detail.html?mode:view=1&view:oid=1431
Shiga,健速神社,タケハヤ,滋賀県高島市新旭町饗庭3718-2,https://www.shiga-jinjacho.jp/ycBBS/Board.cgi/02_jinja_db/db/ycDB_02jinja-pc-detail.html?mode:view=1&view:oid=1432
Shiga,波爾布神社,ハニフ,滋賀県高島市新旭町饗庭3363,https://www.shiga-jinjacho.jp/ycBBS/Board.cgi/02_jinja_db/db/ycDB_02jinja-pc-detail.html?mode:view=1&view:oid=1433
Shiga,八幡神社,ハチマン,滋賀県高島市新旭町熊野本292,https://www.shiga-jinjacho.jp/ycBBS/Board.cgi/02_jinja_db/db/ycDB_02jinja-pc-detail.html?mode:view=1&view:oid=1434
Shiga,佐佐木神社,ササキ,滋賀県高島市新旭町熊野本870,https://www.shiga-jinjacho.jp/ycBBS/Board.cgi/02_jinja_db/db/ycDB_02jinja-pc-detail.html?mode:view=1&view:oid=1435
Shiga,西宮大神社,ニシノミヤ,滋賀県高島市新旭町旭502-2,https://www.shiga-jinjacho.jp/ycBBS/Board.cgi/02_jinja_db/db/ycDB_02jinja-pc-detail.html?mode:view=1&view:oid=1436
Shiga,森神社,モリ,滋賀県高島市新旭町旭1156,https://www.shiga-jinjacho.jp/ycBBS/Board.cgi/02_jinja_db/db/ycDB_02jinja-pc-detail.html?mode:view=1&view:oid=1437
Shiga,日吉神社,ヒヨシ,滋賀県高島市新旭町針江578,https://www.shiga-jinjacho.jp/ycBBS/Board.cgi/02_jinja_db/db/ycDB_02jinja-pc-detail.html?mode:view=1&view:oid=1438
Shiga,日吉二宮神社,ヒヨシニノミヤ,滋賀県高島市新旭町深溝1460-1,https://www.shiga-jinjacho.jp/ycBBS/Board.cgi/02_jinja_db/db/ycDB_02jinja-pc-detail.html?mode:view=1&view:oid=1439
Saitama,八幡大神社,,東秩父村坂本1541,https://www.saitama-jinjacho.or.jp/shrine/9000/
Saitama,金鑚神社,,本庄市千代田3-2-3,https://www.saitama-jinjacho.or.jp/shrine/9002/
Saitama,大寄諏訪神社,,本庄市西五十子632-2,https://www.saitama-jinjacho.or.jp/shrine/9003/
Saitama,иӢҘжіүзЁІиҚ·зҘһзӨҫ пҪң еҹјзҺүзңҢгҒ®зҘһзӨҫ,,,https://www.saitama-jinjacho.or.jp/shrine/9004/
Saitama,八幡大神社,,本庄市牧西557,https://www.saitama-jinjacho.or.jp/shrine/9005/
Saitama,金佐奈神社,,本庄市四方田288-1,https://www.saitama-jinjacho.or.jp/shrine/9006/
Saitama,八幡大神社,,本庄市宮戸107-1,https://www.saitama-jinjacho.or.jp/shrine/9007/
Saitama,稲荷神社,,本庄市小和瀬1,https://www.saitama-jinjacho.or.jp/shrine/9008/
Saitama,稲荷神社,,本庄市傍示堂427,https://www.saitama-jinjacho.or.jp/shrine/9009/
Saitama,八幡神社,,本庄市児玉町児玉198,https://www.saitama-jinjacho.or.jp/shrine/9010/
Saitama,二柱神社,,美里町猪俣2145,https://www.saitama-jinjacho.or.jp/shrine/9011/
Saitama,東大澤神社,,美里町猪俣63,https://www.saitama-jinjacho.or.jp/shrine/9012/
Saitama,みか神社,,美里町広木1,https://www.saitama-jinjacho.or.jp/shrine/9013/
Saitama,北向神社,,美里町小茂田5,https://www.saitama-jinjacho.or.jp/shrine/9014/
Saitama,金鑽神社,,神川町二ノ宮751,https://www.saitama-jinjacho.or.jp/shrine/9015/
Saitama,廣野大神社,,神川町肥土380,https://www.saitama-jinjacho.or.jp/shrine/9016/
Saitama,熊野神社,,神川町八日市527,https://www.saitama-jinjacho.or.jp/shrine/9017/
Saitama,阿保神社,,神川町元阿保1,https://www.saitama-jinjacho.or.jp/shrine/9018/
Saitama,城峯神社,,神川町矢納1273-ロ,https://www.saitama-jinjacho.or.jp/shrine/9019/
Saitama,髙城神社,,熊谷市宮町2-93,https://www.saitama-jinjacho.or.jp/shrine/9020/
Saitama,八幡神社,,熊谷市三ケ尻2924,https://www.saitama-jinjacho.or.jp/shrine/9021/
Saitama,古宮神社,,熊谷市池上606,https://www.saitama-jinjacho.or.jp/shrine/9022/
Saitama,久下神社,,熊谷市久下829,https://www.saitama-jinjacho.or.jp/shrine/9025/
Saitama,冨士神社,,深谷市江原345,https://www.saitama-jinjacho.or.jp/shrine/9030/
Saitama,富士浅間神社,,深谷市深谷669,https://www.saitama-jinjacho.or.jp/shrine/9031/
Saitama,神明社,,深谷市矢島1003,https://www.saitama-jinjacho.or.jp/shrine/9033/
Saitama,玉津島神社,,深谷市境81-2,https://www.saitama-jinjacho.or.jp/shrine/9034/
Saitama,鹿島神社,,深谷市下手計1145,https://www.saitama-jinjacho.or.jp/shrine/9035/
Saitama,伊勢之宮神社,,深谷市西大沼300,https://www.saitama-jinjacho.or.jp/shrine/9036/
Saitama,八幡神社,,深谷市伊勢方316,https://www.saitama-jinjacho.or.jp/shrine/9037/
Saitama,瀧宮神社,,深谷市西島5-6-1,https://www.saitama-jinjacho.or.jp/shrine/9038/
Saitama,島護産泰神社,,深谷市岡3354,https://www.saitama-jinjacho.or.jp/shrine/9039/
Saitama,八幡大神社,,深谷市針ケ谷258-1,https://www.saitama-jinjacho.or.jp/shrine/9040/
Saitama,荒川神社,,深谷市荒川985,https://www.saitama-jinjacho.or.jp/shrine/9041/
Saitama,足髙神社,,深谷市武蔵野3283,https://www.saitama-jinjacho.or.jp/shrine/9042/
Saitama,八幡神社,,深谷市本田138,https://www.saitama-jinjacho.or.jp/shrine/9043/
Saitama,宗像神社,,寄居町藤田299ｰ2,https://www.saitama-jinjacho.or.jp/shrine/9044/
Saitama,稲乃比売神社,,寄居町鉢形2336,https://www.saitama-jinjacho.or.jp/shrine/9045/
Saitama,八幡神社,,寄居町鉢形1168,https://www.saitama-jinjacho.or.jp/shrine/9046/
Saitama,壱岐天手長男神社,,寄居町小園132,https://www.saitama-jinjacho.or.jp/shrine/9047/
Saitama,諏訪神社,,寄居町用土1695,https://www.saitama-jinjacho.or.jp/shrine/9048/
Saitama,貴船神社,,寄居町用土2857,https://www.saitama-jinjacho.or.jp/shrine/9049/
Saitama,釜山神社,,寄居町風布1969,https://www.saitama-jinjacho.or.jp/shrine/9050/
Saitama,八幡大神社,,寄居町桜沢3827,https://www.saitama-jinjacho.or.jp/shrine/9051/
Saitama,末野神社,,寄居町末野495-1,https://www.saitama-jinjacho.or.jp/shrine/9052/
Saitama,出雲乃伊波比神社,,寄居町赤浜723,https://www.saitama-jinjacho.or.jp/shrine/9053/
Saitama,行田八幡神社,,行田市行田16-23,https://www.saitama-jinjacho.or.jp/shrine/9054/
Saitama,久伊豆神社,,行田市桜町2-20-35,https://www.saitama-jinjacho.or.jp/shrine/9055/
Saitama,常世岐姫神社,,行田市荒木5230,https://www.saitama-jinjacho.or.jp/shrine/9056/
Saitama,久伊豆神社大雷神社合殿,,行田市皿尾393,https://www.saitama-jinjacho.or.jp/shrine/9057/
Saitama,勝呂神社,,行田市若小玉2630,https://www.saitama-jinjacho.or.jp/shrine/9058/
Saitama,小松神社,,羽生市小松280,https://www.saitama-jinjacho.or.jp/shrine/9060/
Saitama,鷲宮神社,,加須市久下2-10-8,https://www.saitama-jinjacho.or.jp/shrine/9061/
Saitama,戸川神社,,加須市戸川808,https://www.saitama-jinjacho.or.jp/shrine/9062/
Saitama,鷲宮神社,,加須市花崎2-29-3,https://www.saitama-jinjacho.or.jp/shrine/9063/
Saitama,御室社,,加須市上樋遣川4396,https://www.saitama-jinjacho.or.jp/shrine/9064/
Saitama,玉敷神社,,加須市騎西552−１,https://www.saitama-jinjacho.or.jp/shrine/9065/
Saitama,八幡神社,,加須市阿佐間991,https://www.saitama-jinjacho.or.jp/shrine/9066/
Saitama,鷲神社,,加須市飯積200-1,https://www.saitama-jinjacho.or.jp/shrine/9067/
Saitama,久伊豆神社,,さいたま市岩槻区宮町2-6-55,https://www.saitama-jinjacho.or.jp/shrine/9068/
Saitama,第六天神社,,さいたま市岩槻区大戸1752,https://www.saitama-jinjacho.or.jp/shrine/9069/
Saitama,愛宕神社,,さいたま市岩槻区本町3-21-25,https://www.saitama-jinjacho.or.jp/shrine/9070/
Saitama,久伊豆神社,,越谷市越ヶ谷1700,https://www.saitama-jinjacho.or.jp/shrine/9071/
Saitama,香取神社,,越谷市大沢3-13-38,https://www.saitama-jinjacho.or.jp/shrine/9072/
Saitama,日枝神社,,越谷市相模町6-481,https://www.saitama-jinjacho.or.jp/shrine/9073/
Saitama,八幡神社,,春日部市粕壁5597,https://www.saitama-jinjacho.or.jp/shrine/9074/
Saitama,女体神社,,春日部市牛島605,https://www.saitama-jinjacho.or.jp/shrine/9075/
Saitama,鷲香取神社,,春日部市内牧2286,https://www.saitama-jinjacho.or.jp/shrine/9076/
Saitama,久伊豆神社,,蓮田市江ケ崎1202,https://www.saitama-jinjacho.or.jp/shrine/9077/
Saitama,天神社,,久喜市吉羽358,https://www.saitama-jinjacho.or.jp/shrine/9078/
Saitama,八幡神社,,八潮市八條4069,https://www.saitama-jinjacho.or.jp/shrine/9079/
Saitama,稲荷神社,,八潮市南川崎766-1,https://www.saitama-jinjacho.or.jp/shrine/9080/
Saitama,八幡神社,,八潮市大曽根18,https://www.saitama-jinjacho.or.jp/shrine/9081/
Saitama,神明神社,,久喜市菖蒲町上栢間3366,https://www.saitama-jinjacho.or.jp/shrine/9082/
Saitama,菖蒲神社,,久喜市菖蒲町菖蒲552,https://www.saitama-jinjacho.or.jp/shrine/9083/
Saitama,天満神社,,白岡市高岩1616,https://www.saitama-jinjacho.or.jp/shrine/9084/
Saitama,久伊豆神社,,白岡市篠津1798,https://www.saitama-jinjacho.or.jp/shrine/9085/
Saitama,稲荷神社,,白岡市荒井新田548,https://www.saitama-jinjacho.or.jp/shrine/9086/
Saitama,久伊豆神社,,白岡市実ケ谷553-1,https://www.saitama-jinjacho.or.jp/shrine/9087/
Saitama,身代神社,,宮代町学園台1-17,https://www.saitama-jinjacho.or.jp/shrine/9088/
Saitama,姫宮神社,,宮代町姫宮373,https://www.saitama-jinjacho.or.jp/shrine/9089/
Saitama,富多神社,,春日部市神間663,https://www.saitama-jinjacho.or.jp/shrine/9090/
Saitama,香取神社,,春日部市西金野井1009-3,https://www.saitama-jinjacho.or.jp/shrine/9091/
Saitama,彦江神社,,三郷市彦江1-152,https://www.saitama-jinjacho.or.jp/shrine/9092/
Saitama,御嶽神社,,三郷市新和4-617,https://www.saitama-jinjacho.or.jp/shrine/9093/
Saitama,幸宮神社,,幸手市中4-11-30,https://www.saitama-jinjacho.or.jp/shrine/9094/
Saitama,香取神社,,幸手市惣新田630,https://www.saitama-jinjacho.or.jp/shrine/9095/
Saitama,浅間神社,,幸手市西関宿1,https://www.saitama-jinjacho.or.jp/shrine/9096/
Saitama,千塚神社,,幸手市千塚1359,https://www.saitama-jinjacho.or.jp/shrine/9097/
Saitama,上高野神社,,幸手市南2-12-19,https://www.saitama-jinjacho.or.jp/shrine/9098/
Saitama,芳川神社,,吉川市平沼315-6,https://www.saitama-jinjacho.or.jp/shrine/9099/
Saitama,武輝神社,,吉川市川藤694,https://www.saitama-jinjacho.or.jp/shrine/9100/
Saitama,香取神社,,吉川市吉屋1-72,https://www.saitama-jinjacho.or.jp/shrine/9101/
Saitama,鷲宮神社,,久喜市鷲宮1-6-1,https://www.saitama-jinjacho.or.jp/shrine/9102/
Saitama,千勝神社,,久喜市中妻25,https://www.saitama-jinjacho.or.jp/shrine/9103/
Saitama,中氷川神社,,所沢市山口1849,https://www.saitama-jinjacho.or.jp/shrine/9105/
Saitama,水宮神社,,富士見市水子1762-3,https://www.saitama-jinjacho.or.jp/shrine/9106/
Saitama,埼玉県護國神社,,さいたま市大宮区高鼻町3-149,https://www.saitama-jinjacho.or.jp/shrine/9107/
Saitama,氷川神社,,入間市小谷田1474,https://www.saitama-jinjacho.or.jp/shrine/9108/
Saitama,氷川神社,,さいたま市浦和区本太4-3-33,https://www.saitama-jinjacho.or.jp/shrine/9109/
Saitama,諏訪大神社,,深谷市大塚263,https://www.saitama-jinjacho.or.jp/shrine/9110/
Saitama,葦原大神社,,深谷市南阿賀野276,https://www.saitama-jinjacho.or.jp/shrine/9111/
Saitama,天沼神社,,さいたま市大宮区天沼1-394,https://www.saitama-jinjacho.or.jp/shrine/9112/
Saitama,八幡神社,,さいたま市大宮区大成町1-203,https://www.saitama-jinjacho.or.jp/shrine/9113/
Saitama,櫛引氷川神社,,さいたま市大宮区櫛引1-653,https://www.saitama-jinjacho.or.jp/shrine/9114/
Saitama,諏訪神社,,深谷市血洗島117,https://www.saitama-jinjacho.or.jp/shrine/9115/
Saitama,御嶽大神社,,深谷市新戒1562,https://www.saitama-jinjacho.or.jp/shrine/9116/
Saitama,古櫃神社,,深谷市新戒300,https://www.saitama-jinjacho.or.jp/shrine/9117/
Saitama,稲荷神社,,さいたま市大宮区土手町2-97,https://www.saitama-jinjacho.or.jp/shrine/9118/
Saitama,氷川神社,,さいたま市大宮区三橋2-114,https://www.saitama-jinjacho.or.jp/shrine/9119/
Saitama,氷川神社,,さいたま市大宮区上小町1110,https://www.saitama-jinjacho.or.jp/shrine/9120/
Saitama,稲荷神社,,さいたま市大宮区桜木町2-181,https://www.saitama-jinjacho.or.jp/shrine/9121/
Saitama,神明社,,さいたま市北区土呂町2-83-2,https://www.saitama-jinjacho.or.jp/shrine/9122/
Saitama,日進神社,,さいたま市北区日進町2-1194,https://www.saitama-jinjacho.or.jp/shrine/9123/
Saitama,加茂神社,,さいたま市北区宮原町4-8-1,https://www.saitama-jinjacho.or.jp/shrine/9124/
Saitama,南方神社,,さいたま市北区吉野町2-25-4,https://www.saitama-jinjacho.or.jp/shrine/9125/
Saitama,雷電神社,,さいたま市北区今羽町573,https://www.saitama-jinjacho.or.jp/shrine/9126/
Saitama,稲荷神社,,さいたま市北区別所町94,https://www.saitama-jinjacho.or.jp/shrine/9127/
Saitama,武国神社,,さいたま市北区奈良町158-1,https://www.saitama-jinjacho.or.jp/shrine/9128/
Saitama,吉野神社,,さいたま市北区吉野町1-21-8,https://www.saitama-jinjacho.or.jp/shrine/9129/
Saitama,鷲神社,,さいたま市見沼区大和田2-462,https://www.saitama-jinjacho.or.jp/shrine/9130/
Saitama,神明神社,,さいたま市見沼区小深作604,https://www.saitama-jinjacho.or.jp/shrine/9131/
Saitama,天神社,,さいたま市見沼区風渡野204,https://www.saitama-jinjacho.or.jp/shrine/9132/
Saitama,湯殿神社,,さいたま市見沼区東門前356,https://www.saitama-jinjacho.or.jp/shrine/9133/
Saitama,氷川神社,,さいたま市見沼区大谷1472,https://www.saitama-jinjacho.or.jp/shrine/9134/
Saitama,稲荷神社,,さいたま市見沼区新堤109,https://www.saitama-jinjacho.or.jp/shrine/9135/
Saitama,神明神社,,さいたま市見沼区蓮沼298,https://www.saitama-jinjacho.or.jp/shrine/9136/
Saitama,菅原神社,,さいたま市見沼区蓮沼1029,https://www.saitama-jinjacho.or.jp/shrine/9137/
Saitama,八雲神社,,さいたま市見沼区蓮沼501,https://www.saitama-jinjacho.or.jp/shrine/9138/
Saitama,八雲神社,,さいたま市見沼区蓮沼756,https://www.saitama-jinjacho.or.jp/shrine/9139/
Saitama,八幡神社,,さいたま市見沼区膝子623,https://www.saitama-jinjacho.or.jp/shrine/9140/
Saitama,諏訪神社,,さいたま市見沼区南中野35,https://www.saitama-jinjacho.or.jp/shrine/9141/
Saitama,荒神社,,さいたま市見沼区笹丸234,https://www.saitama-jinjacho.or.jp/shrine/9142/
Saitama,神明神社,,さいたま市見沼区南中丸1388,https://www.saitama-jinjacho.or.jp/shrine/9143/
Saitama,神明神社,,さいたま市見沼区南中丸746,https://www.saitama-jinjacho.or.jp/shrine/9144/
Saitama,八幡神社,,さいたま市見沼区南中丸390,https://www.saitama-jinjacho.or.jp/shrine/9145/
Saitama,神明神社,,さいたま市見沼区上山口新田1,https://www.saitama-jinjacho.or.jp/shrine/9146/
Saitama,宗像神社,,さいたま市見沼区新右ヱ門新田68,https://www.saitama-jinjacho.or.jp/shrine/9147/
Saitama,神明神社,,さいたま市見沼区御蔵368,https://www.saitama-jinjacho.or.jp/shrine/9148/
Saitama,白山神社,,さいたま市見沼区南中丸1370,https://www.saitama-jinjacho.or.jp/shrine/9149/
Saitama,稲荷神社,,さいたま市見沼区南中野1148,https://www.saitama-jinjacho.or.jp/shrine/9150/
Saitama,天満神社,,さいたま市見沼区東新井20,https://www.saitama-jinjacho.or.jp/shrine/9151/
Saitama,氷川神社,,さいたま市見沼区丸ヶ崎町8-3,https://www.saitama-jinjacho.or.jp/shrine/9152/
Saitama,氷川神社,,さいたま市見沼区深作2-15-2,https://www.saitama-jinjacho.or.jp/shrine/9153/
Saitama,神明神社,,さいたま市桜区塚本35,https://www.saitama-jinjacho.or.jp/shrine/9154/
Saitama,穂積神社,,さいたま市西区峰岸13,https://www.saitama-jinjacho.or.jp/shrine/9155/
Saitama,氷川神社,,さいたま市西区高木944,https://www.saitama-jinjacho.or.jp/shrine/9156/
Saitama,氷川神社,,さいたま市西区指扇2810,https://www.saitama-jinjacho.or.jp/shrine/9157/
Saitama,大倭神社,,さいたま市西区三橋6-411,https://www.saitama-jinjacho.or.jp/shrine/9158/
Saitama,氷川社,,さいたま市西区宮前町1634,https://www.saitama-jinjacho.or.jp/shrine/9159/
Saitama,稲荷神社,,さいたま市西区宮前町1881,https://www.saitama-jinjacho.or.jp/shrine/9160/
Saitama,八雲社,,さいたま市西区宮前町649,https://www.saitama-jinjacho.or.jp/shrine/9161/
Saitama,足立神社,,さいたま市西区飯田54,https://www.saitama-jinjacho.or.jp/shrine/9162/
Saitama,金山神社,,さいたま市西区佐知川1305,https://www.saitama-jinjacho.or.jp/shrine/9163/
Saitama,稲荷神社,,さいたま市西区佐知川276,https://www.saitama-jinjacho.or.jp/shrine/9164/
Saitama,八幡神社,,さいたま市西区飯田新田367,https://www.saitama-jinjacho.or.jp/shrine/9165/
Saitama,氷川神社,,さいたま市西区二ツ宮586,https://www.saitama-jinjacho.or.jp/shrine/9166/
Saitama,神明社,,さいたま市西区塚本2-180-1,https://www.saitama-jinjacho.or.jp/shrine/9167/
Saitama,氷川神社,,さいたま市西区土屋156,https://www.saitama-jinjacho.or.jp/shrine/9168/
Saitama,稲荷神社,,さいたま市西区土屋354,https://www.saitama-jinjacho.or.jp/shrine/9169/
Saitama,氷川神社,,さいたま市西区西遊馬235-1,https://www.saitama-jinjacho.or.jp/shrine/9170/
Saitama,稲荷神社,,さいたま市中央区新中里4-17-25,https://www.saitama-jinjacho.or.jp/shrine/9171/
Saitama,氷川神社,,さいたま市中央区本町東6-7-30,https://www.saitama-jinjacho.or.jp/shrine/9172/
Saitama,氷川神社,,さいたま市中央区大戸3-14-21,https://www.saitama-jinjacho.or.jp/shrine/9173/
Saitama,天神社,,さいたま市中央区鈴谷8-10-1,https://www.saitama-jinjacho.or.jp/shrine/9174/
Saitama,氷川神社,,さいたま市中央区下落合5-4,https://www.saitama-jinjacho.or.jp/shrine/9175/
Saitama,日枝神社,,さいたま市中央区円阿弥5-1-23,https://www.saitama-jinjacho.or.jp/shrine/9176/
Saitama,大国社,,さいたま市中央区本町西2-7,https://www.saitama-jinjacho.or.jp/shrine/9177/
Saitama,天祖神社,,さいたま市中央区本町西1-14-14,https://www.saitama-jinjacho.or.jp/shrine/9178/
Saitama,御嶽社,,さいたま市中央区本町西2-5-6,https://www.saitama-jinjacho.or.jp/shrine/9179/
Saitama,神明神社,,さいたま市中央区上落合1-10-3,https://www.saitama-jinjacho.or.jp/shrine/9180/
Saitama,浅間神社,,さいたま市中央区八王子1-7-11,https://www.saitama-jinjacho.or.jp/shrine/9181/
Saitama,八王子神社,,さいたま市中央区八王子1-7-11,https://www.saitama-jinjacho.or.jp/shrine/9182/
Saitama,諏訪社,,さいたま市中央区上峰2-3-7,https://www.saitama-jinjacho.or.jp/shrine/9183/
Saitama,白山神社,,さいたま市中央区八王子2-12-1,https://www.saitama-jinjacho.or.jp/shrine/9184/
Gifu,神明神社,しんめいじんじゃ,岐阜県各務原市川島松倉町字前河原2427番地,https://www.gifu-jinjacho.jp/syosai.php?shrno=144
Gifu,神明神社,しんめいじんじゃ,岐阜県各務原市川島松倉町字伊勢山2348番地,https://www.gifu-jinjacho.jp/syosai.php?shrno=145
Gifu,榎神社,えのきじんじゃ,岐阜県各務原市川島松倉町字前河原2433番地,https://www.gifu-jinjacho.jp/syosai.php?shrno=146
Gifu,神明神社,しんめいじんじゃ,岐阜県各務原市川島松倉町字上ﾉ島2232番地の1,https://www.gifu-jinjacho.jp/syosai.php?shrno=147
Gifu,神明神社,しんめいじんじゃ,岐阜県各務原市川島小網町字標場東2136番地,https://www.gifu-jinjacho.jp/syosai.php?shrno=148
Gifu,神明神社,しんめいじんじゃ,岐阜県各務原市川島小網町字乙宮西2054番地,https://www.gifu-jinjacho.jp/syosai.php?shrno=149
Gifu,八幡神社,はちまんじんじゃ,岐阜県各務原市川島河田町字山ﾉ瀬1245番地,https://www.gifu-jinjacho.jp/syosai.php?shrno=150
Gifu,神明神社,しんめいじんじゃ,岐阜県各務原市川島松原町字雁場前299番地の1の2,https://www.gifu-jinjacho.jp/syosai.php?shrno=151
Gifu,神明神社,しんめいじんじゃ,岐阜県各務原市川島松原町字雁場前301番地,https://www.gifu-jinjacho.jp/syosai.php?shrno=152
Gifu,神明神社,しんめいじんじゃ,岐阜県各務原市川島松原町字雁場前299番地の4,https://www.gifu-jinjacho.jp/syosai.php?shrno=153
Gifu,神明神社,しんめいじんじゃ,岐阜県各務原市川島松原町字河原屋敷1787番地,https://www.gifu-jinjacho.jp/syosai.php?shrno=154
Gifu,秋葉神社,あきばじんじゃ,岐阜県各務原市川島松倉町字前河原2415番地,https://www.gifu-jinjacho.jp/syosai.php?shrno=155
Gifu,金刀比羅神社,ことひらじんじゃ,岐阜県各務原市川島松倉町字中山1922番地の12,https://www.gifu-jinjacho.jp/syosai.php?shrno=156
Gifu,八幡神社,はちまんじんじゃ,岐阜県各務原市川島渡町字南渡588番地,https://www.gifu-jinjacho.jp/syosai.php?shrno=157
Gifu,神明神社,しんめいじんじゃ,岐阜県各務原市川島北山町字道北1029番地,https://www.gifu-jinjacho.jp/syosai.php?shrno=159
Gifu,日枝神社,ひえじんじゃ,岐阜県羽島郡笠松町米野480番地,https://www.gifu-jinjacho.jp/syosai.php?shrno=160
Gifu,津島神社,つしまじんじゃ,岐阜県羽島郡笠松町江川字村西179番地,https://www.gifu-jinjacho.jp/syosai.php?shrno=161
Gifu,正神社,しょうじんじゃ,岐阜県羽島郡笠松町無動寺145番地,https://www.gifu-jinjacho.jp/syosai.php?shrno=162
Gifu,綾衾神社,あやぶすまじんしゃ,岐阜県羽島郡笠松町中野184番地,https://www.gifu-jinjacho.jp/syosai.php?shrno=163
Gifu,白鬚神社,しらひげじんじゃ,岐阜県羽島郡笠松町円城寺字道西1459番地,https://www.gifu-jinjacho.jp/syosai.php?shrno=164
Gifu,秋葉神社,あきばじんじゃ,岐阜県羽島郡笠松町円城寺字道西1426番地,https://www.gifu-jinjacho.jp/syosai.php?shrno=165
Gifu,金刀比羅神社,ことひらじんじゃ,岐阜県羽島郡笠松町円城寺字金刀比羅前234番地,https://www.gifu-jinjacho.jp/syosai.php?shrno=166
Gifu,富士神社,ふじじんじゃ,岐阜県羽島郡笠松町円城寺字中屋敷無番地,https://www.gifu-jinjacho.jp/syosai.php?shrno=167
Gifu,神明神社,しんめいじんじゃ,岐阜県羽島郡笠松町円城寺字道東1634番地,https://www.gifu-jinjacho.jp/syosai.php?shrno=168
Gifu,田中神社,たなかじんじゃ,岐阜県羽島郡笠松町円城寺字栗屋927番地,https://www.gifu-jinjacho.jp/syosai.php?shrno=169
Saitama,氷川社,,さいたま市桜区田島4-12-1,https://www.saitama-jinjacho.or.jp/shrine/9185/
Saitama,稲荷社,,さいたま市桜区五関155,https://www.saitama-jinjacho.or.jp/shrine/9186/
Saitama,大久保神社,,さいたま市桜区宿69,https://www.saitama-jinjacho.or.jp/shrine/9187/
Saitama,月讀社,,さいたま市桜区神田799,https://www.saitama-jinjacho.or.jp/shrine/9188/
Saitama,身形神社,,さいたま市桜区神田56,https://www.saitama-jinjacho.or.jp/shrine/9189/
Saitama,氷川神社,,さいたま市桜区上大久保562,https://www.saitama-jinjacho.or.jp/shrine/9190/
Saitama,稲荷社,,さいたま市桜区神田509,https://www.saitama-jinjacho.or.jp/shrine/9191/
Saitama,日枝社,,さいたま市桜区大久保領家433,https://www.saitama-jinjacho.or.jp/shrine/9192/
Saitama,諏訪社,,さいたま市桜区下大久保1029,https://www.saitama-jinjacho.or.jp/shrine/9193/
Saitama,神明神社,,さいたま市南区関1-15-7,https://www.saitama-jinjacho.or.jp/shrine/9194/
Saitama,東神社,,さいたま市桜区栄和2-24-3,https://www.saitama-jinjacho.or.jp/shrine/9195/
Saitama,若王子稲荷神社,,さいたま市浦和区高砂2-15-19,https://www.saitama-jinjacho.or.jp/shrine/9196/
Saitama,慈恵稲荷神社,,さいたま市浦和区常盤1-5-19,https://www.saitama-jinjacho.or.jp/shrine/9197/
Saitama,笹岡大稲荷社,,さいたま市浦和区常盤3-26-13,https://www.saitama-jinjacho.or.jp/shrine/9198/
Saitama,笹岡小稲荷社,,さいたま市浦和区常盤3-27-17,https://www.saitama-jinjacho.or.jp/shrine/9199/
Saitama,天神社,,さいたま市浦和区岸町5-8-9,https://www.saitama-jinjacho.or.jp/shrine/9200/
Saitama,第六天神社,,さいたま市浦和区岸町4-18-6,https://www.saitama-jinjacho.or.jp/shrine/9201/
Saitama,神明社,,さいたま市浦和区岸町2-6-8,https://www.saitama-jinjacho.or.jp/shrine/9202/
Saitama,三角稲荷神社,,さいたま市浦和区本太3-27-1,https://www.saitama-jinjacho.or.jp/shrine/9203/
Saitama,八雲神社,,さいたま市浦和区元町1-21-3,https://www.saitama-jinjacho.or.jp/shrine/9204/
Saitama,御室社,,さいたま市浦和区木崎5-357,https://www.saitama-jinjacho.or.jp/shrine/9205/
Saitama,三島神社,,さいたま市浦和区瀬ヶ崎2-15-21,https://www.saitama-jinjacho.or.jp/shrine/9206/
Saitama,足立神社,,さいたま市浦和区上木崎5-11-1,https://www.saitama-jinjacho.or.jp/shrine/9207/
Saitama,神明社,,さいたま市浦和区大東1-9-13,https://www.saitama-jinjacho.or.jp/shrine/9208/
Saitama,第六天社,,さいたま市南区鹿手袋6-4-11,https://www.saitama-jinjacho.or.jp/shrine/9209/
Saitama,日月社,,さいたま市南区鹿手袋7-13-9,https://www.saitama-jinjacho.or.jp/shrine/9210/
Saitama,八幡社,,さいたま市南区鹿手袋6-6-20,https://www.saitama-jinjacho.or.jp/shrine/9211/
Saitama,睦神社,,さいたま市南区白幡1-16-13,https://www.saitama-jinjacho.or.jp/shrine/9212/
Saitama,神明社,,さいたま市南区根岸1-23-9,https://www.saitama-jinjacho.or.jp/shrine/9213/
Saitama,氷川神社,,さいたま市南区大谷口2285,https://www.saitama-jinjacho.or.jp/shrine/9215/
Saitama,氷川神社,,さいたま市南区太田窪2767,https://www.saitama-jinjacho.or.jp/shrine/9216/
Saitama,氷川社,,さいたま市南区内谷2-2-17,https://www.saitama-jinjacho.or.jp/shrine/9217/
Saitama,大門神社,,さいたま市緑区大門2933,https://www.saitama-jinjacho.or.jp/shrine/9218/
Saitama,中尾神社,,さいたま市緑区中尾2506,https://www.saitama-jinjacho.or.jp/shrine/9219/
Saitama,重殿社,,さいたま市緑区中野田1671,https://www.saitama-jinjacho.or.jp/shrine/9220/
Saitama,木傘社,,さいたま市緑区大崎3065,https://www.saitama-jinjacho.or.jp/shrine/9221/
Saitama,氷川社,,さいたま市緑区上野田78,https://www.saitama-jinjacho.or.jp/shrine/9222/
Saitama,八幡神社,,さいたま市緑区大牧1496,https://www.saitama-jinjacho.or.jp/shrine/9223/
Saitama,天神社,,さいたま市緑区寺山1112,https://www.saitama-jinjacho.or.jp/shrine/9224/
Saitama,鷲神社,,さいたま市緑区南部領辻2914,https://www.saitama-jinjacho.or.jp/shrine/9225/
Saitama,浅間神社,,さいたま市緑区大牧1485,https://www.saitama-jinjacho.or.jp/shrine/9226/
Saitama,八幡社,,さいたま市緑区代山115,https://www.saitama-jinjacho.or.jp/shrine/9227/
Saitama,稲荷社,,さいたま市緑区下山口新田18,https://www.saitama-jinjacho.or.jp/shrine/9228/
Saitama,水神社,,さいたま市緑区大間木2395,https://www.saitama-jinjacho.or.jp/shrine/9229/
Saitama,稲荷社,,さいたま市緑区東浦和5-2,https://www.saitama-jinjacho.or.jp/shrine/9230/
Saitama,稲荷社,,さいたま市緑区大間木1914,https://www.saitama-jinjacho.or.jp/shrine/9231/
Saitama,熊野社,,さいたま市緑区東浦和2-51-1,https://www.saitama-jinjacho.or.jp/shrine/9232/
Saitama,明神社,,さいたま市緑区東浦和2-48-2,https://www.saitama-jinjacho.or.jp/shrine/9233/
Saitama,氷川女体社,,さいたま市緑区大間木1522,https://www.saitama-jinjacho.or.jp/shrine/9234/
Saitama,神明社,,さいたま市緑区東浦和9-10-4,https://www.saitama-jinjacho.or.jp/shrine/9235/
Saitama,稲荷社,,さいたま市緑区中野田1081,https://www.saitama-jinjacho.or.jp/shrine/9236/
Saitama,稲荷社,,さいたま市緑区高畑329,https://www.saitama-jinjacho.or.jp/shrine/9237/
Saitama,春日神社,,川口市安行領根岸１,https://www.saitama-jinjacho.or.jp/shrine/9238/
Saitama,力神社,,川口市伊刈11,https://www.saitama-jinjacho.or.jp/shrine/9239/
Saitama,稲荷社,,さいたま市緑区石神503,https://www.saitama-jinjacho.or.jp/shrine/9240/
Saitama,子日神社,,川口市新井宿155,https://www.saitama-jinjacho.or.jp/shrine/9241/
Saitama,朝日神社,,川口市木曽呂193,https://www.saitama-jinjacho.or.jp/shrine/9242/
Saitama,氷川社,,川口市赤井488,https://www.saitama-jinjacho.or.jp/shrine/9243/
Saitama,氷川社,,川口市柳崎5-20-1,https://www.saitama-jinjacho.or.jp/shrine/9244/
Saitama,氷川社,,川口市西新井宿352,https://www.saitama-jinjacho.or.jp/shrine/9245/
Saitama,氷室神社,,川口市芝6299,https://www.saitama-jinjacho.or.jp/shrine/9246/
Saitama,羽盡神社,,川口市芝5379-1,https://www.saitama-jinjacho.or.jp/shrine/9247/
Saitama,八幡神社,,川口市芝6843,https://www.saitama-jinjacho.or.jp/shrine/9248/
Saitama,稲荷神社,,川口市小谷場957,https://www.saitama-jinjacho.or.jp/shrine/9249/
Saitama,七郷神社,,川口市戸塚3-13-6,https://www.saitama-jinjacho.or.jp/shrine/9250/
Saitama,飯塚氷川神社,,川口市飯塚1-7-18,https://www.saitama-jinjacho.or.jp/shrine/9251/
Saitama,上青木氷川神社,,川口市上青木2-27-26,https://www.saitama-jinjacho.or.jp/shrine/9252/
Saitama,稲荷神社,,川口市領家2-14-15,https://www.saitama-jinjacho.or.jp/shrine/9253/
Saitama,氷川神社,,川口市朝日1-3-15,https://www.saitama-jinjacho.or.jp/shrine/9254/
Saitama,氷川神社,,川口市江戸3-28-22,https://www.saitama-jinjacho.or.jp/shrine/9255/
Saitama,氷川神社,,川口市安行1059,https://www.saitama-jinjacho.or.jp/shrine/9256/
Saitama,日枝神社,,川口市赤山218,https://www.saitama-jinjacho.or.jp/shrine/9257/
Saitama,氷川神社,,川口市東本郷1249,https://www.saitama-jinjacho.or.jp/shrine/9258/
Saitama,氷川神社,,川口市三ツ和3-22-2,https://www.saitama-jinjacho.or.jp/shrine/9259/
Saitama,十二所神社,,川口市南鳩ヶ谷5-31-1,https://www.saitama-jinjacho.or.jp/shrine/9260/
Saitama,八幡神社,,川口市八幡木1-25-2,https://www.saitama-jinjacho.or.jp/shrine/9261/
Saitama,稲荷社,,蕨市塚越3-2-19,https://www.saitama-jinjacho.or.jp/shrine/9262/
Saitama,旭神社,,草加市金明町1332,https://www.saitama-jinjacho.or.jp/shrine/9263/
Saitama,久伊豆神社,,草加市青柳4-20-1,https://www.saitama-jinjacho.or.jp/shrine/9265/
Saitama,八坂神社,,草加市青柳4-35-1,https://www.saitama-jinjacho.or.jp/shrine/9266/
Saitama,女体神社,,草加市柿木町1732,https://www.saitama-jinjacho.or.jp/shrine/9267/
Saitama,八坂神社,,草加市柿木町1630,https://www.saitama-jinjacho.or.jp/shrine/9268/
Saitama,浅間神社,,草加市瀬崎３－３－２４,https://www.saitama-jinjacho.or.jp/shrine/9269/
Saitama,氷川神社,,草加市谷塚町901,https://www.saitama-jinjacho.or.jp/shrine/9270/
Saitama,毛長神社,,草加市新里町342,https://www.saitama-jinjacho.or.jp/shrine/9271/
Saitama,胡録天神社,,草加市稲荷4-36-1,https://www.saitama-jinjacho.or.jp/shrine/9272/
Saitama,稲荷神社,,草加市稲荷4-12-9,https://www.saitama-jinjacho.or.jp/shrine/9273/
Saitama,稲荷神社,,草加市稲荷3-13-1,https://www.saitama-jinjacho.or.jp/shrine/9274/
Saitama,氷川神社,,戸田市上戸田3-20-11,https://www.saitama-jinjacho.or.jp/shrine/9275/
Saitama,笹目神社,,戸田市笹目6-28-7,https://www.saitama-jinjacho.or.jp/shrine/9276/
Saitama,氷川社,,戸田市中町1-28-7,https://www.saitama-jinjacho.or.jp/shrine/9277/
Saitama,氷川社,,戸田市氷川町2-12-9,https://www.saitama-jinjacho.or.jp/shrine/9278/
Saitama,八幡社,,戸田市美女木7-9-1,https://www.saitama-jinjacho.or.jp/shrine/9279/
Saitama,氷川神社,,朝霞市膝折町2-20-44,https://www.saitama-jinjacho.or.jp/shrine/9280/
Saitama,氷川神社,,朝霞市溝沼6-23-1,https://www.saitama-jinjacho.or.jp/shrine/9281/
Saitama,神明神社,,朝霞市田島2-7-1,https://www.saitama-jinjacho.or.jp/shrine/9282/
Saitama,内間木神社,,朝霞市上内間木443,https://www.saitama-jinjacho.or.jp/shrine/9283/
Saitama,氷川神社,,朝霞市下内間木36,https://www.saitama-jinjacho.or.jp/shrine/9284/
Saitama,氷川神社,,志木市柏町3-6-19,https://www.saitama-jinjacho.or.jp/shrine/9285/
Saitama,天神社,,志木市中宗岡1-4-36,https://www.saitama-jinjacho.or.jp/shrine/9286/
Saitama,浅間神社,,志木市上宗岡4-27-20,https://www.saitama-jinjacho.or.jp/shrine/9287/
Saitama,氷川神社,,志木市下宗岡4-7-43,https://www.saitama-jinjacho.or.jp/shrine/9288/
Saitama,氷川神社,,志木市中宗岡2-29-12,https://www.saitama-jinjacho.or.jp/shrine/9289/
Saitama,氷川神社,,志木市上宗岡2-2-34,https://www.saitama-jinjacho.or.jp/shrine/9290/
Saitama,香取神社,,三郷市彦音2-26,https://www.saitama-jinjacho.or.jp/shrine/9291/
Saitama,女躰神社,,三郷市彦糸1-19,https://www.saitama-jinjacho.or.jp/shrine/9292/
Saitama,香取神社,,三郷市戸ヶ崎2-38-1,https://www.saitama-jinjacho.or.jp/shrine/9293/
Saitama,吹上天神社,,三郷市戸ヶ崎4-216,https://www.saitama-jinjacho.or.jp/shrine/9294/
Saitama,香取神社,,三郷市花和田416,https://www.saitama-jinjacho.or.jp/shrine/9295/
Saitama,神明神社,,三郷市番匠免1-126,https://www.saitama-jinjacho.or.jp/shrine/9296/
Saitama,氷川神社,,新座市大和田4-15-13,https://www.saitama-jinjacho.or.jp/shrine/9297/
Saitama,神明神社,,新座市野火止5-11-1,https://www.saitama-jinjacho.or.jp/shrine/9298/
Saitama,氷川神社,,新座市西堀1-4-17,https://www.saitama-jinjacho.or.jp/shrine/9299/
Saitama,若宮八幡神社,,新座市野火止3-13-8,https://www.saitama-jinjacho.or.jp/shrine/9300/
Saitama,香取神社,,三郷市上口1-74,https://www.saitama-jinjacho.or.jp/shrine/9301/
Saitama,子之神社,,三郷市彦倉1-60,https://www.saitama-jinjacho.or.jp/shrine/9302/
Saitama,女体神社,,三郷市彦野１-４２,https://www.saitama-jinjacho.or.jp/shrine/9303/
Saitama,香取神社,,三郷市彦川戸1-250,https://www.saitama-jinjacho.or.jp/shrine/9304/
Saitama,香取神社,,三郷市上彦名264,https://www.saitama-jinjacho.or.jp/shrine/9305/
Saitama,香取神社,,三郷市彦成1-115,https://www.saitama-jinjacho.or.jp/shrine/9306/
Saitama,女体神社,,三郷市采女1-109-2,https://www.saitama-jinjacho.or.jp/shrine/9307/
Saitama,駒形神社,,三郷市駒形499,https://www.saitama-jinjacho.or.jp/shrine/9308/
Saitama,稲荷神社,,三郷市早稲田8-17-8,https://www.saitama-jinjacho.or.jp/shrine/9309/
Saitama,香取神社,,三郷市三郷3-14-4,https://www.saitama-jinjacho.or.jp/shrine/9310/
Saitama,富足神社,,三郷市岩野木119,https://www.saitama-jinjacho.or.jp/shrine/9311/
Saitama,熊野神社,,三郷市茂田井615,https://www.saitama-jinjacho.or.jp/shrine/9312/
Saitama,鎌倉稲荷神社,,三郷市鷹野5-73,https://www.saitama-jinjacho.or.jp/shrine/9313/
Saitama,徳島稲荷神社,,三郷市鷹野1-217-2,https://www.saitama-jinjacho.or.jp/shrine/9314/
Saitama,稲荷神社,,三郷市谷中52,https://www.saitama-jinjacho.or.jp/shrine/9315/
Saitama,稲荷神社,,三郷市新和1-441,https://www.saitama-jinjacho.or.jp/shrine/9316/
Saitama,天豊受神社,,三郷市鷹野1-34-1,https://www.saitama-jinjacho.or.jp/shrine/9317/
Saitama,三輪神社,,三郷市高州4-137,https://www.saitama-jinjacho.or.jp/shrine/9318/
Saitama,香取神社,,三郷市高州3-108,https://www.saitama-jinjacho.or.jp/shrine/9319/
Saitama,香取神社,,三郷市彦沢1-63,https://www.saitama-jinjacho.or.jp/shrine/9320/
Saitama,水神社,,三郷市鷹野5-513-1,https://www.saitama-jinjacho.or.jp/shrine/9321/
Saitama,稲荷神社,,三郷市戸ヶ崎2-495,https://www.saitama-jinjacho.or.jp/shrine/9322/
Saitama,愛宕神社,,上尾市壱丁目346-3,https://www.saitama-jinjacho.or.jp/shrine/9323/
Saitama,橘神社,,上尾市平方2124,https://www.saitama-jinjacho.or.jp/shrine/9324/
Saitama,稲荷神社,,三郷市南蓮沼33,https://www.saitama-jinjacho.or.jp/shrine/9325/
Saitama,稲荷神社,,三郷市谷口35,https://www.saitama-jinjacho.or.jp/shrine/9326/
Saitama,日枝神社,,三郷市笹塚54-2,https://www.saitama-jinjacho.or.jp/shrine/9327/
Saitama,稲荷神社,,三郷市栄3-86,https://www.saitama-jinjacho.or.jp/shrine/9328/
Saitama,稲荷神社,,三郷市東町44,https://www.saitama-jinjacho.or.jp/shrine/9329/
Saitama,稲荷神社,,三郷市高州2-384,https://www.saitama-jinjacho.or.jp/shrine/9330/
Saitama,稲荷神社,,三郷市半田430,https://www.saitama-jinjacho.or.jp/shrine/9331/
Saitama,下新田稲荷神社,,三郷市高州1-289,https://www.saitama-jinjacho.or.jp/shrine/9332/
Saitama,熊野神社,,幸手市北3-10-19,https://www.saitama-jinjacho.or.jp/shrine/9333/
Saitama,吉野神社,,幸手市吉野230,https://www.saitama-jinjacho.or.jp/shrine/9334/
Saitama,天神神社,,幸手市中1-16-23,https://www.saitama-jinjacho.or.jp/shrine/9335/
Saitama,浅間神社,,幸手市北2-4-28,https://www.saitama-jinjacho.or.jp/shrine/9336/
Saitama,香取神社,,幸手市中5-5-2,https://www.saitama-jinjacho.or.jp/shrine/9337/
Saitama,神明神社,,幸手市中2-1-5,https://www.saitama-jinjacho.or.jp/shrine/9338/
Saitama,八幡神社,,幸手市内国府間640,https://www.saitama-jinjacho.or.jp/shrine/9339/
Saitama,雷電神社,,幸手市中4-20-10,https://www.saitama-jinjacho.or.jp/shrine/9340/
Saitama,香取神社,,幸手市戸島1-57,https://www.saitama-jinjacho.or.jp/shrine/9341/
Saitama,八合神社,,上尾市小泉８－９,https://www.saitama-jinjacho.or.jp/shrine/9342/
Saitama,諏訪神社,,上尾市畔吉835,https://www.saitama-jinjacho.or.jp/shrine/9343/
Saitama,天神氷川八幡合社,,上尾市藤波1-282-1,https://www.saitama-jinjacho.or.jp/shrine/9344/
Saitama,愛宕神社,,上尾市堤崎329,https://www.saitama-jinjacho.or.jp/shrine/9345/
Saitama,天神社,,上尾市西宮下1-225,https://www.saitama-jinjacho.or.jp/shrine/9346/
Saitama,神明神社,,上尾市向山3-2-6,https://www.saitama-jinjacho.or.jp/shrine/9347/
Saitama,神明神社,,上尾市川2-3-1,https://www.saitama-jinjacho.or.jp/shrine/9348/
Saitama,氷川神社,,上尾市今泉148,https://www.saitama-jinjacho.or.jp/shrine/9349/
Saitama,氷川神社,,上尾市地頭方113,https://www.saitama-jinjacho.or.jp/shrine/9350/
Saitama,春日神社,,上尾市柏座2-14-2,https://www.saitama-jinjacho.or.jp/shrine/9351/
Saitama,氷川神社,,上尾市上454,https://www.saitama-jinjacho.or.jp/shrine/9352/
Saitama,氷川神社,,上尾市戸崎983,https://www.saitama-jinjacho.or.jp/shrine/9353/
Saitama,氷川神社,,上尾市瓦葺1035,https://www.saitama-jinjacho.or.jp/shrine/9354/
Saitama,氷川神社,,上尾市平塚1514,https://www.saitama-jinjacho.or.jp/shrine/9355/
Saitama,白山神社,,上尾市原市3956,https://www.saitama-jinjacho.or.jp/shrine/9356/
Saitama,愛宕神社,,上尾市原市3532,https://www.saitama-jinjacho.or.jp/shrine/9357/
Saitama,稲荷神社,,上尾市原市2314,https://www.saitama-jinjacho.or.jp/shrine/9358/
Saitama,氷川神社,,上尾市原市1520,https://www.saitama-jinjacho.or.jp/shrine/9359/
Saitama,稲荷神社,,上尾市中新井65,https://www.saitama-jinjacho.or.jp/shrine/9360/
Saitama,日枝神社,,上尾市原市3705-1,https://www.saitama-jinjacho.or.jp/shrine/9361/
Saitama,香取神社,,幸手市下吉羽1657,https://www.saitama-jinjacho.or.jp/shrine/9362/
Saitama,聖神社,,秩父市黒谷2191,https://www.saitama-jinjacho.or.jp/shrine/9363/
Saitama,愛宕神社,,秩父市大野原340-2,https://www.saitama-jinjacho.or.jp/shrine/9364/
Saitama,椋神社,,秩父市蒔田2842,https://www.saitama-jinjacho.or.jp/shrine/9365/
Saitama,秋葉神社,,秩父市野坂町1-8-20,https://www.saitama-jinjacho.or.jp/shrine/9366/
Saitama,恒持神社,,秩父市山田1606,https://www.saitama-jinjacho.or.jp/shrine/9367/
Saitama,八坂神社,,秩父市栃谷404,https://www.saitama-jinjacho.or.jp/shrine/9368/
Saitama,八坂神社,,秩父市山田159-1,https://www.saitama-jinjacho.or.jp/shrine/9369/
Saitama,諏訪神社,,秩父市上影森255-1,https://www.saitama-jinjacho.or.jp/shrine/9370/
Saitama,熊野神社,,秩父市太田1320,https://www.saitama-jinjacho.or.jp/shrine/9371/
Saitama,諏訪神社,,秩父市寺尾1907,https://www.saitama-jinjacho.or.jp/shrine/9372/
Saitama,田村神社,,秩父市田村977,https://www.saitama-jinjacho.or.jp/shrine/9373/
Saitama,駒形神社,,秩父市堀切368,https://www.saitama-jinjacho.or.jp/shrine/9374/
Saitama,十二社神社,,秩父市浦山718,https://www.saitama-jinjacho.or.jp/shrine/9375/
Saitama,稲荷神社,,秩父市上宮地町25-20,https://www.saitama-jinjacho.or.jp/shrine/9376/
Saitama,石間戸神社,,秩父市上吉田111,https://www.saitama-jinjacho.or.jp/shrine/9377/
Saitama,十八神社,,秩父市吉田太田部993,https://www.saitama-jinjacho.or.jp/shrine/9378/
Saitama,八坂神社,,秩父市上吉田2865,https://www.saitama-jinjacho.or.jp/shrine/9379/
Saitama,城峯神社,,秩父市吉田石間4716,https://www.saitama-jinjacho.or.jp/shrine/9380/
Saitama,椋神社,,秩父市下吉田7377,https://www.saitama-jinjacho.or.jp/shrine/9381/
Saitama,岩崎神社,,秩父市吉田阿熊948,https://www.saitama-jinjacho.or.jp/shrine/9382/
Saitama,八坂神社,,秩父市下吉田3874,https://www.saitama-jinjacho.or.jp/shrine/9383/
Saitama,諏訪大神社,,秩父市吉田久長424,https://www.saitama-jinjacho.or.jp/shrine/9384/
Saitama,大山祇大神社,,秩父市下吉田8566,https://www.saitama-jinjacho.or.jp/shrine/9385/
Saitama,貴布禰神社,,秩父市下吉田6739,https://www.saitama-jinjacho.or.jp/shrine/9386/
Saitama,萩神社,,皆野町金沢2647,https://www.saitama-jinjacho.or.jp/shrine/9387/
Saitama,国神神社,,皆野町国神709,https://www.saitama-jinjacho.or.jp/shrine/9388/
Saitama,熊野神社,,皆野町大渕82,https://www.saitama-jinjacho.or.jp/shrine/9389/
Saitama,椋神社,,皆野町皆野238,https://www.saitama-jinjacho.or.jp/shrine/9390/
Saitama,八幡大神社,,皆野町三沢2847,https://www.saitama-jinjacho.or.jp/shrine/9391/
Saitama,諏訪神社,,皆野町三沢726,https://www.saitama-jinjacho.or.jp/shrine/9392/
Saitama,椋神社,,皆野町野巻363,https://www.saitama-jinjacho.or.jp/shrine/9393/
Saitama,金崎神社,,皆野町金崎1377,https://www.saitama-jinjacho.or.jp/shrine/9394/
Saitama,八阪神社,,小鹿野町小鹿野1883,https://www.saitama-jinjacho.or.jp/shrine/9396/
Saitama,八雲神社,,小鹿野町小鹿野973-11,https://www.saitama-jinjacho.or.jp/shrine/9397/
Saitama,小鹿神社,,小鹿野町下小鹿野1302,https://www.saitama-jinjacho.or.jp/shrine/9398/
Saitama,愛宕神社,,小鹿野町小鹿野323,https://www.saitama-jinjacho.or.jp/shrine/9399/
Saitama,琴平神社,,小鹿野町長留321-1,https://www.saitama-jinjacho.or.jp/shrine/9400/
Saitama,日本武神社,,小鹿野町般若629,https://www.saitama-jinjacho.or.jp/shrine/9401/
Saitama,三島神社,,小鹿野町下小鹿野2174,https://www.saitama-jinjacho.or.jp/shrine/9402/
Saitama,諏訪神社,,小鹿野町般若2592,https://www.saitama-jinjacho.or.jp/shrine/9403/
Saitama,秩父大神社,,小鹿野町般若2690,https://www.saitama-jinjacho.or.jp/shrine/9404/
Saitama,八剣神社,,小鹿野町下小鹿野1378,https://www.saitama-jinjacho.or.jp/shrine/9405/
Saitama,天満神社,,小鹿野町飯田815,https://www.saitama-jinjacho.or.jp/shrine/9406/
Saitama,古鷹神社,,小鹿野町三山1193,https://www.saitama-jinjacho.or.jp/shrine/9407/
Saitama,羽黒神社,,小鹿野町長留3537,https://www.saitama-jinjacho.or.jp/shrine/9408/
Saitama,武野上神社,,長瀞町本野上1114,https://www.saitama-jinjacho.or.jp/shrine/9409/
Saitama,石上神社,,長瀞町野上下郷3282,https://www.saitama-jinjacho.or.jp/shrine/9410/
Saitama,天満天神社,,長瀞町野上下郷2866,https://www.saitama-jinjacho.or.jp/shrine/9411/
Saitama,下野上神社,,長瀞町野上下郷2046,https://www.saitama-jinjacho.or.jp/shrine/9412/
Saitama,滝野神社,,長瀞町野上下郷1218,https://www.saitama-jinjacho.or.jp/shrine/9413/
Saitama,諏訪神社,,長瀞町野上下郷467,https://www.saitama-jinjacho.or.jp/shrine/9414/
Saitama,簗瀬神社,,長瀞町矢那瀬1380,https://www.saitama-jinjacho.or.jp/shrine/9415/
Saitama,八幡神社,,長瀞町矢那瀬566,https://www.saitama-jinjacho.or.jp/shrine/9416/
Saitama,白鳥神社,,長瀞町岩田1881,https://www.saitama-jinjacho.or.jp/shrine/9417/
Saitama,春日神社,,長瀞町井戸1222,https://www.saitama-jinjacho.or.jp/shrine/9418/
Saitama,白鬚神社,,横瀬町芦ヶ久保202-3,https://www.saitama-jinjacho.or.jp/shrine/9419/
Saitama,能気神社,,東秩父村安戸382,https://www.saitama-jinjacho.or.jp/shrine/9420/
Saitama,身形神社,,東秩父村安戸872,https://www.saitama-jinjacho.or.jp/shrine/9421/
Saitama,天神社,,東秩父村安戸53,https://www.saitama-jinjacho.or.jp/shrine/9422/
Saitama,八幡山神社,,東秩父村御堂1533,https://www.saitama-jinjacho.or.jp/shrine/9423/
Saitama,大内神社,,東秩父村大内沢681,https://www.saitama-jinjacho.or.jp/shrine/9424/
Saitama,奥沢神社,,東秩父村奥沢568,https://www.saitama-jinjacho.or.jp/shrine/9425/
Saitama,八幡神社,,東秩父村皆谷1311,https://www.saitama-jinjacho.or.jp/shrine/9426/
Saitama,八幡神社,,東秩父村皆谷177,https://www.saitama-jinjacho.or.jp/shrine/9427/
Saitama,天児安神社,,東秩父村皆谷87,https://www.saitama-jinjacho.or.jp/shrine/9428/
Saitama,両神神社,,小鹿野町両神薄2267,https://www.saitama-jinjacho.or.jp/shrine/9429/
Saitama,両神山両神神社,,小鹿野町両神薄6785,https://www.saitama-jinjacho.or.jp/shrine/9430/
Saitama,宇賀神社,,小鹿野町両神薄5600,https://www.saitama-jinjacho.or.jp/shrine/9431/
Saitama,諏訪神社,,小鹿野町両神小森317,https://www.saitama-jinjacho.or.jp/shrine/9432/
Saitama,御霊神社,,小鹿野町両神薄1421,https://www.saitama-jinjacho.or.jp/shrine/9433/
Saitama,金山神社,,秩父市中津川266,https://www.saitama-jinjacho.or.jp/shrine/9434/
Saitama,竈三柱神社,,秩父市大滝696,https://www.saitama-jinjacho.or.jp/shrine/9435/
Saitama,八幡大神社,,秩父市荒川贄川685,https://www.saitama-jinjacho.or.jp/shrine/9436/
Saitama,熊野神社,,秩父市荒川白久1787,https://www.saitama-jinjacho.or.jp/shrine/9437/
Saitama,浅間神社,,秩父市荒川日野972-3,https://www.saitama-jinjacho.or.jp/shrine/9438/
Saitama,稲荷神社,,秩父市荒川小野原329,https://www.saitama-jinjacho.or.jp/shrine/9439/
Saitama,諏訪大神社,,熊谷市籠原南1-200,https://www.saitama-jinjacho.or.jp/shrine/9441/
Saitama,氷川神社,,伊奈町本町2-155,https://www.saitama-jinjacho.or.jp/shrine/9442/
Saitama,東光神社,,吉見町江和井787-1,https://www.saitama-jinjacho.or.jp/shrine/9450/
Saitama,照稲神社,,吉見町高尾新田154,https://www.saitama-jinjacho.or.jp/shrine/9451/
Saitama,稲荷神社,,吉見町飯島新田563,https://www.saitama-jinjacho.or.jp/shrine/9452/
Saitama,氷川神社,,桶川市倉田881,https://www.saitama-jinjacho.or.jp/shrine/9455/
Saitama,多気比売神社,,桶川市篠津58,https://www.saitama-jinjacho.or.jp/shrine/9456/
Saitama,氷川諏訪神社,,桶川市小針領家762,https://www.saitama-jinjacho.or.jp/shrine/9457/
Saitama,氷川神社,,桶川市坂田983,https://www.saitama-jinjacho.or.jp/shrine/9458/
Saitama,氷川神社,,桶川市川田谷215,https://www.saitama-jinjacho.or.jp/shrine/9459/
Saitama,熊野神社,,桶川市川田谷348,https://www.saitama-jinjacho.or.jp/shrine/9460/
Saitama,八幡神社,,桶川市川田谷1329,https://www.saitama-jinjacho.or.jp/shrine/9461/
Saitama,氷川神社,,桶川市川田谷2082,https://www.saitama-jinjacho.or.jp/shrine/9462/
Saitama,氷川神社,,桶川市上日出谷南1-28-1,https://www.saitama-jinjacho.or.jp/shrine/9463/
Saitama,雷電社,,桶川市神明1-1-33,https://www.saitama-jinjacho.or.jp/shrine/9464/
Saitama,地神神社,,桶川市川田谷3042-1,https://www.saitama-jinjacho.or.jp/shrine/9465/
Saitama,氷川神社,,北本市宮内4-135,https://www.saitama-jinjacho.or.jp/shrine/9466/
Saitama,氷川神社,,北本市中丸3-91,https://www.saitama-jinjacho.or.jp/shrine/9467/
Saitama,天神社,,北本市石戸宿6-64,https://www.saitama-jinjacho.or.jp/shrine/9468/
Saitama,石戸神社,,北本市石戸宿3-43,https://www.saitama-jinjacho.or.jp/shrine/9469/
Saitama,小松原神社,,鴻巣市原馬室4556,https://www.saitama-jinjacho.or.jp/shrine/9470/
Saitama,生出塚神社,,鴻巣市天神1-6-14,https://www.saitama-jinjacho.or.jp/shrine/9471/
Saitama,八幡神社,,鴻巣市人形4-1-18,https://www.saitama-jinjacho.or.jp/shrine/9472/
Gifu,八幡神社,はちまんじんじゃ,岐阜県羽島郡笠松町円城寺字金刀比羅裏官有地,https://www.gifu-jinjacho.jp/syosai.php?shrno=170
Gifu,八幡神社,はちまんじんじゃ,岐阜県羽島郡笠松町若葉町499番地,https://www.gifu-jinjacho.jp/syosai.php?shrno=171
Gifu,秋葉神社,あきばじんじゃ,岐阜県羽島郡笠松町八幡町118番地,https://www.gifu-jinjacho.jp/syosai.php?shrno=172
Gifu,八幡神社,はちまんじんじゃ,岐阜県羽島郡笠松町八幡町117･118番地,https://www.gifu-jinjacho.jp/syosai.php?shrno=173
Gifu,愛宕神社,あたごじんじゃ,岐阜県羽島郡笠松町上本町50番地,https://www.gifu-jinjacho.jp/syosai.php?shrno=174
Gifu,北野神社,きたのじんじゃ,岐阜県羽島郡笠松町田代284,https://www.gifu-jinjacho.jp/syosai.php?shrno=175
Gifu,秋葉神社,あきばじんじゃ,岐阜県羽島郡笠松町田代144,https://www.gifu-jinjacho.jp/syosai.php?shrno=176
Gifu,白鬚神社,しらひげじんじゃ,岐阜県羽島郡笠松町田代字白鬚670番地,https://www.gifu-jinjacho.jp/syosai.php?shrno=177
Gifu,神明神社,しんめいじんじゃ,岐阜県羽島郡笠松町田代字神明東432番地,https://www.gifu-jinjacho.jp/syosai.php?shrno=178
Gifu,秋津神社,あきつじんじゃ,岐阜県羽島郡笠松町長池58番地の2,https://www.gifu-jinjacho.jp/syosai.php?shrno=179
Gifu,兒神社,ちごじんじゃ,岐阜県羽島郡笠松町北及1100番地,https://www.gifu-jinjacho.jp/syosai.php?shrno=180
Gifu,神明神社,しんめいじんじゃ,岐阜県羽島郡笠松町門間1882番地の1,https://www.gifu-jinjacho.jp/syosai.php?shrno=181
Gifu,神明神社,しんめいじんじゃ,岐阜県羽島郡笠松町門間字東出640番地,https://www.gifu-jinjacho.jp/syosai.php?shrno=182
Gifu,春日神社,かすがじんじゃ,岐阜県羽島郡笠松町門間1488番地,https://www.gifu-jinjacho.jp/syosai.php?shrno=183
Gifu,秋葉神社,あきばじんじゃ,岐阜県羽島郡笠松町門間2659番地,https://www.gifu-jinjacho.jp/syosai.php?shrno=184
Gifu,秋葉神社,あきばじんじゃ,岐阜県羽島郡笠松町上新町199番地,https://www.gifu-jinjacho.jp/syosai.php?shrno=185
Gifu,産霊神社,さんれいじんじゃ,岐阜県羽島郡笠松町西宮町130番地,https://www.gifu-jinjacho.jp/syosai.php?shrno=186
Gifu,津島神社,つしまじんじゃ,岐阜県羽島郡岐南町下印食4-6,https://www.gifu-jinjacho.jp/syosai.php?shrno=187
Gifu,大山神社,おおやまじんじゃ,岐阜県羽島郡岐南町八剣8-138,https://www.gifu-jinjacho.jp/syosai.php?shrno=189
Gifu,天神神社,てんじんじんじゃ,岐阜県岐阜市柳津町北塚2丁目26の1,https://www.gifu-jinjacho.jp/syosai.php?shrno=193
Gifu,神明神社,しんめいじんじゃ,岐阜県岐阜市柳津町東塚2-126,https://www.gifu-jinjacho.jp/syosai.php?shrno=194
Gifu,八幡神社,はちまんじんじゃ,岐阜県岐阜市柳津町上佐波1丁目41番地,https://www.gifu-jinjacho.jp/syosai.php?shrno=195
Gifu,津島神社,つしまじんじゃ,岐阜県羽島郡岐南町徳田1-163,https://www.gifu-jinjacho.jp/syosai.php?shrno=196
Gifu,社宮地神社,しゃぐうちじんじゃ,岐阜県羽島郡岐南町八剣北6-44,https://www.gifu-jinjacho.jp/syosai.php?shrno=197
Gifu,畑繋神明神社,はたつなぎしんめいじんしゃ,岐阜県岐阜市柳津町丸野2丁目171番地,https://www.gifu-jinjacho.jp/syosai.php?shrno=198
Saitama,氷川神社,,鴻巣市滝馬室1151,https://www.saitama-jinjacho.or.jp/shrine/9473/
Saitama,野宮神社,,鴻巣市原馬室806,https://www.saitama-jinjacho.or.jp/shrine/9474/
Saitama,氷川神社,,鴻巣市糠田1342,https://www.saitama-jinjacho.or.jp/shrine/9475/
Saitama,宮登神社,,鴻巣市宮前79,https://www.saitama-jinjacho.or.jp/shrine/9476/
Saitama,常光神社,,鴻巣市常光933,https://www.saitama-jinjacho.or.jp/shrine/9477/
Saitama,氷川神社,,鴻巣市上谷2258,https://www.saitama-jinjacho.or.jp/shrine/9478/
Saitama,久伊豆社,,鴻巣市郷地354,https://www.saitama-jinjacho.or.jp/shrine/9479/
Saitama,久伊豆社,,鴻巣市笠原1755,https://www.saitama-jinjacho.or.jp/shrine/9480/
Saitama,八幡神社,,鴻巣市安養寺126,https://www.saitama-jinjacho.or.jp/shrine/9481/
Saitama,三島神社,,鴻巣市明用123,https://www.saitama-jinjacho.or.jp/shrine/9482/
Saitama,日枝神社,,鴻巣市小谷1505,https://www.saitama-jinjacho.or.jp/shrine/9483/
Saitama,吹上神社,,鴻巣市吹上本町4-14,https://www.saitama-jinjacho.or.jp/shrine/9484/
Saitama,氷川社,,鴻巣市大芦1030,https://www.saitama-jinjacho.or.jp/shrine/9485/
Saitama,伊奈利神社,,鴻巣市榎戸1-1,https://www.saitama-jinjacho.or.jp/shrine/9486/
Saitama,氷川社,,鴻巣市前砂656,https://www.saitama-jinjacho.or.jp/shrine/9487/
Saitama,袋神社,,鴻巣市袋248,https://www.saitama-jinjacho.or.jp/shrine/9488/
Saitama,愛宕神社,,鴻巣市下忍3146,https://www.saitama-jinjacho.or.jp/shrine/9489/
Saitama,八幡神社,,鴻巣市鎌塚428,https://www.saitama-jinjacho.or.jp/shrine/9490/
Saitama,山神社,,鴻巣市北新宿920,https://www.saitama-jinjacho.or.jp/shrine/9491/
Saitama,小針神社,,伊奈町羽貫192,https://www.saitama-jinjacho.or.jp/shrine/9492/
Saitama,三芳野神社,,川越市郭町2-25-11,https://www.saitama-jinjacho.or.jp/shrine/9493/
Saitama,愛宕八坂神社,,川越市石原町2-64-6,https://www.saitama-jinjacho.or.jp/shrine/9494/
Saitama,妙義神社,,川越市宮元町32-5,https://www.saitama-jinjacho.or.jp/shrine/9495/
Saitama,薬師神社,,川越市幸町15-8,https://www.saitama-jinjacho.or.jp/shrine/9496/
Saitama,稲荷神社,,川越市元町1-11-8,https://www.saitama-jinjacho.or.jp/shrine/9497/
Saitama,烏山稲荷神社,,川越市仲町10-11,https://www.saitama-jinjacho.or.jp/shrine/9498/
Saitama,六塚稲荷神社,,川越市元町2-8-12,https://www.saitama-jinjacho.or.jp/shrine/9499/
Saitama,雪塚稲荷神社,,川越市幸町5-8,https://www.saitama-jinjacho.or.jp/shrine/9500/
Saitama,杉森稲荷神社,,川越市松郷783,https://www.saitama-jinjacho.or.jp/shrine/9501/
Saitama,厳島神社,,川越市北田島327,https://www.saitama-jinjacho.or.jp/shrine/9502/
Saitama,薬師神社,,川越市伊佐沼577,https://www.saitama-jinjacho.or.jp/shrine/9503/
Saitama,諏訪神社,,八潮市中央3-32-10,https://www.saitama-jinjacho.or.jp/shrine/9504/
Saitama,稲荷神社,,川越市大塚１－２６－１７,https://www.saitama-jinjacho.or.jp/shrine/9505/
Saitama,埜田神社,,川越市野田町1-11-9,https://www.saitama-jinjacho.or.jp/shrine/9506/
Saitama,氷川神社,,川越市仙波町4-19-1,https://www.saitama-jinjacho.or.jp/shrine/9507/
Saitama,浅間神社,,川越市富士見町21-1,https://www.saitama-jinjacho.or.jp/shrine/9508/
Saitama,愛宕神社,,川越市富士見町33-1,https://www.saitama-jinjacho.or.jp/shrine/9509/
Saitama,六塚稲荷神社,,川越市六軒町1-17-3,https://www.saitama-jinjacho.or.jp/shrine/9510/
Saitama,日枝神社,,川越市小仙波町1-4-1,https://www.saitama-jinjacho.or.jp/shrine/9511/
Saitama,稲荷神社,,川越市下松原232,https://www.saitama-jinjacho.or.jp/shrine/9512/
Saitama,菅原神社,,川越市今福673,https://www.saitama-jinjacho.or.jp/shrine/9513/
Saitama,菅原神社,,川越市南大塚２－４－７,https://www.saitama-jinjacho.or.jp/shrine/9514/
Saitama,仙波東照宮,,川越市小仙波町1-21-1,https://www.saitama-jinjacho.or.jp/shrine/9515/
Saitama,八幡神社,,川越市下赤坂200,https://www.saitama-jinjacho.or.jp/shrine/9516/
Saitama,菅原神社,,川越市菅原町9,https://www.saitama-jinjacho.or.jp/shrine/9517/
Saitama,熊野神社,,川越市岸町2-21-7,https://www.saitama-jinjacho.or.jp/shrine/9518/
Saitama,春日神社,,川越市鯨井26,https://www.saitama-jinjacho.or.jp/shrine/9519/
Saitama,白鬚神社,,川越市下小坂1002,https://www.saitama-jinjacho.or.jp/shrine/9520/
Saitama,氷川神社,,川越市新宿町1-22,https://www.saitama-jinjacho.or.jp/shrine/9521/
Saitama,天満天神社,,川越市平塚96,https://www.saitama-jinjacho.or.jp/shrine/9522/
Saitama,氷川神社,,川越市平塚新田18,https://www.saitama-jinjacho.or.jp/shrine/9523/
Saitama,鏡神社,,川越市笠幡282,https://www.saitama-jinjacho.or.jp/shrine/9524/
Saitama,白鬚神社,,川越市笠幡3686,https://www.saitama-jinjacho.or.jp/shrine/9525/
Saitama,白鬚神社,,川越市吉田192,https://www.saitama-jinjacho.or.jp/shrine/9526/
Saitama,箱根神社,,川越市笠幡4431,https://www.saitama-jinjacho.or.jp/shrine/9527/
Saitama,三島日光神社,,川越市笠幡1689,https://www.saitama-jinjacho.or.jp/shrine/9528/
Saitama,白山神社,,川越市下広谷1155,https://www.saitama-jinjacho.or.jp/shrine/9529/
Saitama,八幡神社,,川越市安比奈新田23,https://www.saitama-jinjacho.or.jp/shrine/9530/
Saitama,白山神社,,川越市小堤785,https://www.saitama-jinjacho.or.jp/shrine/9531/
Saitama,八幡神社,,川越市小堤286,https://www.saitama-jinjacho.or.jp/shrine/9532/
Saitama,八坂神社,,川越市的場1874,https://www.saitama-jinjacho.or.jp/shrine/9533/
Saitama,厳島神社,,川越市的場1163,https://www.saitama-jinjacho.or.jp/shrine/9534/
Saitama,八幡神社,,川越市的場529,https://www.saitama-jinjacho.or.jp/shrine/9535/
Saitama,古尾谷八幡神社,,川越市古谷本郷1408,https://www.saitama-jinjacho.or.jp/shrine/9536/
Saitama,稲荷神社,,川越市木野目1162,https://www.saitama-jinjacho.or.jp/shrine/9537/
Saitama,氷川神社,,川越市古市場2,https://www.saitama-jinjacho.or.jp/shrine/9538/
Saitama,氷川神社,,川越市古谷本郷872,https://www.saitama-jinjacho.or.jp/shrine/9539/
Saitama,諏訪神社,,川越市藤間346,https://www.saitama-jinjacho.or.jp/shrine/9540/
Saitama,稲荷神社,,川越市渋井1333,https://www.saitama-jinjacho.or.jp/shrine/9541/
Saitama,神明神社,,川越市今泉505,https://www.saitama-jinjacho.or.jp/shrine/9542/
Saitama,日枝神社,,川越市下新河岸55,https://www.saitama-jinjacho.or.jp/shrine/9543/
Saitama,稲荷神社,,川越市牛子111,https://www.saitama-jinjacho.or.jp/shrine/9544/
Saitama,古谷神社,,川越市古谷上3564,https://www.saitama-jinjacho.or.jp/shrine/9545/
Saitama,稲荷神社,,川越市八ツ島50,https://www.saitama-jinjacho.or.jp/shrine/9546/
Saitama,稲荷神社,,川越市高島388,https://www.saitama-jinjacho.or.jp/shrine/9547/
Saitama,白髭神社,,川越市豊田本1212,https://www.saitama-jinjacho.or.jp/shrine/9548/
Saitama,稲荷神社,,川越市池辺840,https://www.saitama-jinjacho.or.jp/shrine/9549/
Saitama,熊野神社,,川越市池辺261,https://www.saitama-jinjacho.or.jp/shrine/9550/
Saitama,白山神社,,川越市寿町1-2303,https://www.saitama-jinjacho.or.jp/shrine/9551/
Saitama,白山神社,,川越市増形228,https://www.saitama-jinjacho.or.jp/shrine/9552/
Saitama,白髭神社,,川越市大袋258,https://www.saitama-jinjacho.or.jp/shrine/9553/
Saitama,天神社,,川越市藤倉197,https://www.saitama-jinjacho.or.jp/shrine/9554/
Saitama,氷川神社,,川越市大袋新田2,https://www.saitama-jinjacho.or.jp/shrine/9555/
Saitama,日枝神社,,川越市寺尾641,https://www.saitama-jinjacho.or.jp/shrine/9556/
Saitama,神明神社,,川越市小中居664,https://www.saitama-jinjacho.or.jp/shrine/9557/
Saitama,氷川神社,,川越市南田島280,https://www.saitama-jinjacho.or.jp/shrine/9558/
Saitama,春日神社,,川越市砂新田140,https://www.saitama-jinjacho.or.jp/shrine/9559/
Saitama,稲荷神社,,川越市砂久保66,https://www.saitama-jinjacho.or.jp/shrine/9560/
Saitama,南古谷神社,,川越市古市場2,https://www.saitama-jinjacho.or.jp/shrine/9561/
Saitama,氷川神社,,川越市並木新町5-1,https://www.saitama-jinjacho.or.jp/shrine/9562/
Saitama,氷川神社,,川越市大中居671,https://www.saitama-jinjacho.or.jp/shrine/9563/
Saitama,氷川神社,,川越市砂640,https://www.saitama-jinjacho.or.jp/shrine/9564/
Saitama,氷川神社,,川越市下老袋732,https://www.saitama-jinjacho.or.jp/shrine/9565/
Saitama,浮島稲荷神社,,川越市久保町626,https://www.saitama-jinjacho.or.jp/shrine/9566/
Saitama,出世稲荷神社,,川越市松江町1-512,https://www.saitama-jinjacho.or.jp/shrine/9567/
Saitama,諏訪神社,,川越市下広谷458-1,https://www.saitama-jinjacho.or.jp/shrine/9568/
Saitama,鷺栖神社,,鴻巣市広田3814,https://www.saitama-jinjacho.or.jp/shrine/9569/
Saitama,久伊豆神社,,鴻巣市北根1282,https://www.saitama-jinjacho.or.jp/shrine/9570/
Saitama,赤城神社,,鴻巣市赤城714,https://www.saitama-jinjacho.or.jp/shrine/9571/
Saitama,久伊豆神社,,鴻巣市屈巣2313-1,https://www.saitama-jinjacho.or.jp/shrine/9572/
Saitama,稲荷神社,,鴻巣市上会下420-1,https://www.saitama-jinjacho.or.jp/shrine/9573/
Saitama,稲荷神社,,鴻巣市新井226,https://www.saitama-jinjacho.or.jp/shrine/9574/
Saitama,天神社,,鴻巣市境86,https://www.saitama-jinjacho.or.jp/shrine/9575/
Saitama,稲荷神社,,鴻巣市関新田443-1,https://www.saitama-jinjacho.or.jp/shrine/9576/
Saitama,千形神社,,熊谷市本町1-18,https://www.saitama-jinjacho.or.jp/shrine/9577/
Saitama,伊奈利神社,,熊谷市銀座3-46,https://www.saitama-jinjacho.or.jp/shrine/9579/
Saitama,玉井大神社,,熊谷市玉井1911,https://www.saitama-jinjacho.or.jp/shrine/9580/
Saitama,久保島大神社,,熊谷市久保島471,https://www.saitama-jinjacho.or.jp/shrine/9581/
Saitama,神明社,,熊谷市高柳11,https://www.saitama-jinjacho.or.jp/shrine/9582/
Saitama,赤城神社,,熊谷市大麻生1098,https://www.saitama-jinjacho.or.jp/shrine/9583/
Saitama,大栄神社,,熊谷市大麻生454,https://www.saitama-jinjacho.or.jp/shrine/9584/
Saitama,諏訪神社,,熊谷市川原明戸177,https://www.saitama-jinjacho.or.jp/shrine/9585/
Saitama,八幡神社,,熊谷市新堀新田236,https://www.saitama-jinjacho.or.jp/shrine/9586/
Saitama,大雷神社,,熊谷市拾六間690,https://www.saitama-jinjacho.or.jp/shrine/9587/
Saitama,田中神社,,熊谷市三ヶ尻671,https://www.saitama-jinjacho.or.jp/shrine/9588/
Saitama,湯殿神社,,熊谷市四方寺101,https://www.saitama-jinjacho.or.jp/shrine/9589/
Saitama,大雷神社,,熊谷市新島328,https://www.saitama-jinjacho.or.jp/shrine/9590/
Saitama,三島神社伊豆神社合殿,,熊谷市下川上32,https://www.saitama-jinjacho.or.jp/shrine/9591/
Saitama,千方神社,,加須市中央2-5-27,https://www.saitama-jinjacho.or.jp/shrine/9592/
Saitama,八幡社,,加須市睦町2-7-49,https://www.saitama-jinjacho.or.jp/shrine/9593/
Saitama,愛宕神社,,加須市多門寺５７６,https://www.saitama-jinjacho.or.jp/shrine/9594/
Saitama,熊野白山合殿社,,加須市北篠崎172,https://www.saitama-jinjacho.or.jp/shrine/9595/
Saitama,稲荷神社,,加須市不動岡1-4-16,https://www.saitama-jinjacho.or.jp/shrine/9596/
Saitama,諏訪神社,,加須市諏訪1-8-4,https://www.saitama-jinjacho.or.jp/shrine/9597/
Saitama,大神社,,加須市町屋新田622,https://www.saitama-jinjacho.or.jp/shrine/9598/
Saitama,八幡神社,,加須市下谷1,https://www.saitama-jinjacho.or.jp/shrine/9599/
Saitama,千方神社,,加須市土手2-9-21,https://www.saitama-jinjacho.or.jp/shrine/9600/
Saitama,日枝神社,,加須市志多見1374,https://www.saitama-jinjacho.or.jp/shrine/9601/
Saitama,天神社,,加須市平永610,https://www.saitama-jinjacho.or.jp/shrine/9602/
Saitama,諏訪社,,加須市馬内50,https://www.saitama-jinjacho.or.jp/shrine/9603/
Saitama,八幡大神,,熊谷市代1343,https://www.saitama-jinjacho.or.jp/shrine/9604/
Saitama,八坂神社,,熊谷市原島262,https://www.saitama-jinjacho.or.jp/shrine/9605/
Saitama,三島神社,,熊谷市原島877,https://www.saitama-jinjacho.or.jp/shrine/9606/
Saitama,伊奈利神社,,熊谷市原島1331,https://www.saitama-jinjacho.or.jp/shrine/9607/
Saitama,伊奈利神社,,熊谷市肥塚1761,https://www.saitama-jinjacho.or.jp/shrine/9608/
Saitama,伊奈利神社,,熊谷市仲町43,https://www.saitama-jinjacho.or.jp/shrine/9609/
Saitama,浅間神社,,熊谷市広瀬115,https://www.saitama-jinjacho.or.jp/shrine/9610/
Saitama,伊弉諾神社,,熊谷市上川上36,https://www.saitama-jinjacho.or.jp/shrine/9611/
Saitama,箱田神社,,熊谷市箱田473,https://www.saitama-jinjacho.or.jp/shrine/9612/
Saitama,雀神社,,熊谷市柿沼287,https://www.saitama-jinjacho.or.jp/shrine/9613/
Saitama,小曾根神社,,熊谷市小曽根281,https://www.saitama-jinjacho.or.jp/shrine/9614/
Saitama,熊野神社,,熊谷市大塚365,https://www.saitama-jinjacho.or.jp/shrine/9615/
Saitama,赤城神社,,熊谷市今井282,https://www.saitama-jinjacho.or.jp/shrine/9616/
Saitama,三幸神社,,熊谷市上中条1283,https://www.saitama-jinjacho.or.jp/shrine/9617/
Saitama,川北神社,,熊谷市上中条2500,https://www.saitama-jinjacho.or.jp/shrine/9618/
Saitama,上之村神社,,熊谷市上之16,https://www.saitama-jinjacho.or.jp/shrine/9619/
Saitama,春日神社,,熊谷市小島142,https://www.saitama-jinjacho.or.jp/shrine/9620/
Saitama,奈良神社,,熊谷市中奈良1969,https://www.saitama-jinjacho.or.jp/shrine/9621/
Saitama,赤城久伊豆神社,,熊谷市石原1007,https://www.saitama-jinjacho.or.jp/shrine/9622/
Saitama,天神社,,川越市石田本郷1242,https://www.saitama-jinjacho.or.jp/shrine/9623/
Saitama,神明神社,,川越市神明町2-1,https://www.saitama-jinjacho.or.jp/shrine/9624/
Saitama,神明神社,,川越市鹿飼404,https://www.saitama-jinjacho.or.jp/shrine/9625/
Saitama,稲荷神社,,川越市中福2,https://www.saitama-jinjacho.or.jp/shrine/9626/
Saitama,八雲神社,,川越市中台元町１－１３,https://www.saitama-jinjacho.or.jp/shrine/9627/
Saitama,八幡神社,,川越市鴨田1072,https://www.saitama-jinjacho.or.jp/shrine/9628/
Saitama,藤宮神社,,川越市石田783,https://www.saitama-jinjacho.or.jp/shrine/9629/
Saitama,赤城神社,,川越市山田225-1,https://www.saitama-jinjacho.or.jp/shrine/9630/
Saitama,熊野神社,,川越市今成3-1-3,https://www.saitama-jinjacho.or.jp/shrine/9631/
Saitama,氷川神社,,川越市小室298,https://www.saitama-jinjacho.or.jp/shrine/9632/
Saitama,白山神社,,川越市小ヶ谷156,https://www.saitama-jinjacho.or.jp/shrine/9633/
Saitama,稲荷神社,,川越市石田本郷697-1,https://www.saitama-jinjacho.or.jp/shrine/9634/
Saitama,亀谷神社,,所沢市東所沢3-33-8,https://www.saitama-jinjacho.or.jp/shrine/9635/
Saitama,八幡神社,,所沢市南永井406,https://www.saitama-jinjacho.or.jp/shrine/9636/
Saitama,氷川神社,,所沢市日比田338,https://www.saitama-jinjacho.or.jp/shrine/9637/
Saitama,城山神社,,所沢市城537,https://www.saitama-jinjacho.or.jp/shrine/9638/
Saitama,氷川神社,,所沢市本郷676,https://www.saitama-jinjacho.or.jp/shrine/9639/
Saitama,六所神社,,所沢市上新井２丁目６番地の８,https://www.saitama-jinjacho.or.jp/shrine/9640/
Saitama,藤森稲荷神社,,所沢市北野南2-28-55,https://www.saitama-jinjacho.or.jp/shrine/9641/
Saitama,諏訪神社,,所沢市小手指南1-17-21,https://www.saitama-jinjacho.or.jp/shrine/9642/
Saitama,桜木神社,,所沢市下新井町1360,https://www.saitama-jinjacho.or.jp/shrine/9643/
Saitama,安松神社,,所沢市下安松486-1,https://www.saitama-jinjacho.or.jp/shrine/9644/
Saitama,神明神社,,所沢市牛沼410,https://www.saitama-jinjacho.or.jp/shrine/9645/
Saitama,浅間神社,,所沢市荒幡748,https://www.saitama-jinjacho.or.jp/shrine/9646/
Saitama,天満天神社,,所沢市上山口436,https://www.saitama-jinjacho.or.jp/shrine/9647/
Saitama,日月神社,,所沢市北秋津367,https://www.saitama-jinjacho.or.jp/shrine/9648/
Saitama,林神社,,所沢市林1-383,https://www.saitama-jinjacho.or.jp/shrine/9649/
Saitama,八幡神社,,所沢市三ヶ島1-212,https://www.saitama-jinjacho.or.jp/shrine/9650/
Saitama,稲荷神社,,所沢市三ヶ島3-885-1,https://www.saitama-jinjacho.or.jp/shrine/9651/
Saitama,熊野神社,,所沢市東狭山ヶ丘5-2759-2-3,https://www.saitama-jinjacho.or.jp/shrine/9652/
Saitama,中氷川神社,,所沢市三ヶ島5-1691-1,https://www.saitama-jinjacho.or.jp/shrine/9653/
Saitama,阿蘇神社,,富士見市東大久保83,https://www.saitama-jinjacho.or.jp/shrine/9654/
Saitama,諏訪神社,,富士見市諏訪2-15-34,https://www.saitama-jinjacho.or.jp/shrine/9655/
Saitama,氷川神社,,富士見市鶴馬2-1-72,https://www.saitama-jinjacho.or.jp/shrine/9656/
Saitama,上南畑神社,,富士見市上南畑295,https://www.saitama-jinjacho.or.jp/shrine/9657/
Saitama,八幡神社,,富士見市下南畑1148,https://www.saitama-jinjacho.or.jp/shrine/9658/
Saitama,氷川神社,,富士見市下南畑153-1,https://www.saitama-jinjacho.or.jp/shrine/9659/
Saitama,氷川神社,,富士見市水子5050,https://www.saitama-jinjacho.or.jp/shrine/9660/
Saitama,八幡神社,,富士見市水子5084,https://www.saitama-jinjacho.or.jp/shrine/9661/
Saitama,氷川社,,富士見市水子1399,https://www.saitama-jinjacho.or.jp/shrine/9662/
Saitama,氷川神社,,富士見市針ヶ谷1-39-2,https://www.saitama-jinjacho.or.jp/shrine/9663/
Saitama,春日神社,,入間市春日町1-6-3,https://www.saitama-jinjacho.or.jp/shrine/9665/
Saitama,久保稲荷神社,,入間市久保稲荷4-3-23,https://www.saitama-jinjacho.or.jp/shrine/9666/
Saitama,東愛宕神社,,入間市東町4-39-1,https://www.saitama-jinjacho.or.jp/shrine/9667/
Saitama,金刀比羅神社,,入間市下藤沢1144,https://www.saitama-jinjacho.or.jp/shrine/9668/
Saitama,神明神社,,入間市上藤沢642,https://www.saitama-jinjacho.or.jp/shrine/9669/
Saitama,二本木神社,,入間市二本木221,https://www.saitama-jinjacho.or.jp/shrine/9670/
Saitama,金子神社,,入間市西三ツ木23,https://www.saitama-jinjacho.or.jp/shrine/9671/
Saitama,白鬚神社,,入間市寺竹853,https://www.saitama-jinjacho.or.jp/shrine/9672/
Saitama,稲荷神社,,入間市根岸446,https://www.saitama-jinjacho.or.jp/shrine/9673/
Saitama,桂川神社,,入間市木蓮寺878,https://www.saitama-jinjacho.or.jp/shrine/9674/
Saitama,八幡神社,,入間市上谷ヶ貫679,https://www.saitama-jinjacho.or.jp/shrine/9675/
Saitama,神明神社,,入間市下谷ヶ貫9,https://www.saitama-jinjacho.or.jp/shrine/9676/
Saitama,山祇神社,,入間市花の木16,https://www.saitama-jinjacho.or.jp/shrine/9677/
Saitama,中野原稲荷神社,,入間市上小谷田1-1-5,https://www.saitama-jinjacho.or.jp/shrine/9678/
Saitama,八坂神社,,入間市仏子942,https://www.saitama-jinjacho.or.jp/shrine/9679/
Saitama,諏訪神社,,狭山市入間川4-2-41,https://www.saitama-jinjacho.or.jp/shrine/9680/
Saitama,天満天神社,,狭山市入間川2-21-25,https://www.saitama-jinjacho.or.jp/shrine/9681/
Saitama,入間野神社,,狭山市南入曽640ｰ2,https://www.saitama-jinjacho.or.jp/shrine/9682/
Saitama,堀兼神社,,狭山市堀兼2221,https://www.saitama-jinjacho.or.jp/shrine/9683/
Saitama,中新田愛宕神社,,狭山市中新田145,https://www.saitama-jinjacho.or.jp/shrine/9684/
Saitama,八雲神社,,狭山市下奥富596-1,https://www.saitama-jinjacho.or.jp/shrine/9685/
Saitama,亀井神社,,狭山市下奥富1465,https://www.saitama-jinjacho.or.jp/shrine/9686/
Saitama,羽黒神社,,狭山市加佐志174,https://www.saitama-jinjacho.or.jp/shrine/9688/
Saitama,丸山稲荷神社,,狭山市青柳241,https://www.saitama-jinjacho.or.jp/shrine/9689/
Saitama,氷川神社,,狭山市青柳475,https://www.saitama-jinjacho.or.jp/shrine/9690/
Saitama,広瀬神社,,狭山市広瀬2-23-1,https://www.saitama-jinjacho.or.jp/shrine/9691/
Saitama,白鬚神社,,狭山市根岸1,https://www.saitama-jinjacho.or.jp/shrine/9692/
Saitama,白鬚神社,,狭山市笹井1962,https://www.saitama-jinjacho.or.jp/shrine/9693/
Saitama,八幡神社,,坂戸市坂戸818,https://www.saitama-jinjacho.or.jp/shrine/9694/
Saitama,飯盛神社,,坂戸市片柳1829,https://www.saitama-jinjacho.or.jp/shrine/9695/
Saitama,神明神社,,坂戸市関間町4-4-26,https://www.saitama-jinjacho.or.jp/shrine/9696/
Saitama,八幡神社,,坂戸市東和田190,https://www.saitama-jinjacho.or.jp/shrine/9697/
Saitama,坂戸神社,,坂戸市日の出町7-26,https://www.saitama-jinjacho.or.jp/shrine/9698/
Saitama,東入西神社,,坂戸市戸口452,https://www.saitama-jinjacho.or.jp/shrine/9699/
Saitama,入西神社,,坂戸市小山72,https://www.saitama-jinjacho.or.jp/shrine/9700/
Saitama,八幡神社,,坂戸市北浅羽262,https://www.saitama-jinjacho.or.jp/shrine/9701/
Saitama,天神社,,坂戸市多和目379,https://www.saitama-jinjacho.or.jp/shrine/9702/
Saitama,鶴明神社,,坂戸市森戸512,https://www.saitama-jinjacho.or.jp/shrine/9703/
Saitama,土屋神社,,坂戸市浅羽野2-2-11,https://www.saitama-jinjacho.or.jp/shrine/9704/
Saitama,神明神社,,坂戸市中小坂1,https://www.saitama-jinjacho.or.jp/shrine/9705/
Saitama,白髭神社,,坂戸市横沼346,https://www.saitama-jinjacho.or.jp/shrine/9706/
Saitama,白髭神社,,坂戸市紺屋601,https://www.saitama-jinjacho.or.jp/shrine/9707/
Saitama,氷川神社,,坂戸市小沼840,https://www.saitama-jinjacho.or.jp/shrine/9708/
Saitama,天神社,,坂戸市島田722,https://www.saitama-jinjacho.or.jp/shrine/9709/
Saitama,八幡神社,,坂戸市戸宮60,https://www.saitama-jinjacho.or.jp/shrine/9710/
Saitama,八坂神社,,坂戸市赤尾1668-1,https://www.saitama-jinjacho.or.jp/shrine/9711/
Saitama,白山神社,,坂戸市赤尾1668,https://www.saitama-jinjacho.or.jp/shrine/9712/
Saitama,金山彦神社,,坂戸市赤尾2749-3,https://www.saitama-jinjacho.or.jp/shrine/9713/
Saitama,諏訪神社,,坂戸市赤尾1934,https://www.saitama-jinjacho.or.jp/shrine/9714/
Saitama,八雲神社,,ふじみ野市上福岡1-7-7,https://www.saitama-jinjacho.or.jp/shrine/9715/
Saitama,八幡神社,,ふじみ野市駒林890-ｲ,https://www.saitama-jinjacho.or.jp/shrine/9716/
Saitama,白山神社,,ふじみ野市川崎261,https://www.saitama-jinjacho.or.jp/shrine/9718/
Saitama,氷川神社,,ふじみ野市川崎147,https://www.saitama-jinjacho.or.jp/shrine/9719/
Saitama,神明神社,,ふじみ野市亀久保2-16-22,https://www.saitama-jinjacho.or.jp/shrine/9720/
Saitama,八幡神社,,ふじみ野市鶴ヶ岡3-18-6,https://www.saitama-jinjacho.or.jp/shrine/9721/
Saitama,氷川神社,,ふじみ野市大井2-4-30,https://www.saitama-jinjacho.or.jp/shrine/9722/
Saitama,神明神社,,ふじみ野市苗間372-1,https://www.saitama-jinjacho.or.jp/shrine/9723/
Saitama,礒前神社,,飯能市中藤上郷438,https://www.saitama-jinjacho.or.jp/shrine/9724/
Saitama,権五郎神社,,飯能市南251,https://www.saitama-jinjacho.or.jp/shrine/9725/
Saitama,浅間神社,,飯能市小瀬戸230,https://www.saitama-jinjacho.or.jp/shrine/9726/
Saitama,軍太利神社,,飯能市大河原595,https://www.saitama-jinjacho.or.jp/shrine/9727/
Saitama,御嶽八幡神社,,飯能市飯能８１７(奥宮)､飯能６９７(里宮),https://www.saitama-jinjacho.or.jp/shrine/9728/
Saitama,白鬚神社,,飯能市原市場568-1,https://www.saitama-jinjacho.or.jp/shrine/9729/
Saitama,白鬚神社,,飯能市唐竹9-2,https://www.saitama-jinjacho.or.jp/shrine/9730/
Saitama,白鬚神社,,飯能市永田363,https://www.saitama-jinjacho.or.jp/shrine/9731/
Saitama,素戔嗚神社,,飯能市赤沢508-ﾊ,https://www.saitama-jinjacho.or.jp/shrine/9733/
Saitama,小岩井神社,,飯能市小岩井169,https://www.saitama-jinjacho.or.jp/shrine/9734/
Saitama,白鬚神社,,飯能市久須美140-甲,https://www.saitama-jinjacho.or.jp/shrine/9735/
Saitama,稲荷神社,,飯能市稲荷町1-3,https://www.saitama-jinjacho.or.jp/shrine/9736/
Saitama,白髪白山神社,,飯能市岩沢533,https://www.saitama-jinjacho.or.jp/shrine/9737/
Saitama,白子神社,,飯能市下加治160-甲,https://www.saitama-jinjacho.or.jp/shrine/9738/
Saitama,八幡神社,,飯能市八幡町12-6,https://www.saitama-jinjacho.or.jp/shrine/9739/
Saitama,諏訪神社,,飯能市南川1040,https://www.saitama-jinjacho.or.jp/shrine/9740/
Saitama,井上神社,,飯能市井上349,https://www.saitama-jinjacho.or.jp/shrine/9741/
Saitama,東神社,,飯能市井上399,https://www.saitama-jinjacho.or.jp/shrine/9742/
Saitama,吾那神社,,飯能市虎秀10-1,https://www.saitama-jinjacho.or.jp/shrine/9743/
Saitama,加治神社,,飯能市中山716,https://www.saitama-jinjacho.or.jp/shrine/9744/
Saitama,神明神社,,飯能市川寺392,https://www.saitama-jinjacho.or.jp/shrine/9745/
Saitama,赤城神社,,飯能市阿須453-1,https://www.saitama-jinjacho.or.jp/shrine/9746/
Saitama,白鬚神社,,飯能市落合243-1,https://www.saitama-jinjacho.or.jp/shrine/9747/
Saitama,八幡神社,,加須市岡古井630,https://www.saitama-jinjacho.or.jp/shrine/9748/
Saitama,天神社,,加須市岡古井1233,https://www.saitama-jinjacho.or.jp/shrine/9749/
Saitama,通殿神社,,加須市岡古井1249,https://www.saitama-jinjacho.or.jp/shrine/9750/
Saitama,川圦神社,,加須市外野153,https://www.saitama-jinjacho.or.jp/shrine/9751/
Saitama,浅間神社,,加須市大越134,https://www.saitama-jinjacho.or.jp/shrine/9752/
Gifu,若宮神社,わかみやじんじゃ,岐阜県岐阜市柳津町上佐波7丁目57番地,https://www.gifu-jinjacho.jp/syosai.php?shrno=199
Gifu,八幡神社,はちまんじんじゃ,岐阜県岐阜市柳津町上佐波8-37,https://www.gifu-jinjacho.jp/syosai.php?shrno=201
Gifu,神明神社,しんめいじんじゃ,岐阜県岐阜市柳津町上佐波7-80,https://www.gifu-jinjacho.jp/syosai.php?shrno=202
Gifu,秋葉神社,あきばじんじゃ,岐阜県岐阜市柳津町上佐波4-144,https://www.gifu-jinjacho.jp/syosai.php?shrno=203
Gifu,日枝神社,ひえじんじゃ,岐阜県岐阜市柳津町高桑4-1100,https://www.gifu-jinjacho.jp/syosai.php?shrno=204
Gifu,八幡神社,はちまんじんじゃ,岐阜県岐阜市柳津町高桑4-143,https://www.gifu-jinjacho.jp/syosai.php?shrno=205
Gifu,神明神社,しんめいじんじゃ,岐阜県岐阜市柳津町高桑1-167,https://www.gifu-jinjacho.jp/syosai.php?shrno=206
Gifu,白山神社,はくさんじんじゃ,岐阜県羽島市足近町北宿字村内南ﾉ切407番地,https://www.gifu-jinjacho.jp/syosai.php?shrno=207
Gifu,神明神社,しんめいじんじゃ,岐阜県羽島市足近町市場字本郷70番地,https://www.gifu-jinjacho.jp/syosai.php?shrno=208
Gifu,神明神社,しんめいじんじゃ,岐阜県羽島市足近町7丁目64番地,https://www.gifu-jinjacho.jp/syosai.php?shrno=209
Gifu,神明神社,しんめいじんじゃ,岐阜県羽島市足近町小荒井字嫁振1389番地,https://www.gifu-jinjacho.jp/syosai.php?shrno=210
Gifu,八剣神社,はっけんじんじゃ,岐阜県羽島市足近町5丁目484番地,https://www.gifu-jinjacho.jp/syosai.php?shrno=211
Gifu,白山神社,はくさんじんじゃ,岐阜県羽島市足近町直道字村中678番地,https://www.gifu-jinjacho.jp/syosai.php?shrno=212
Gifu,白山神社,はくさんじんじゃ,岐阜県羽島市足近町6丁目541番地の2,https://www.gifu-jinjacho.jp/syosai.php?shrno=213
Gifu,日吉神社,ひよしじんじゃ,岐阜県羽島市足近町坂井字西屋敷1番地,https://www.gifu-jinjacho.jp/syosai.php?shrno=214
Gifu,八幡神社,はちまんじんじゃ,岐阜県羽島市足近町直道字三反田820番地の1,https://www.gifu-jinjacho.jp/syosai.php?shrno=215
Gifu,北野神社,きたのじんじゃ,岐阜県羽島市足近町直道字中島1305番地,https://www.gifu-jinjacho.jp/syosai.php?shrno=216
Gifu,阿遅加神社,あぢかじんじゃ,岐阜県羽島市足近町直道1088番地の2,https://www.gifu-jinjacho.jp/syosai.php?shrno=217
Gifu,賀茂神社,かもじんじゃ,岐阜県羽島市正木町南及4丁目15番地,https://www.gifu-jinjacho.jp/syosai.php?shrno=218
Gifu,稲荷神社,いなりじんじゃ,岐阜県羽島市正木町光法寺字堤添無番地,https://www.gifu-jinjacho.jp/syosai.php?shrno=219
Gifu,神明神社,しんめいじんじゃ,岐阜県羽島市正木町光法寺火燈ｽ堤防無番地,https://www.gifu-jinjacho.jp/syosai.php?shrno=220
Gifu,三社神社,さんしゃじんじゃ,岐阜県羽島市正木町須賀字中畑1891･1892番地,https://www.gifu-jinjacho.jp/syosai.php?shrno=221
Gifu,貴船神社,きふねじんじゃ,岐阜県羽島市正木町森10丁目63番地,https://www.gifu-jinjacho.jp/syosai.php?shrno=222
Gifu,神明神社,しんめいじんじゃ,岐阜県羽島市正木町大浦字南出無番地,https://www.gifu-jinjacho.jp/syosai.php?shrno=223
Gifu,六攸神社,ろくしょじんじゃ,岐阜県羽島市正木町大浦248番地,https://www.gifu-jinjacho.jp/syosai.php?shrno=224
Saitama,鷲尾神社,,加須市大越526,https://www.saitama-jinjacho.or.jp/shrine/9753/
Saitama,伊奈利神社,,加須市大越650,https://www.saitama-jinjacho.or.jp/shrine/9754/
Saitama,八坂神社,,加須市大越761,https://www.saitama-jinjacho.or.jp/shrine/9755/
Saitama,伊奈利神社,,加須市大越1413,https://www.saitama-jinjacho.or.jp/shrine/9756/
Saitama,八幡神社,,加須市大越1534,https://www.saitama-jinjacho.or.jp/shrine/9757/
Saitama,山祇神社,,飯能市上直竹上分69,https://www.saitama-jinjacho.or.jp/shrine/9758/
Saitama,八坂神社,,飯能市下直竹175,https://www.saitama-jinjacho.or.jp/shrine/9759/
Saitama,八幡神社,,飯能市岩渕778,https://www.saitama-jinjacho.or.jp/shrine/9760/
Saitama,八坂神社,,飯能市下川崎60甲,https://www.saitama-jinjacho.or.jp/shrine/9762/
Saitama,赤城神社,,飯能市芦刈場381,https://www.saitama-jinjacho.or.jp/shrine/9763/
Saitama,白鬚神社,,飯能市川崎36,https://www.saitama-jinjacho.or.jp/shrine/9764/
Saitama,諏訪神社,,飯能市長沢1840,https://www.saitama-jinjacho.or.jp/shrine/9765/
Saitama,天神社,,飯能市坂石町分451-1,https://www.saitama-jinjacho.or.jp/shrine/9766/
Saitama,三輪神社,,飯能市高山156,https://www.saitama-jinjacho.or.jp/shrine/9767/
Saitama,白髮神社,,飯能市坂石町分268,https://www.saitama-jinjacho.or.jp/shrine/9768/
Saitama,諏訪神社,,飯能市坂石町分661,https://www.saitama-jinjacho.or.jp/shrine/9769/
Saitama,神明社,,飯能市吾野20-1,https://www.saitama-jinjacho.or.jp/shrine/9770/
Saitama,喜多川神社,,飯能市北川971,https://www.saitama-jinjacho.or.jp/shrine/9771/
Saitama,天神社,,飯能市吾野617,https://www.saitama-jinjacho.or.jp/shrine/9772/
Saitama,諏訪神社,,飯能市下名栗1049,https://www.saitama-jinjacho.or.jp/shrine/9773/
Saitama,高徳神社,,鶴ヶ島市太田ヶ谷617-1,https://www.saitama-jinjacho.or.jp/shrine/9774/
Saitama,日枝神社,,鶴ヶ島市上新田104,https://www.saitama-jinjacho.or.jp/shrine/9775/
Saitama,八幡神社,,熊谷市平塚新田508,https://www.saitama-jinjacho.or.jp/shrine/9776/
Saitama,白髭神社,,熊谷市楊井3,https://www.saitama-jinjacho.or.jp/shrine/9777/
Saitama,氷川神社,,熊谷市万吉986,https://www.saitama-jinjacho.or.jp/shrine/9778/
Saitama,登由宇気神社,,熊谷市村岡851-1,https://www.saitama-jinjacho.or.jp/shrine/9779/
Saitama,豊布都神社,,熊谷市上奈良1286,https://www.saitama-jinjacho.or.jp/shrine/9780/
Saitama,佐谷田神社,,熊谷市佐谷田310,https://www.saitama-jinjacho.or.jp/shrine/9781/
Saitama,愛宕神社,,熊谷市鎌倉町44,https://www.saitama-jinjacho.or.jp/shrine/9782/
Saitama,近殿神社,,熊谷市下増田749,https://www.saitama-jinjacho.or.jp/shrine/9783/
Saitama,東別府神社,,熊谷市東別府778,https://www.saitama-jinjacho.or.jp/shrine/9784/
Saitama,湯殿神社,,熊谷市西別府1575,https://www.saitama-jinjacho.or.jp/shrine/9785/
Saitama,湯殿大神社,,熊谷市奈良新田257,https://www.saitama-jinjacho.or.jp/shrine/9786/
Saitama,榛名神社,,熊谷市太井2284,https://www.saitama-jinjacho.or.jp/shrine/9787/
Saitama,太田神社,,熊谷市飯塚1431,https://www.saitama-jinjacho.or.jp/shrine/9788/
Saitama,神明社,,熊谷市男沼225,https://www.saitama-jinjacho.or.jp/shrine/9789/
Saitama,伊奈利神社,,熊谷市出来島10,https://www.saitama-jinjacho.or.jp/shrine/9790/
Saitama,白山神社,,熊谷市妻沼台331,https://www.saitama-jinjacho.or.jp/shrine/9791/
Saitama,神明神社,,熊谷市妻沼小島2358,https://www.saitama-jinjacho.or.jp/shrine/9792/
Saitama,長井神社,,熊谷市西野522,https://www.saitama-jinjacho.or.jp/shrine/9793/
Saitama,上根神社,,熊谷市上根588-1,https://www.saitama-jinjacho.or.jp/shrine/9794/
Saitama,長井神社,,熊谷市日向1090,https://www.saitama-jinjacho.or.jp/shrine/9795/
Saitama,伊奈利神社,,熊谷市俵瀬489,https://www.saitama-jinjacho.or.jp/shrine/9796/
Saitama,巌島神社,,熊谷市弁財174,https://www.saitama-jinjacho.or.jp/shrine/9797/
Saitama,善ヶ島神社,,熊谷市善ヶ島197,https://www.saitama-jinjacho.or.jp/shrine/9798/
Saitama,日枝神社,,熊谷市八ツ口922,https://www.saitama-jinjacho.or.jp/shrine/9799/
Saitama,伊奈利神社,,熊谷市大野751,https://www.saitama-jinjacho.or.jp/shrine/9800/
Saitama,西城神社,,熊谷市西城2,https://www.saitama-jinjacho.or.jp/shrine/9801/
Saitama,八幡大神社,,熊谷市上須戸838,https://www.saitama-jinjacho.or.jp/shrine/9802/
Saitama,神明社,,熊谷市葛和田591,https://www.saitama-jinjacho.or.jp/shrine/9803/
Saitama,江波神社,,熊谷市江波315,https://www.saitama-jinjacho.or.jp/shrine/9804/
Saitama,稲荷神社,,熊谷市間々田248,https://www.saitama-jinjacho.or.jp/shrine/9805/
Saitama,氷川大神社,,熊谷市弥藤吾687,https://www.saitama-jinjacho.or.jp/shrine/9806/
Saitama,白髪神社,,熊谷市妻沼1038,https://www.saitama-jinjacho.or.jp/shrine/9807/
Saitama,大我井神社,,熊谷市妻沼1480,https://www.saitama-jinjacho.or.jp/shrine/9808/
Saitama,愛宕神社,,加須市大越1809,https://www.saitama-jinjacho.or.jp/shrine/9809/
Saitama,八坂神社,,加須市大越1991,https://www.saitama-jinjacho.or.jp/shrine/9810/
Saitama,鷲神社,,加須市大越2550,https://www.saitama-jinjacho.or.jp/shrine/9811/
Saitama,伊奈利神社,,加須市大越2827,https://www.saitama-jinjacho.or.jp/shrine/9812/
Saitama,神明社,,加須市大越3441,https://www.saitama-jinjacho.or.jp/shrine/9813/
Saitama,諏訪神社,,加須市串作870－1,https://www.saitama-jinjacho.or.jp/shrine/9814/
Saitama,天神社,,加須市阿良川240,https://www.saitama-jinjacho.or.jp/shrine/9815/
Saitama,雷電神社,,加須市南大桑3478,https://www.saitama-jinjacho.or.jp/shrine/9816/
Saitama,久伊豆社,,加須市北辻222,https://www.saitama-jinjacho.or.jp/shrine/9817/
Saitama,八幡社,,加須市水深74,https://www.saitama-jinjacho.or.jp/shrine/9818/
Saitama,熊野神社,,加須市南小浜557,https://www.saitama-jinjacho.or.jp/shrine/9819/
Saitama,久伊豆社,,加須市今鉾48,https://www.saitama-jinjacho.or.jp/shrine/9820/
Saitama,久伊豆社,,加須市割目491-1,https://www.saitama-jinjacho.or.jp/shrine/9821/
Saitama,御嶽社,,加須市常泉31-1,https://www.saitama-jinjacho.or.jp/shrine/9822/
Saitama,八坂社,,加須市下高柳1081,https://www.saitama-jinjacho.or.jp/shrine/9823/
Saitama,八幡社,,加須市油井ヶ島1167-1,https://www.saitama-jinjacho.or.jp/shrine/9824/
Saitama,神明社,,加須市川口993-1,https://www.saitama-jinjacho.or.jp/shrine/9825/
Saitama,女体神社,,加須市船越141,https://www.saitama-jinjacho.or.jp/shrine/9826/
Saitama,神明社,,加須市南篠崎2-8-2,https://www.saitama-jinjacho.or.jp/shrine/9827/
Saitama,天神社,,加須市大室615,https://www.saitama-jinjacho.or.jp/shrine/9828/
Saitama,稲荷社,,加須市上樋遣川5324,https://www.saitama-jinjacho.or.jp/shrine/9829/
Saitama,浅間社,,加須市上樋遣川4612,https://www.saitama-jinjacho.or.jp/shrine/9830/
Saitama,天神社,,加須市大越1910,https://www.saitama-jinjacho.or.jp/shrine/9831/
Saitama,天神社,,加須市牛重382-1,https://www.saitama-jinjacho.or.jp/shrine/9832/
Saitama,前玉神社,,加須市根古屋476-1,https://www.saitama-jinjacho.or.jp/shrine/9833/
Saitama,久伊豆社,,加須市鴻茎399-1,https://www.saitama-jinjacho.or.jp/shrine/9834/
Saitama,神明社,,加須市芋茎1038-1,https://www.saitama-jinjacho.or.jp/shrine/9835/
Saitama,久伊豆社,,加須市西ノ谷114-1,https://www.saitama-jinjacho.or.jp/shrine/9836/
Saitama,氷川神社,,加須市下崎1715-1,https://www.saitama-jinjacho.or.jp/shrine/9837/
Saitama,八幡神社,,加須市下崎1251,https://www.saitama-jinjacho.or.jp/shrine/9838/
Saitama,雷電神社,,加須市上崎2402-1,https://www.saitama-jinjacho.or.jp/shrine/9839/
Saitama,愛宕社,,加須市外川103-1,https://www.saitama-jinjacho.or.jp/shrine/9840/
Saitama,駒形神社,,加須市日出安970-1,https://www.saitama-jinjacho.or.jp/shrine/9841/
Saitama,諏訪社,,加須市上高柳52,https://www.saitama-jinjacho.or.jp/shrine/9842/
Saitama,諏訪神社,,加須市正能200－1,https://www.saitama-jinjacho.or.jp/shrine/9843/
Saitama,雷神社,,加須市中種足1273,https://www.saitama-jinjacho.or.jp/shrine/9844/
Saitama,稲荷神社,,加須市道地1475－3,https://www.saitama-jinjacho.or.jp/shrine/9845/
Saitama,多賀谷神社,,加須市内田ケ谷676,https://www.saitama-jinjacho.or.jp/shrine/9846/
Saitama,久伊豆神社,,加須市外田ケ谷744-1,https://www.saitama-jinjacho.or.jp/shrine/9847/
Saitama,諏訪神社,,加須市戸崎2388,https://www.saitama-jinjacho.or.jp/shrine/9848/
Saitama,日吉社,,加須市戸崎1527,https://www.saitama-jinjacho.or.jp/shrine/9849/
Saitama,八幡神社,,加須市中ノ目443-1,https://www.saitama-jinjacho.or.jp/shrine/9850/
Saitama,諏訪神社,,加須市戸室1231,https://www.saitama-jinjacho.or.jp/shrine/9851/
Saitama,八幡神社,,加須市生出315,https://www.saitama-jinjacho.or.jp/shrine/9852/
Saitama,旗井神社,,加須市旗井556,https://www.saitama-jinjacho.or.jp/shrine/9853/
Saitama,鷲神社,,加須市外記新田14,https://www.saitama-jinjacho.or.jp/shrine/9854/
Saitama,神武天皇社,,加須市新川通738,https://www.saitama-jinjacho.or.jp/shrine/9855/
Saitama,稲荷神社,,加須市中渡32－1,https://www.saitama-jinjacho.or.jp/shrine/9856/
Saitama,吉見神社,,熊谷市相上1,https://www.saitama-jinjacho.or.jp/shrine/9857/
Saitama,諏訪神社,,熊谷市下恩田576,https://www.saitama-jinjacho.or.jp/shrine/9858/
Saitama,八幡浅間神社,,加須市間口４７９,https://www.saitama-jinjacho.or.jp/shrine/9859/
Saitama,八幡神社,,加須市杓子木147,https://www.saitama-jinjacho.or.jp/shrine/9860/
Saitama,八幡神社,,加須市新井新田38,https://www.saitama-jinjacho.or.jp/shrine/9861/
Saitama,八幡神社,,加須市北大桑245,https://www.saitama-jinjacho.or.jp/shrine/9862/
Saitama,香取神社,,加須市北大桑808,https://www.saitama-jinjacho.or.jp/shrine/9863/
Saitama,熊野三神社,,加須市北大桑1169,https://www.saitama-jinjacho.or.jp/shrine/9864/
Saitama,若宮八幡神社,,加須市北大桑1292,https://www.saitama-jinjacho.or.jp/shrine/9865/
Saitama,阿夫利天神社,,本庄市中央3-4-38,https://www.saitama-jinjacho.or.jp/shrine/9866/
Saitama,城山稲荷神社,,本庄市本庄3-5-44,https://www.saitama-jinjacho.or.jp/shrine/9867/
Saitama,愛宕神社,,本庄市中央1-5-2,https://www.saitama-jinjacho.or.jp/shrine/9868/
Saitama,八坂神社,,本庄市本庄3-7-11,https://www.saitama-jinjacho.or.jp/shrine/9869/
Saitama,諏訪神社,,本庄市寿2-1-21,https://www.saitama-jinjacho.or.jp/shrine/9870/
Saitama,若電神社,,本庄市東五十子10,https://www.saitama-jinjacho.or.jp/shrine/9871/
Saitama,諏訪神社,,本庄市小島4-4-14,https://www.saitama-jinjacho.or.jp/shrine/9872/
Saitama,唐鈴神社,,本庄市小島5-4-33,https://www.saitama-jinjacho.or.jp/shrine/9873/
Saitama,金鑽神社,,本庄市栗崎152,https://www.saitama-jinjacho.or.jp/shrine/9874/
Saitama,飯玉神社,,本庄市北堀1602,https://www.saitama-jinjacho.or.jp/shrine/9875/
Saitama,稲荷神社,,本庄市新井2,https://www.saitama-jinjacho.or.jp/shrine/9876/
Saitama,金鑽神社,,本庄市今井1124-1,https://www.saitama-jinjacho.or.jp/shrine/9877/
Saitama,八幡神社,,加須市北大桑1429,https://www.saitama-jinjacho.or.jp/shrine/9878/
Saitama,八坂神社,,加須市細間111,https://www.saitama-jinjacho.or.jp/shrine/9879/
Saitama,鷲神社,,加須市砂原447,https://www.saitama-jinjacho.or.jp/shrine/9880/
Saitama,鷲神社,,加須市砂原2085,https://www.saitama-jinjacho.or.jp/shrine/9881/
Saitama,横沼神社,,加須市琴寄344,https://www.saitama-jinjacho.or.jp/shrine/9882/
Saitama,鷲神社,,加須市佐波153,https://www.saitama-jinjacho.or.jp/shrine/9883/
Saitama,鷲神社,,加須市弥兵衛476,https://www.saitama-jinjacho.or.jp/shrine/9884/
Saitama,鷲神社,,加須市道目324,https://www.saitama-jinjacho.or.jp/shrine/9885/
Saitama,天神社,,加須市道目548,https://www.saitama-jinjacho.or.jp/shrine/9886/
Saitama,厳島神社,,加須市道目702,https://www.saitama-jinjacho.or.jp/shrine/9887/
Saitama,伊奈利神社,,加須市道目1927,https://www.saitama-jinjacho.or.jp/shrine/9888/
Saitama,稲荷神社,,加須市北平野366,https://www.saitama-jinjacho.or.jp/shrine/9889/
Saitama,若宮八幡神社,,加須市北下新井461,https://www.saitama-jinjacho.or.jp/shrine/9890/
Saitama,鷲神社,,加須市栄2167,https://www.saitama-jinjacho.or.jp/shrine/9891/
Saitama,鷲神社,,加須市向古河486‐1,https://www.saitama-jinjacho.or.jp/shrine/9892/
Saitama,鷲神社,,加須市栄314,https://www.saitama-jinjacho.or.jp/shrine/9893/
Saitama,鷲神社,,加須市駒場24,https://www.saitama-jinjacho.or.jp/shrine/9894/
Saitama,鷲神社,,加須市柏戸570‐1,https://www.saitama-jinjacho.or.jp/shrine/9895/
Saitama,鷲神社,,加須市小野袋518,https://www.saitama-jinjacho.or.jp/shrine/9896/
Saitama,八幡社,,加須市小野袋1653,https://www.saitama-jinjacho.or.jp/shrine/9897/
Saitama,鷲神社,,加須市本郷749,https://www.saitama-jinjacho.or.jp/shrine/9898/
Saitama,鷲神社,,加須市麦倉123,https://www.saitama-jinjacho.or.jp/shrine/9899/
Saitama,八坂神社,,加須市麦倉2551,https://www.saitama-jinjacho.or.jp/shrine/9900/
Saitama,鷲神社,,加須市柳生2378,https://www.saitama-jinjacho.or.jp/shrine/9901/
Saitama,浅間神社,,加須市伊賀袋47,https://www.saitama-jinjacho.or.jp/shrine/9902/
Saitama,諏訪神社,,さいたま市岩槻区諏訪4-3,https://www.saitama-jinjacho.or.jp/shrine/9903/
Saitama,稲荷神社,,さいたま市岩槻区美園東３－２－７,https://www.saitama-jinjacho.or.jp/shrine/9904/
Saitama,篠岡八幡大神社,,さいたま市岩槻区笹久保810,https://www.saitama-jinjacho.or.jp/shrine/9905/
Saitama,浮谷神社,,さいたま市岩槻区浮谷153,https://www.saitama-jinjacho.or.jp/shrine/9906/
Saitama,久伊豆神社,,さいたま市岩槻区真福寺414,https://www.saitama-jinjacho.or.jp/shrine/9907/
Saitama,八幡神社,,さいたま市岩槻区尾ケ崎1823,https://www.saitama-jinjacho.or.jp/shrine/9908/
Saitama,香取神社,,さいたま市岩槻区増長1,https://www.saitama-jinjacho.or.jp/shrine/9909/
Saitama,八幡神社,,さいたま市岩槻区本町4-8-23,https://www.saitama-jinjacho.or.jp/shrine/9910/
Saitama,諏訪神社,,さいたま市岩槻区太田1-10-59,https://www.saitama-jinjacho.or.jp/shrine/9911/
Saitama,八雲神社,,さいたま市岩槻区本町1-15,https://www.saitama-jinjacho.or.jp/shrine/9912/
Saitama,北野天満神社,,さいたま市岩槻区本宿327,https://www.saitama-jinjacho.or.jp/shrine/9913/
Saitama,久伊豆神社,,さいたま市岩槻区谷下102,https://www.saitama-jinjacho.or.jp/shrine/9914/
Saitama,南市田神社,,熊谷市中曽根140,https://www.saitama-jinjacho.or.jp/shrine/9915/
Saitama,冑山神社,,熊谷市冑山1,https://www.saitama-jinjacho.or.jp/shrine/9916/
Saitama,八幡神社,,熊谷市津田897,https://www.saitama-jinjacho.or.jp/shrine/9917/
Saitama,八幡神社,,熊谷市玉作343,https://www.saitama-jinjacho.or.jp/shrine/9918/
Saitama,船木神社,,熊谷市船木台5-3-2,https://www.saitama-jinjacho.or.jp/shrine/9919/
Saitama,春日神社,,熊谷市小八林55,https://www.saitama-jinjacho.or.jp/shrine/9920/
Saitama,高城神社,,熊谷市高本144,https://www.saitama-jinjacho.or.jp/shrine/9921/
Saitama,八幡若宮八幡神社,,熊谷市押切1056-1,https://www.saitama-jinjacho.or.jp/shrine/9922/
Saitama,諏訪神社,,熊谷市上新田227,https://www.saitama-jinjacho.or.jp/shrine/9923/
Saitama,渡唐神社,,熊谷市三本717,https://www.saitama-jinjacho.or.jp/shrine/9924/
Saitama,雷電神社,,熊谷市御正新田438,https://www.saitama-jinjacho.or.jp/shrine/9925/
Saitama,七社神社,,熊谷市樋春1023,https://www.saitama-jinjacho.or.jp/shrine/9926/
Saitama,八幡神社,,熊谷市須賀広237,https://www.saitama-jinjacho.or.jp/shrine/9927/
Saitama,高根神社,,熊谷市小江川1404,https://www.saitama-jinjacho.or.jp/shrine/9928/
Saitama,八幡神社,,熊谷市塩142-1,https://www.saitama-jinjacho.or.jp/shrine/9929/
Saitama,八幡神社,,熊谷市野原66,https://www.saitama-jinjacho.or.jp/shrine/9930/
Saitama,赤城神社,,熊谷市成沢346-2,https://www.saitama-jinjacho.or.jp/shrine/9931/
Saitama,出雲乃伊波比神社,,熊谷市板井718,https://www.saitama-jinjacho.or.jp/shrine/9932/
Saitama,飯玉神社,,熊谷市千代625-1,https://www.saitama-jinjacho.or.jp/shrine/9933/
Saitama,八幡神社,,熊谷市柴164,https://www.saitama-jinjacho.or.jp/shrine/9934/
Saitama,諏訪神社,,深谷市新井541,https://www.saitama-jinjacho.or.jp/shrine/9936/
Saitama,稲荷神社,,深谷市石塚658,https://www.saitama-jinjacho.or.jp/shrine/9937/
Saitama,熊野神社,,深谷市沼尻160,https://www.saitama-jinjacho.or.jp/shrine/9938/
Saitama,諏訪山神社,,深谷市上増田260,https://www.saitama-jinjacho.or.jp/shrine/9939/
Saitama,住吉神社,,深谷市宮ヶ谷戸181,https://www.saitama-jinjacho.or.jp/shrine/9940/
Saitama,諏訪神社,,深谷市明戸504,https://www.saitama-jinjacho.or.jp/shrine/9941/
Saitama,生品神社,,深谷市高島209,https://www.saitama-jinjacho.or.jp/shrine/9942/
Saitama,御嶽大神社,,深谷市成塚208,https://www.saitama-jinjacho.or.jp/shrine/9943/
Saitama,楡山神社,,深谷市原郷336,https://www.saitama-jinjacho.or.jp/shrine/9944/
Saitama,浅間神社,,深谷市人見1404,https://www.saitama-jinjacho.or.jp/shrine/9945/
Saitama,稲荷神社,,深谷市稲荷町3-2-58,https://www.saitama-jinjacho.or.jp/shrine/9946/
Saitama,愛宕神社,,深谷市原郷2031,https://www.saitama-jinjacho.or.jp/shrine/9947/
Saitama,八幡神社,,深谷市上野台3168,https://www.saitama-jinjacho.or.jp/shrine/9948/
Saitama,諏訪神社,,深谷市上柴町東1-18,https://www.saitama-jinjacho.or.jp/shrine/9949/
Saitama,熊野大神社,,深谷市東方1709,https://www.saitama-jinjacho.or.jp/shrine/9950/
Saitama,日吉大神荒神社,,深谷市国済寺520,https://www.saitama-jinjacho.or.jp/shrine/9951/
Saitama,四所神社,,さいたま市岩槻区尾ケ崎1262‐1,https://www.saitama-jinjacho.or.jp/shrine/9952/
Saitama,富士浅間神社,,さいたま市岩槻区府内1-6-24,https://www.saitama-jinjacho.or.jp/shrine/9953/
Saitama,雷電神社,,深谷市戸森149,https://www.saitama-jinjacho.or.jp/shrine/9954/
Saitama,中瀬神社,,深谷市中瀬650,https://www.saitama-jinjacho.or.jp/shrine/9955/
Saitama,秋葉神社,,さいたま市岩槻区仲町1‐1‐12,https://www.saitama-jinjacho.or.jp/shrine/9956/
Saitama,鷲神社,,さいたま市岩槻区末田1966,https://www.saitama-jinjacho.or.jp/shrine/9957/
Saitama,神明社,,さいたま市岩槻区釣上220,https://www.saitama-jinjacho.or.jp/shrine/9958/
Saitama,稲荷神社,,さいたま市岩槻区高曽根942,https://www.saitama-jinjacho.or.jp/shrine/9959/
Saitama,香取神社,,さいたま市岩槻区大森22,https://www.saitama-jinjacho.or.jp/shrine/9960/
Saitama,野孫神社,,さいたま市岩槻区野孫623,https://www.saitama-jinjacho.or.jp/shrine/9961/
Saitama,神明神社,,さいたま市岩槻区横根1627,https://www.saitama-jinjacho.or.jp/shrine/9962/
Saitama,北辰神社,,さいたま市岩槻区横根813,https://www.saitama-jinjacho.or.jp/shrine/9963/
Saitama,北辰神社,,さいたま市岩槻区横根2383,https://www.saitama-jinjacho.or.jp/shrine/9964/
Saitama,久伊豆神社,,さいたま市岩槻区加倉1392,https://www.saitama-jinjacho.or.jp/shrine/9965/
Saitama,久伊豆神社,,さいたま市岩槻区柏崎771,https://www.saitama-jinjacho.or.jp/shrine/9966/
Saitama,久伊豆神社,,さいたま市岩槻区南下新井953,https://www.saitama-jinjacho.or.jp/shrine/9967/
Saitama,白山神社,,さいたま市岩槻区府内2-22-25,https://www.saitama-jinjacho.or.jp/shrine/9968/
Saitama,久伊豆神社,,さいたま市岩槻区村国606,https://www.saitama-jinjacho.or.jp/shrine/9969/
Saitama,浅間神社,,さいたま市岩槻区笹久保新田1595,https://www.saitama-jinjacho.or.jp/shrine/9970/
Saitama,久伊豆神社,,さいたま市岩槻区黒谷1851,https://www.saitama-jinjacho.or.jp/shrine/9971/
Saitama,飯塚神社,,さいたま市岩槻区飯塚1294,https://www.saitama-jinjacho.or.jp/shrine/9972/
Saitama,香取稲荷神社,,さいたま市岩槻区新方須賀1056,https://www.saitama-jinjacho.or.jp/shrine/9973/
Saitama,香取神社,,さいたま市岩槻区大谷415,https://www.saitama-jinjacho.or.jp/shrine/9974/
Saitama,香取神社,,さいたま市岩槻区大口251,https://www.saitama-jinjacho.or.jp/shrine/9975/
Saitama,神明神社,,さいたま市岩槻区大野島116,https://www.saitama-jinjacho.or.jp/shrine/9976/
Saitama,香取神社,,さいたま市岩槻区長宮724,https://www.saitama-jinjacho.or.jp/shrine/9977/
Saitama,稲荷神社,,さいたま市岩槻区南平野1-33-5,https://www.saitama-jinjacho.or.jp/shrine/9978/
Saitama,久伊豆神社,,さいたま市岩槻区箕輪63,https://www.saitama-jinjacho.or.jp/shrine/9979/
Saitama,八雲神社,,さいたま市岩槻区金重141,https://www.saitama-jinjacho.or.jp/shrine/9980/
Saitama,稲荷神社,,さいたま市岩槻区掛315,https://www.saitama-jinjacho.or.jp/shrine/9981/
Saitama,関白神社,,さいたま市岩槻区平林寺925,https://www.saitama-jinjacho.or.jp/shrine/9982/
Saitama,鷲宮神社,,さいたま市岩槻区上野6-6-8,https://www.saitama-jinjacho.or.jp/shrine/9983/
Saitama,八幡神社,,さいたま市岩槻区南辻68,https://www.saitama-jinjacho.or.jp/shrine/9984/
Saitama,愛宕神社,,行田市行田24-21,https://www.saitama-jinjacho.or.jp/shrine/9985/
Saitama,久伊豆神社,,行田市小見935,https://www.saitama-jinjacho.or.jp/shrine/9986/
Saitama,愛宕社,,行田市行田１−１,https://www.saitama-jinjacho.or.jp/shrine/9987/
Saitama,五所神社,,行田市白川戸496,https://www.saitama-jinjacho.or.jp/shrine/9988/
Saitama,春日神社,,行田市谷郷395,https://www.saitama-jinjacho.or.jp/shrine/9989/
Saitama,天神社,,行田市前谷1425,https://www.saitama-jinjacho.or.jp/shrine/9990/
Saitama,伊奈利神社,,行田市利田587,https://www.saitama-jinjacho.or.jp/shrine/9991/
Saitama,諏訪神社,,深谷市上敷免940,https://www.saitama-jinjacho.or.jp/shrine/9992/
Saitama,山神社,,深谷市宿根826-2,https://www.saitama-jinjacho.or.jp/shrine/9993/
Saitama,常世岐姫神社,,深谷市樫合646-2,https://www.saitama-jinjacho.or.jp/shrine/9994/
Saitama,八王子神社,,深谷市柏合801ｰ1,https://www.saitama-jinjacho.or.jp/shrine/9995/
Saitama,八幡神社,,深谷市折之口148,https://www.saitama-jinjacho.or.jp/shrine/9996/
Saitama,桑名野神社,,深谷市大谷951,https://www.saitama-jinjacho.or.jp/shrine/9997/
Saitama,伊勢殿神社,,深谷市深谷町39-1,https://www.saitama-jinjacho.or.jp/shrine/9998/
Saitama,西嶋稲荷神社,,深谷市田所町1059,https://www.saitama-jinjacho.or.jp/shrine/9999/
Saitama,瀧宮神社,,深谷市宿根1,https://www.saitama-jinjacho.or.jp/shrine/10000/
Saitama,鹿嶋大神社,,深谷市大塚島1292,https://www.saitama-jinjacho.or.jp/shrine/10001/
Saitama,熊野大神社,,深谷市内ヶ島650,https://www.saitama-jinjacho.or.jp/shrine/10002/
Saitama,鷲宮神社,,深谷市高畑1,https://www.saitama-jinjacho.or.jp/shrine/10003/
Saitama,八坂神社,,深谷市西島5-6-1,https://www.saitama-jinjacho.or.jp/shrine/10004/
Gifu,高彦神社,たかひこじんじゃ,岐阜県羽島市正木町新井241番地の1,https://www.gifu-jinjacho.jp/syosai.php?shrno=225
Gifu,神明神社,しんめいじんじゃ,岐阜県羽島市正木町三ツ柳字宮ﾉ越295番地,https://www.gifu-jinjacho.jp/syosai.php?shrno=226
Gifu,貴船神社,きふねじんじゃ,岐阜県羽島市正木町曲利字中ﾉ畑275番地,https://www.gifu-jinjacho.jp/syosai.php?shrno=227
Gifu,貴船神社,きふねじんじゃ,岐阜県羽島市正木町曲利村中899番地,https://www.gifu-jinjacho.jp/syosai.php?shrno=228
Gifu,貴船神社,きふねじんじゃ,岐阜県羽島市正木町不破一色字西口846番地,https://www.gifu-jinjacho.jp/syosai.php?shrno=229
Gifu,貴船神社,きふねじんじゃ,岐阜県羽島市正木町坂丸396番地,https://www.gifu-jinjacho.jp/syosai.php?shrno=230
Gifu,八幡神社,はちまんじんじゃ,岐阜県羽島市竹鼻町狐穴1316番地,https://www.gifu-jinjacho.jp/syosai.php?shrno=231
Gifu,稲荷神社,いなりじんじゃ,岐阜県羽島市竹鼻町狐穴1317番地,https://www.gifu-jinjacho.jp/syosai.php?shrno=232
Gifu,巖島神社,いつくしまじんじゃ,岐阜県羽島市竹鼻町狐穴2460番地,https://www.gifu-jinjacho.jp/syosai.php?shrno=233
Gifu,神明神社,しんめいじんじゃ,岐阜県羽島市竹鼻町狐穴字矢熊1326番地の2,https://www.gifu-jinjacho.jp/syosai.php?shrno=234
Gifu,八幡神社,はちまんじんじゃ,岐阜県羽島市竹鼻町飯柄2097番地の1,https://www.gifu-jinjacho.jp/syosai.php?shrno=235
Gifu,神明神社,しんめいじんじゃ,岐阜県羽島市竹鼻町飯柄226番地,https://www.gifu-jinjacho.jp/syosai.php?shrno=236
Gifu,駒塚神社,こまづかじんじゃ,岐阜県羽島市竹鼻町駒塚570番地,https://www.gifu-jinjacho.jp/syosai.php?shrno=237
Gifu,神明神社,しんめいじんじゃ,岐阜県羽島市竹鼻町蜂尻字宮西59番地,https://www.gifu-jinjacho.jp/syosai.php?shrno=238
Gifu,神宮神社,しんぐうじんじゃ,岐阜県羽島市江吉良町3238番地,https://www.gifu-jinjacho.jp/syosai.php?shrno=239
Gifu,水除神社,みずよけじんしゃ,岐阜県羽島市江吉良町933番地,https://www.gifu-jinjacho.jp/syosai.php?shrno=240
Gifu,野々宮神社,ののみやじんじゃ,岐阜県羽島市江吉良町379番地,https://www.gifu-jinjacho.jp/syosai.php?shrno=241
Gifu,神明神社,しんめいじんじゃ,岐阜県羽島市江吉良町2082番地,https://www.gifu-jinjacho.jp/syosai.php?shrno=242
Gifu,県神社,あがたじんじゃ,岐阜県羽島市江吉良町2432番地,https://www.gifu-jinjacho.jp/syosai.php?shrno=243
Gifu,八剱神社,はっけんじんじゃ,岐阜県羽島市竹鼻町3298番地の1,https://www.gifu-jinjacho.jp/syosai.php?shrno=244
Gifu,稲荷神社,いなりじんじゃ,岐阜県羽島市竹鼻町3010-5,https://www.gifu-jinjacho.jp/syosai.php?shrno=245
Gifu,稲荷神社,いなりじんじゃ,岐阜県羽島市竹鼻町2348-2,https://www.gifu-jinjacho.jp/syosai.php?shrno=246
Gifu,秋葉神社,あきばじんじゃ,岐阜県羽島市竹鼻町2448-1,https://www.gifu-jinjacho.jp/syosai.php?shrno=247
Gifu,富士神社,ふじじんじゃ,岐阜県羽島市福寿町間島7丁目46番地,https://www.gifu-jinjacho.jp/syosai.php?shrno=248
Gifu,八幡神社,はちまんじんじゃ,岐阜県羽島市福寿町間島2丁目91番地,https://www.gifu-jinjacho.jp/syosai.php?shrno=249
Saitama,寅稲荷神社,,深谷市岡1685,https://www.saitama-jinjacho.or.jp/shrine/10005/
Saitama,岡廼宮神社,,深谷市岡3226,https://www.saitama-jinjacho.or.jp/shrine/10006/
Saitama,八幡神社,,深谷市町田146,https://www.saitama-jinjacho.or.jp/shrine/10007/
Saitama,稲荷神社,,深谷市北阿賀野1,https://www.saitama-jinjacho.or.jp/shrine/10008/
Saitama,伊勢大神社,,深谷市横瀬337,https://www.saitama-jinjacho.or.jp/shrine/10009/
Saitama,横瀬神社,,深谷市横瀬1358,https://www.saitama-jinjacho.or.jp/shrine/10010/
Saitama,二柱神社,,深谷市上手計216,https://www.saitama-jinjacho.or.jp/shrine/10011/
Saitama,厳島神社,,深谷市普済寺903,https://www.saitama-jinjacho.or.jp/shrine/10012/
Saitama,愛宕神社,,深谷市普済寺1536,https://www.saitama-jinjacho.or.jp/shrine/10013/
Saitama,菅原神社,,深谷市普済寺919,https://www.saitama-jinjacho.or.jp/shrine/10014/
Saitama,白山神社,,深谷市岡部2070-1,https://www.saitama-jinjacho.or.jp/shrine/10015/
Saitama,岡部神社,,深谷市岡部705,https://www.saitama-jinjacho.or.jp/shrine/10016/
Saitama,藤田神社,,深谷市本郷1525,https://www.saitama-jinjacho.or.jp/shrine/10017/
Saitama,浅間大神社,,深谷市今泉51,https://www.saitama-jinjacho.or.jp/shrine/10018/
Saitama,二柱大神社,,深谷市榛沢新田975,https://www.saitama-jinjacho.or.jp/shrine/10019/
Saitama,伊奈利神社,,深谷市山河1032,https://www.saitama-jinjacho.or.jp/shrine/10020/
Saitama,天神社,,深谷市山崎134,https://www.saitama-jinjacho.or.jp/shrine/10021/
Saitama,熊野神社,,深谷市岡2953,https://www.saitama-jinjacho.or.jp/shrine/10022/
Saitama,白鬚神社,,深谷市岡1324,https://www.saitama-jinjacho.or.jp/shrine/10023/
Saitama,熊野大神社,,深谷市沓掛303-1,https://www.saitama-jinjacho.or.jp/shrine/10024/
Saitama,気多神社,,深谷市西田1,https://www.saitama-jinjacho.or.jp/shrine/10025/
Saitama,大寄八幡大神社,,深谷市榛沢1246-2,https://www.saitama-jinjacho.or.jp/shrine/10026/
Saitama,八幡大神社,,深谷市後榛沢851,https://www.saitama-jinjacho.or.jp/shrine/10027/
Saitama,諏訪神社,,深谷市小前田1,https://www.saitama-jinjacho.or.jp/shrine/10028/
Saitama,天神社,,行田市佐間1－10－6,https://www.saitama-jinjacho.or.jp/shrine/10029/
Saitama,諏訪神社,,行田市本丸12-5,https://www.saitama-jinjacho.or.jp/shrine/10030/
Saitama,東照宮,,行田市本丸12-5,https://www.saitama-jinjacho.or.jp/shrine/10031/
Saitama,鷺栖神社,,行田市門井1-104,https://www.saitama-jinjacho.or.jp/shrine/10032/
Saitama,棚田神社,,行田市棚田町1-53,https://www.saitama-jinjacho.or.jp/shrine/10033/
Saitama,八幡神社,,行田市持田5774,https://www.saitama-jinjacho.or.jp/shrine/10034/
Saitama,剣神社,,行田市持田5937,https://www.saitama-jinjacho.or.jp/shrine/10035/
Saitama,大宮神社,,行田市持田6516,https://www.saitama-jinjacho.or.jp/shrine/10036/
Saitama,第六天神社,,さいたま市岩槻区馬込200,https://www.saitama-jinjacho.or.jp/shrine/10037/
Saitama,三社神社,,さいたま市岩槻区徳力60,https://www.saitama-jinjacho.or.jp/shrine/10038/
Saitama,鷲神社,,さいたま市岩槻区小溝642,https://www.saitama-jinjacho.or.jp/shrine/10039/
Saitama,諏訪神社,,さいたま市岩槻区小溝1367,https://www.saitama-jinjacho.or.jp/shrine/10040/
Saitama,羽黒神社,,さいたま市岩槻区小溝1061,https://www.saitama-jinjacho.or.jp/shrine/10041/
Saitama,大六天神社,,さいたま市岩槻区小溝653,https://www.saitama-jinjacho.or.jp/shrine/10042/
Saitama,和泉三社,,さいたま市岩槻区鹿室1001,https://www.saitama-jinjacho.or.jp/shrine/10043/
Saitama,白山社,,さいたま市岩槻区鹿室1124,https://www.saitama-jinjacho.or.jp/shrine/10044/
Saitama,和田神社,,行田市和田192,https://www.saitama-jinjacho.or.jp/shrine/10045/
Saitama,八坂神社,,行田市和田680,https://www.saitama-jinjacho.or.jp/shrine/10046/
Saitama,月読神社,,さいたま市岩槻区慈恩寺759,https://www.saitama-jinjacho.or.jp/shrine/10047/
Saitama,春日神社,,行田市小敷田１,https://www.saitama-jinjacho.or.jp/shrine/10048/
Saitama,子神社,,さいたま市岩槻区裏慈恩寺1404,https://www.saitama-jinjacho.or.jp/shrine/10049/
Saitama,子安神社,,行田市下池守549,https://www.saitama-jinjacho.or.jp/shrine/10050/
Saitama,日枝神社,,さいたま市岩槻区相野原112,https://www.saitama-jinjacho.or.jp/shrine/10051/
Saitama,神明社,,行田市中里13,https://www.saitama-jinjacho.or.jp/shrine/10052/
Saitama,八幡社,,さいたま市岩槻区古ヶ場510,https://www.saitama-jinjacho.or.jp/shrine/10053/
Saitama,八幡神社,,行田市中里413,https://www.saitama-jinjacho.or.jp/shrine/10054/
Saitama,八幡神社,,行田市酒巻2038,https://www.saitama-jinjacho.or.jp/shrine/10055/
Saitama,劔神社,,行田市斎条1255,https://www.saitama-jinjacho.or.jp/shrine/10056/
Saitama,稲荷神社,,越谷市七左町7-286,https://www.saitama-jinjacho.or.jp/shrine/10057/
Saitama,三社大神社,,越谷市大間野4-1,https://www.saitama-jinjacho.or.jp/shrine/10058/
Saitama,稲荷神社,,越谷市新川町1-282,https://www.saitama-jinjacho.or.jp/shrine/10059/
Saitama,稲荷神社,,越谷市新川町2-66,https://www.saitama-jinjacho.or.jp/shrine/10060/
Saitama,稲荷神社,,越谷市瓦曽根1-5-6,https://www.saitama-jinjacho.or.jp/shrine/10061/
Saitama,護郷神社,,越谷市増林3199,https://www.saitama-jinjacho.or.jp/shrine/10062/
Saitama,増森神社,,越谷市増森1892,https://www.saitama-jinjacho.or.jp/shrine/10063/
Saitama,香取神社,,越谷市増林4232,https://www.saitama-jinjacho.or.jp/shrine/10064/
Saitama,香取神社,,越谷市大吉1055,https://www.saitama-jinjacho.or.jp/shrine/10065/
Saitama,香取神社,,越谷市向畑831,https://www.saitama-jinjacho.or.jp/shrine/10066/
Saitama,川崎神社,,越谷市北川崎107,https://www.saitama-jinjacho.or.jp/shrine/10067/
Saitama,稲荷神社,,越谷市大杉74,https://www.saitama-jinjacho.or.jp/shrine/10068/
Saitama,香取神社,,越谷市大松115,https://www.saitama-jinjacho.or.jp/shrine/10069/
Saitama,香取神社,,越谷市舟渡1869,https://www.saitama-jinjacho.or.jp/shrine/10070/
Saitama,稲荷神社,,越谷市弥十郎441,https://www.saitama-jinjacho.or.jp/shrine/10071/
Saitama,稲荷神社,,越谷市新越谷1ｰ38ｰ3,https://www.saitama-jinjacho.or.jp/shrine/10072/
Saitama,市神神明社,,越谷市越ヶ谷本町8-11,https://www.saitama-jinjacho.or.jp/shrine/10073/
Saitama,浅間神社,,越谷市中町7,https://www.saitama-jinjacho.or.jp/shrine/10074/
Saitama,八幡神社,,越谷市越ヶ谷2-2-16,https://www.saitama-jinjacho.or.jp/shrine/10075/
Saitama,天神社,,行田市上池守740-1,https://www.saitama-jinjacho.or.jp/shrine/10076/
Saitama,十二所神社,,行田市北河原1510,https://www.saitama-jinjacho.or.jp/shrine/10077/
Saitama,熊野神社,,行田市須賀4533,https://www.saitama-jinjacho.or.jp/shrine/10078/
Saitama,治子神社,,行田市下中条1665,https://www.saitama-jinjacho.or.jp/shrine/10079/
Saitama,豊栄神社,,深谷市黒田1497-1,https://www.saitama-jinjacho.or.jp/shrine/10080/
Saitama,八幡神社,,深谷市永田664,https://www.saitama-jinjacho.or.jp/shrine/10081/
Saitama,稲荷神社,,深谷市長在家204-1,https://www.saitama-jinjacho.or.jp/shrine/10082/
Saitama,知形神社,,深谷市田中612-1,https://www.saitama-jinjacho.or.jp/shrine/10083/
Saitama,白髭神社,,深谷市上原214,https://www.saitama-jinjacho.or.jp/shrine/10084/
Saitama,八幡神社,,深谷市武蔵野1862,https://www.saitama-jinjacho.or.jp/shrine/10085/
Saitama,十二社神社,,深谷市武蔵野277-3,https://www.saitama-jinjacho.or.jp/shrine/10086/
Saitama,春日神社,,深谷市本田2025,https://www.saitama-jinjacho.or.jp/shrine/10087/
Saitama,坂上神社,,深谷市本田4898-1,https://www.saitama-jinjacho.or.jp/shrine/10088/
Saitama,井椋神社,,深谷市畠山942,https://www.saitama-jinjacho.or.jp/shrine/10089/
Saitama,八幡神社,,深谷市川本明戸113,https://www.saitama-jinjacho.or.jp/shrine/10090/
Saitama,八幡神社,,深谷市瀬山398,https://www.saitama-jinjacho.or.jp/shrine/10091/
Saitama,天神社,,深谷市菅沼480,https://www.saitama-jinjacho.or.jp/shrine/10092/
Saitama,佐太彦神社,,寄居町折原615,https://www.saitama-jinjacho.or.jp/shrine/10093/
Saitama,白山神社,,寄居町鉢形468,https://www.saitama-jinjacho.or.jp/shrine/10094/
Saitama,天神社,,寄居町富田3283-1,https://www.saitama-jinjacho.or.jp/shrine/10095/
Saitama,波羅伊門神社,,寄居町保田原18-1,https://www.saitama-jinjacho.or.jp/shrine/10096/
Saitama,春日神社,,寄居町露梨子160,https://www.saitama-jinjacho.or.jp/shrine/10097/
Saitama,白髭神社,,寄居町折原469,https://www.saitama-jinjacho.or.jp/shrine/10098/
Saitama,諏訪神社,,寄居町立原2701,https://www.saitama-jinjacho.or.jp/shrine/10099/
Saitama,羽黒神社,,寄居町秋山743,https://www.saitama-jinjacho.or.jp/shrine/10100/
Saitama,熊野神社,,寄居町牟礼460,https://www.saitama-jinjacho.or.jp/shrine/10101/
Saitama,小被神社,,寄居町富田1508,https://www.saitama-jinjacho.or.jp/shrine/10102/
Saitama,三嶋神社,,寄居町赤浜1973,https://www.saitama-jinjacho.or.jp/shrine/10103/
Saitama,姥宮神社,,寄居町風布125,https://www.saitama-jinjacho.or.jp/shrine/10104/
Saitama,白髪神社,,寄居町金尾256-1,https://www.saitama-jinjacho.or.jp/shrine/10105/
Saitama,矢弓神社,,寄居町西古里124-3,https://www.saitama-jinjacho.or.jp/shrine/10106/
Saitama,兒泉神社,,寄居町今市690,https://www.saitama-jinjacho.or.jp/shrine/10107/
Saitama,波羅比門神社,,寄居町西ノ入738,https://www.saitama-jinjacho.or.jp/shrine/10108/
Saitama,白髭神社,,寄居町三品219,https://www.saitama-jinjacho.or.jp/shrine/10109/
Saitama,稲荷神社,,越谷市東大沢4-17-2,https://www.saitama-jinjacho.or.jp/shrine/10110/
Saitama,石神井神社,,越谷市西新井314,https://www.saitama-jinjacho.or.jp/shrine/10111/
Saitama,久伊豆神社,,越谷市小曽川434,https://www.saitama-jinjacho.or.jp/shrine/10112/
Saitama,五社稲荷神社,,越谷市南荻島3659,https://www.saitama-jinjacho.or.jp/shrine/10113/
Saitama,久伊豆神社,,越谷市砂原1455,https://www.saitama-jinjacho.or.jp/shrine/10114/
Saitama,久伊豆神社,,越谷市野島261,https://www.saitama-jinjacho.or.jp/shrine/10115/
Saitama,浅間神社,,越谷市平方3604,https://www.saitama-jinjacho.or.jp/shrine/10116/
Saitama,女帝神社,,越谷市平方25-1,https://www.saitama-jinjacho.or.jp/shrine/10117/
Saitama,稲荷神社,,越谷市大里712,https://www.saitama-jinjacho.or.jp/shrine/10118/
Saitama,香取神社,,越谷市下間久里1226,https://www.saitama-jinjacho.or.jp/shrine/10119/
Saitama,香取神社,,越谷市千間台東1-23-2,https://www.saitama-jinjacho.or.jp/shrine/10120/
Saitama,稲荷神社,,越谷市恩間新田559,https://www.saitama-jinjacho.or.jp/shrine/10121/
Saitama,香取神社,,越谷市恩間772,https://www.saitama-jinjacho.or.jp/shrine/10122/
Saitama,久伊豆神社,,越谷市袋山341,https://www.saitama-jinjacho.or.jp/shrine/10123/
Saitama,大竹神社,,越谷市大竹312,https://www.saitama-jinjacho.or.jp/shrine/10124/
Saitama,関根神社,,行田市関根365,https://www.saitama-jinjacho.or.jp/shrine/10127/
Saitama,久伊豆神社,,行田市真名板1312,https://www.saitama-jinjacho.or.jp/shrine/10128/
Saitama,前玉神社,,行田市埼玉5450,https://www.saitama-jinjacho.or.jp/shrine/10129/
Saitama,宇賀神社,,行田市埼玉2739,https://www.saitama-jinjacho.or.jp/shrine/10130/
Saitama,天満天神社,,行田市荒木2091,https://www.saitama-jinjacho.or.jp/shrine/10131/
Saitama,藤間神社,,行田市藤間453,https://www.saitama-jinjacho.or.jp/shrine/10132/
Saitama,氷川神社,,行田市野８８５−１,https://www.saitama-jinjacho.or.jp/shrine/10134/
Saitama,大道神社,,越谷市大道95,https://www.saitama-jinjacho.or.jp/shrine/10137/
Saitama,香取神社,,越谷市三野宮333,https://www.saitama-jinjacho.or.jp/shrine/10138/
Saitama,香取神社,,越谷市大林311,https://www.saitama-jinjacho.or.jp/shrine/10139/
Saitama,稲荷神社,,越谷市北越谷4-12-3,https://www.saitama-jinjacho.or.jp/shrine/10140/
Saitama,稲荷神社,,越谷市登戸町340,https://www.saitama-jinjacho.or.jp/shrine/10141/
Saitama,久伊豆神社,,越谷市蒲生1-10,https://www.saitama-jinjacho.or.jp/shrine/10142/
Saitama,香取神社,,越谷市東越谷1-15-13,https://www.saitama-jinjacho.or.jp/shrine/10143/
Saitama,神明神社,,越谷市東越谷1-12-6,https://www.saitama-jinjacho.or.jp/shrine/10144/
Saitama,八幡神社,,越谷市川柳町3-191,https://www.saitama-jinjacho.or.jp/shrine/10145/
Saitama,伊南理神社,,越谷市東町5-251,https://www.saitama-jinjacho.or.jp/shrine/10146/
Saitama,水神社,,越谷市東町2-76-1,https://www.saitama-jinjacho.or.jp/shrine/10147/
Saitama,久伊豆神社,,越谷市大成町1-2159,https://www.saitama-jinjacho.or.jp/shrine/10148/
Saitama,八坂神社,,越谷市大成町1-71,https://www.saitama-jinjacho.or.jp/shrine/10149/
Saitama,日枝神社,,越谷市東町3-100-1,https://www.saitama-jinjacho.or.jp/shrine/10150/
Saitama,女体神社,,越谷市川柳町5-284,https://www.saitama-jinjacho.or.jp/shrine/10151/
Saitama,久伊豆神社,,越谷市川柳町2-196,https://www.saitama-jinjacho.or.jp/shrine/10152/
Saitama,香取神社,,越谷市大泊19,https://www.saitama-jinjacho.or.jp/shrine/10153/
Saitama,稲荷神社,,越谷市平方846,https://www.saitama-jinjacho.or.jp/shrine/10154/
Saitama,鹿島神社,,越谷市平方489,https://www.saitama-jinjacho.or.jp/shrine/10155/
Saitama,香取神社,,越谷市平方685,https://www.saitama-jinjacho.or.jp/shrine/10156/
Saitama,香取神社,,越谷市平方1275,https://www.saitama-jinjacho.or.jp/shrine/10157/
Saitama,稲荷神社,,越谷市中島1-56,https://www.saitama-jinjacho.or.jp/shrine/10158/
Saitama,河原神社,,行田市南河原386,https://www.saitama-jinjacho.or.jp/shrine/10166/
Saitama,御嶽神社,,行田市犬塚1406,https://www.saitama-jinjacho.or.jp/shrine/10168/
Saitama,角折神社,,本庄市都島235,https://www.saitama-jinjacho.or.jp/shrine/10170/
Saitama,二柱神社,,本庄市下野堂1-21-2,https://www.saitama-jinjacho.or.jp/shrine/10171/
Saitama,智方神社,,本庄市小島179,https://www.saitama-jinjacho.or.jp/shrine/10172/
Saitama,一之神社,,本庄市田中134,https://www.saitama-jinjacho.or.jp/shrine/10173/
Saitama,飯玉神社,,本庄市沼和田926,https://www.saitama-jinjacho.or.jp/shrine/10174/
Saitama,日枝神社,,本庄市山王堂228-1,https://www.saitama-jinjacho.or.jp/shrine/10175/
Saitama,金鑽神社,,本庄市栄3丁目400,https://www.saitama-jinjacho.or.jp/shrine/10176/
Saitama,熊野十二社神社,,本庄市東富田301,https://www.saitama-jinjacho.or.jp/shrine/10177/
Saitama,諏訪神社,,本庄市堀田297,https://www.saitama-jinjacho.or.jp/shrine/10178/
Saitama,諏訪神社,,本庄市堀田1059,https://www.saitama-jinjacho.or.jp/shrine/10179/
Saitama,諏訪神社,,本庄市上仁手212,https://www.saitama-jinjacho.or.jp/shrine/10180/
Saitama,滝瀬神社,,本庄市滝瀬1218,https://www.saitama-jinjacho.or.jp/shrine/10181/
Saitama,諏訪神社,,本庄市仁手353,https://www.saitama-jinjacho.or.jp/shrine/10182/
Saitama,稲荷神社,,本庄市久々宇172,https://www.saitama-jinjacho.or.jp/shrine/10183/
Saitama,浅間神社,,本庄市鵜森248,https://www.saitama-jinjacho.or.jp/shrine/10184/
Saitama,御霊稲荷神社,,本庄市児玉町保木野314,https://www.saitama-jinjacho.or.jp/shrine/10185/
Saitama,十二神社,,本庄市児玉町田端312,https://www.saitama-jinjacho.or.jp/shrine/10186/
Saitama,金鑽神社,,本庄市児玉町河内25-1,https://www.saitama-jinjacho.or.jp/shrine/10187/
Saitama,三嶋愛宕神社,,本庄市児玉町高柳138,https://www.saitama-jinjacho.or.jp/shrine/10188/
Saitama,稲聚神社,,本庄市児玉町稲沢360,https://www.saitama-jinjacho.or.jp/shrine/10189/
Saitama,岩上神社,,本庄市児玉町太駄293-1,https://www.saitama-jinjacho.or.jp/shrine/10190/
Saitama,富士浅間神社,,本庄市児玉町高柳267-1,https://www.saitama-jinjacho.or.jp/shrine/10191/
Saitama,種池神社,,本庄市児玉町八幡山337,https://www.saitama-jinjacho.or.jp/shrine/10192/
Saitama,石神神社,,本庄市児玉町小平1,https://www.saitama-jinjacho.or.jp/shrine/10193/
Saitama,日本神社,,本庄市児玉町小平1578,https://www.saitama-jinjacho.or.jp/shrine/10194/
Saitama,飯玉神社,,本庄市児玉町長沖331,https://www.saitama-jinjacho.or.jp/shrine/10195/
Saitama,白鬚神社,,本庄市児玉町金屋1164,https://www.saitama-jinjacho.or.jp/shrine/10196/
Saitama,諏訪神社,,本庄市児玉町塩谷599,https://www.saitama-jinjacho.or.jp/shrine/10197/
Saitama,若宮神社,,本庄市児玉町宮内1010,https://www.saitama-jinjacho.or.jp/shrine/10198/
Saitama,八幡神社,,本庄市児玉町下浅見879,https://www.saitama-jinjacho.or.jp/shrine/10199/
Saitama,住吉神社,,本庄市児玉町飯倉836,https://www.saitama-jinjacho.or.jp/shrine/10200/
Saitama,天神社,,本庄市児玉町秋山2813,https://www.saitama-jinjacho.or.jp/shrine/10201/
Saitama,河原神社,,本庄市児玉町秋山1401,https://www.saitama-jinjacho.or.jp/shrine/10202/
Saitama,新蔵人神社,,本庄市児玉町秋山242,https://www.saitama-jinjacho.or.jp/shrine/10203/
Saitama,駒形神社,,本庄市児玉町蛭川214,https://www.saitama-jinjacho.or.jp/shrine/10204/
Saitama,金鑽神社,,本庄市児玉町入浅見899,https://www.saitama-jinjacho.or.jp/shrine/10205/
Saitama,金佐奈神社,,本庄市児玉町下真下149,https://www.saitama-jinjacho.or.jp/shrine/10206/
Saitama,金鑽神社,,本庄市児玉町上真下186,https://www.saitama-jinjacho.or.jp/shrine/10207/
Saitama,日枝神社,,本庄市児玉町吉田林925,https://www.saitama-jinjacho.or.jp/shrine/10208/
Saitama,菅原神社,,上里町帯刀235,https://www.saitama-jinjacho.or.jp/shrine/10209/
Saitama,天神社,,上里町五明871,https://www.saitama-jinjacho.or.jp/shrine/10210/
Saitama,丹生神社,,上里町勅使河原1368,https://www.saitama-jinjacho.or.jp/shrine/10211/
Saitama,金窪神社,,上里町金久保1052,https://www.saitama-jinjacho.or.jp/shrine/10212/
Saitama,黛神社,,上里町黛1,https://www.saitama-jinjacho.or.jp/shrine/10213/
Saitama,嘉美神社,,上里町嘉美610,https://www.saitama-jinjacho.or.jp/shrine/10214/
Saitama,熊野神社,,上里町堤1204,https://www.saitama-jinjacho.or.jp/shrine/10215/
Saitama,今城青坂稲実池上神社,,上里町忍保1115,https://www.saitama-jinjacho.or.jp/shrine/10216/
Saitama,石神社,,上里町神保原町965,https://www.saitama-jinjacho.or.jp/shrine/10217/
Saitama,七本木神社,,上里町七本木3237,https://www.saitama-jinjacho.or.jp/shrine/10218/
Saitama,諏訪神社,,上里町三町720,https://www.saitama-jinjacho.or.jp/shrine/10219/
Saitama,長幡部神社,,上里町長浜1370,https://www.saitama-jinjacho.or.jp/shrine/10220/
Saitama,丹生神社,,上里町長浜1294,https://www.saitama-jinjacho.or.jp/shrine/10221/
Saitama,皇大神社,,上里町長浜336,https://www.saitama-jinjacho.or.jp/shrine/10222/
Saitama,皇大神社,,上里町長浜494,https://www.saitama-jinjacho.or.jp/shrine/10223/
Saitama,稲荷神社,,上里町八町河原2266,https://www.saitama-jinjacho.or.jp/shrine/10224/
Saitama,浅間神社,,上里町大御堂736,https://www.saitama-jinjacho.or.jp/shrine/10225/
Saitama,三嶋神社,,上里町大御堂1131,https://www.saitama-jinjacho.or.jp/shrine/10226/
Saitama,諏訪神社,,上里町藤木戸138,https://www.saitama-jinjacho.or.jp/shrine/10227/
Saitama,西大澤神社,,美里町大字白石353,https://www.saitama-jinjacho.or.jp/shrine/10228/
Saitama,松久神社,,美里町木部549,https://www.saitama-jinjacho.or.jp/shrine/10229/
Saitama,甘粕神社,,美里町甘粕634,https://www.saitama-jinjacho.or.jp/shrine/10230/
Saitama,雷電神社,,美里町中里8,https://www.saitama-jinjacho.or.jp/shrine/10231/
Saitama,北向神社,,美里町古郡257,https://www.saitama-jinjacho.or.jp/shrine/10232/
Saitama,稲荷神社,,美里町駒衣595,https://www.saitama-jinjacho.or.jp/shrine/10233/
Saitama,金鑽神社,,美里町下児玉322,https://www.saitama-jinjacho.or.jp/shrine/10234/
Saitama,児玉神社,,美里町大字関374,https://www.saitama-jinjacho.or.jp/shrine/10235/
Saitama,河輪神社,,美里町阿那志1663,https://www.saitama-jinjacho.or.jp/shrine/10236/
Saitama,浅間神社,,美里町関1947,https://www.saitama-jinjacho.or.jp/shrine/10237/
Saitama,北向神社,,美里町沼上1,https://www.saitama-jinjacho.or.jp/shrine/10238/
Saitama,初玉稲荷神社,,美里町南十条549,https://www.saitama-jinjacho.or.jp/shrine/10239/
Saitama,勝丸稲荷神社,,美里町根木337,https://www.saitama-jinjacho.or.jp/shrine/10240/
Saitama,北向神社,,美里町北十条595,https://www.saitama-jinjacho.or.jp/shrine/10241/
Saitama,木宮神社,,神川町渡瀬737,https://www.saitama-jinjacho.or.jp/shrine/10242/
Saitama,伊勢大神社,,神川町二ノ宮5－ロ,https://www.saitama-jinjacho.or.jp/shrine/10243/
Gifu,熊野神社,くまのじんじゃ,岐阜県羽島市福寿町間島3丁目46番地,https://www.gifu-jinjacho.jp/syosai.php?shrno=250
Gifu,聖神社,ひじりじんじゃ,岐阜県羽島市福寿町間島5丁目30番地,https://www.gifu-jinjacho.jp/syosai.php?shrno=251
Gifu,神明神社,しんめいじんじゃ,岐阜県羽島市福寿町本郷本郷479番地の1,https://www.gifu-jinjacho.jp/syosai.php?shrno=252
Gifu,津島神社,つしまじんじゃ,岐阜県羽島市福寿町浅平4丁目9番地,https://www.gifu-jinjacho.jp/syosai.php?shrno=253
Gifu,八幡神社,はちまんじんじゃ,岐阜県羽島市福寿町平方字土取182番地,https://www.gifu-jinjacho.jp/syosai.php?shrno=254
Gifu,白山神社,はくさんじんじゃ,岐阜県羽島市小熊町外粟野字東出3724番地,https://www.gifu-jinjacho.jp/syosai.php?shrno=255
Gifu,白山神社,はくさんじんじゃ,岐阜県羽島市小熊町内粟野字粟野6097の1,https://www.gifu-jinjacho.jp/syosai.php?shrno=256
Gifu,天神神社,てんじんじんじゃ,岐阜県羽島市小熊町江頭字東江頭990番地,https://www.gifu-jinjacho.jp/syosai.php?shrno=257
Gifu,神明八幡神社,しんめいはちまんじんじゃ,岐阜県羽島市小熊町島字宮西213番地,https://www.gifu-jinjacho.jp/syosai.php?shrno=258
Gifu,若宮八幡神社,わかみやはちまんじんじゃ,岐阜県羽島市小熊町川口字村附13番地の9,https://www.gifu-jinjacho.jp/syosai.php?shrno=259
Gifu,素盞鳴神社,すさのおじんじゃ,岐阜県羽島市小熊町天王1丁目46番地,https://www.gifu-jinjacho.jp/syosai.php?shrno=260
Gifu,八幡神社,はちまんじんじゃ,岐阜県羽島市小熊町東小熊字新地3171番地,https://www.gifu-jinjacho.jp/syosai.php?shrno=261
Gifu,八剣神社,はっけんじんじゃ,岐阜県羽島市小熊町相田字10番地4807番地,https://www.gifu-jinjacho.jp/syosai.php?shrno=262
Gifu,豊受神社,とようけじんじゃ,岐阜県羽島市小熊町新生182番地の2,https://www.gifu-jinjacho.jp/syosai.php?shrno=263
Gifu,神明神社,しんめいじんじゃ,岐阜県羽島市小熊町西小熊字3番地所1502の1,https://www.gifu-jinjacho.jp/syosai.php?shrno=264
Gifu,阿蘇神社,あそじんじゃ,岐阜県羽島市小熊町西小熊字中山12番地所1577番地の3,https://www.gifu-jinjacho.jp/syosai.php?shrno=265
Gifu,市杵島神社,いちきしまじんじゃ,岐阜県羽島市小熊町西小熊字法白3079,https://www.gifu-jinjacho.jp/syosai.php?shrno=266
Gifu,洲原神社,すはらじんじゃ,岐阜県羽島市小熊町西小熊字東向45番地所1463番地,https://www.gifu-jinjacho.jp/syosai.php?shrno=267
Gifu,洞神社,ほらじんじゃ,岐阜県羽島市舟橋町549番地,https://www.gifu-jinjacho.jp/syosai.php?shrno=268
Gifu,神明神社,しんめいじんじゃ,岐阜県羽島市上中町長間607番地,https://www.gifu-jinjacho.jp/syosai.php?shrno=269
Gifu,白鬚神社,しらひげじんじゃ,岐阜県羽島市上中町一色21番地,https://www.gifu-jinjacho.jp/syosai.php?shrno=270
Gifu,春日神社,かすがじんじゃ,岐阜県羽島市下中町加賀野井501番地,https://www.gifu-jinjacho.jp/syosai.php?shrno=271
Gifu,神明神社,しんめいじんじゃ,岐阜県羽島市下中町城屋敷250番地の1,https://www.gifu-jinjacho.jp/syosai.php?shrno=272
Gifu,稲荷神社,いなりじんじゃ,岐阜県羽島市下中町石田石田木曾川堤塘地,https://www.gifu-jinjacho.jp/syosai.php?shrno=273
Gifu,櫟江神社,いちえじんしゃ,岐阜県羽島市下中町市之枝6丁目35番地,https://www.gifu-jinjacho.jp/syosai.php?shrno=274
Saitama,日枝神社,,神川町四軒在家134,https://www.saitama-jinjacho.or.jp/shrine/10244/
Saitama,今城青坂稲実池上神社,,神川町関口38,https://www.saitama-jinjacho.or.jp/shrine/10245/
Saitama,小松神社,,神川町小浜640,https://www.saitama-jinjacho.or.jp/shrine/10246/
Saitama,日枝神社,,神川町植竹602,https://www.saitama-jinjacho.or.jp/shrine/10247/
Saitama,御霊神社,,神川町中新里48,https://www.saitama-jinjacho.or.jp/shrine/10248/
Saitama,白岩神社,,神川町新里2079,https://www.saitama-jinjacho.or.jp/shrine/10249/
Saitama,八幡神社,,神川町新宿284,https://www.saitama-jinjacho.or.jp/shrine/10250/
Saitama,守神神社,,神川町池田849,https://www.saitama-jinjacho.or.jp/shrine/10251/
Saitama,四阿山神社,,神川町下阿久原1369,https://www.saitama-jinjacho.or.jp/shrine/10252/
Saitama,丹生神社,,神川町上阿久原1-1,https://www.saitama-jinjacho.or.jp/shrine/10253/
Saitama,稲荷奈広合殿社,,羽生市下岩瀬191,https://www.saitama-jinjacho.or.jp/shrine/10254/
Saitama,八幡神社,,羽生市下岩瀬528,https://www.saitama-jinjacho.or.jp/shrine/10255/
Saitama,愛宕神社,,羽生市中岩瀬1247,https://www.saitama-jinjacho.or.jp/shrine/10256/
Saitama,伊奈利神社,,羽生市中岩瀬750,https://www.saitama-jinjacho.or.jp/shrine/10257/
Saitama,御霊神社,,羽生市上岩瀬632,https://www.saitama-jinjacho.or.jp/shrine/10258/
Saitama,浅間神社,,羽生市上岩瀬8,https://www.saitama-jinjacho.or.jp/shrine/10259/
Saitama,桑崎三神社,,羽生市桑崎723,https://www.saitama-jinjacho.or.jp/shrine/10260/
Saitama,厳島神社,,羽生市下羽生634,https://www.saitama-jinjacho.or.jp/shrine/10261/
Saitama,古江宮田合殿社,,羽生市西1-13-1,https://www.saitama-jinjacho.or.jp/shrine/10262/
Saitama,八雲神社,,羽生市中央4－3－2,https://www.saitama-jinjacho.or.jp/shrine/10263/
Saitama,天神社,,羽生市東５－７,https://www.saitama-jinjacho.or.jp/shrine/10264/
Saitama,愛宕神社,,羽生市中央４－１１,https://www.saitama-jinjacho.or.jp/shrine/10265/
Saitama,神明社,,羽生市中央４－３－２,https://www.saitama-jinjacho.or.jp/shrine/10266/
Saitama,護国神社,,羽生市北１－５－１７,https://www.saitama-jinjacho.or.jp/shrine/10267/
Saitama,八幡神社,,羽生市須影1568,https://www.saitama-jinjacho.or.jp/shrine/10268/
Saitama,愛宕神社,,羽生市砂山142,https://www.saitama-jinjacho.or.jp/shrine/10269/
Saitama,田中神社,,羽生市下川崎971,https://www.saitama-jinjacho.or.jp/shrine/10270/
Saitama,八幡神社,,羽生市加羽ケ崎637,https://www.saitama-jinjacho.or.jp/shrine/10271/
Saitama,鷲宮神社,,羽生市秀安112,https://www.saitama-jinjacho.or.jp/shrine/10272/
Saitama,御嶽神社,,羽生市秀安411-1,https://www.saitama-jinjacho.or.jp/shrine/10273/
Saitama,浅間神社,,羽生市上新郷4705,https://www.saitama-jinjacho.or.jp/shrine/10274/
Saitama,住吉神社,,羽生市上新郷3842,https://www.saitama-jinjacho.or.jp/shrine/10275/
Saitama,大物忌神社,,羽生市下新田1314,https://www.saitama-jinjacho.or.jp/shrine/10276/
Saitama,愛宕神社,,羽生市上新郷6728,https://www.saitama-jinjacho.or.jp/shrine/10277/
Saitama,白山神社,,羽生市上新郷7295,https://www.saitama-jinjacho.or.jp/shrine/10278/
Saitama,天神社,,羽生市上新郷1996,https://www.saitama-jinjacho.or.jp/shrine/10279/
Saitama,天神社,,羽生市下新郷183-1,https://www.saitama-jinjacho.or.jp/shrine/10280/
Saitama,大天白神社,,羽生市北２－８－３２,https://www.saitama-jinjacho.or.jp/shrine/10281/
Saitama,天神社,,羽生市小須賀927,https://www.saitama-jinjacho.or.jp/shrine/10282/
Saitama,天神社,,羽生市上川俣1401,https://www.saitama-jinjacho.or.jp/shrine/10283/
Saitama,長良神社,,羽生市本川俣1213-5,https://www.saitama-jinjacho.or.jp/shrine/10284/
Saitama,諏訪神社,,羽生市稲子1241,https://www.saitama-jinjacho.or.jp/shrine/10285/
Saitama,香取神社,,羽生市藤井上組778,https://www.saitama-jinjacho.or.jp/shrine/10286/
Saitama,八幡神社,,羽生市今泉265,https://www.saitama-jinjacho.or.jp/shrine/10287/
Saitama,鷲神社,,羽生市発戸1653,https://www.saitama-jinjacho.or.jp/shrine/10288/
Saitama,鷲神社,,羽生市尾崎705,https://www.saitama-jinjacho.or.jp/shrine/10289/
Saitama,神明神社,,羽生市北袋292,https://www.saitama-jinjacho.or.jp/shrine/10290/
Saitama,豊武神社,,羽生市下手子林959,https://www.saitama-jinjacho.or.jp/shrine/10291/
Saitama,八幡神社,,羽生市中手子林1069,https://www.saitama-jinjacho.or.jp/shrine/10292/
Saitama,天神社,,羽生市北荻島119,https://www.saitama-jinjacho.or.jp/shrine/10293/
Saitama,鷲神社,,羽生市下村君2227,https://www.saitama-jinjacho.or.jp/shrine/10294/
Saitama,雷電神社,,羽生市上村君809,https://www.saitama-jinjacho.or.jp/shrine/10295/
Saitama,避来矢神社,,羽生市上村君191,https://www.saitama-jinjacho.or.jp/shrine/10296/
Saitama,常木神社,,羽生市常木1135,https://www.saitama-jinjacho.or.jp/shrine/10297/
Saitama,八幡神社,,羽生市名808-1,https://www.saitama-jinjacho.or.jp/shrine/10298/
Saitama,千方神社,,羽生市堤869,https://www.saitama-jinjacho.or.jp/shrine/10299/
Saitama,八幡神社,,羽生市三田ケ谷271,https://www.saitama-jinjacho.or.jp/shrine/10300/
Saitama,八幡神社,,羽生市日野手新田181-1,https://www.saitama-jinjacho.or.jp/shrine/10301/
Saitama,八幡神社,,羽生市喜右エ門新田1498,https://www.saitama-jinjacho.or.jp/shrine/10302/
Saitama,天神社,,羽生市上川崎289,https://www.saitama-jinjacho.or.jp/shrine/10303/
Saitama,稲荷神社,,羽生市与兵エ新田260,https://www.saitama-jinjacho.or.jp/shrine/10304/
Saitama,愛宕神社,,羽生市喜右エ門新田1151,https://www.saitama-jinjacho.or.jp/shrine/10305/
Saitama,長良神社,,羽生市弥勒1543,https://www.saitama-jinjacho.or.jp/shrine/10306/
Saitama,八坂神社,,行田市下須戸2840,https://www.saitama-jinjacho.or.jp/shrine/10307/
Saitama,御嶽神社,,行田市下須戸2727,https://www.saitama-jinjacho.or.jp/shrine/10308/
Saitama,日枝神社,,行田市小針1990,https://www.saitama-jinjacho.or.jp/shrine/10314/
Saitama,久伊豆神社,,行田市野647,https://www.saitama-jinjacho.or.jp/shrine/10316/
Saitama,下忍神社,,行田市下忍1160,https://www.saitama-jinjacho.or.jp/shrine/10317/
Saitama,常世岐姫神社,,行田市渡柳1479,https://www.saitama-jinjacho.or.jp/shrine/10318/
Saitama,伊奈利神社天神社合殿,,行田市堤根742,https://www.saitama-jinjacho.or.jp/shrine/10319/
Saitama,天神社,,行田市樋上187,https://www.saitama-jinjacho.or.jp/shrine/10320/
Saitama,愛宕神社,,行田市荒木3731,https://www.saitama-jinjacho.or.jp/shrine/10321/
Saitama,諏訪神社,,行田市持田6035,https://www.saitama-jinjacho.or.jp/shrine/10322/
Saitama,天神社,,行田市持田5994,https://www.saitama-jinjacho.or.jp/shrine/10323/
Saitama,天神社,,行田市駒形2－6－6,https://www.saitama-jinjacho.or.jp/shrine/10324/
